Age,Gender,Item Purchased,Purchase Amount (USD),Location,Size,Color,Review Rating,Subscription Status,Discount Applied,Promo Code Used,Previous Purchases,Frequency of Purchases,Category_clothing,Category_footwear,Category_outerwear,Season_spring,Season_summer,Season_winter,Shipping Type_express,Shipping Type_free shipping,Shipping Type_next day air,Shipping Type_standard,Shipping Type_store pickup,Payment Method_cash,Payment Method_credit card,Payment Method_debit card,Payment Method_paypal,Payment Method_venmo,Purchase_Amount_Bins,Age_Group,Review_Sentiment
55,1,blouse,53,kentucky,2,gray,3.1,1,1,1,14,26,True,False,False,False,False,True,True,False,False,False,False,False,False,False,False,True,medium,55-64,neutral
19,1,sweater,64,maine,2,maroon,3.1,1,1,1,2,26,True,False,False,False,False,True,True,False,False,False,False,True,False,False,False,False,medium,18-24,neutral
50,1,jeans,73,massachusetts,0,maroon,3.1,1,1,1,23,52,True,False,False,True,False,False,False,True,False,False,False,False,True,False,False,False,medium,45-54,neutral
21,1,sandals,90,rhode island,1,maroon,3.5,1,1,1,49,52,False,True,False,True,False,False,False,False,True,False,False,False,False,False,True,False,high,18-24,neutral
45,1,blouse,49,oregon,1,turquoise,2.7,1,1,1,31,1,True,False,False,True,False,False,False,True,False,False,False,False,False,False,True,False,medium,45-54,negative
46,1,sneakers,20,wyoming,1,white,2.9,1,1,1,14,52,False,True,False,False,True,False,False,False,False,True,False,False,False,False,False,True,low,45-54,negative
63,1,shirt,85,montana,1,gray,3.2,1,1,1,49,4,True,False,False,False,False,False,False,True,False,False,False,True,False,False,False,False,high,55-64,neutral
27,1,shorts,34,louisiana,2,charcoal,3.2,1,1,1,19,52,True,False,False,False,False,True,False,True,False,False,False,False,True,False,False,False,low,25-34,neutral
26,1,coat,97,west virginia,2,silver,2.6,1,1,1,8,1,False,False,True,False,True,False,True,False,False,False,False,False,False,False,False,True,high,25-34,negative
57,1,handbag,31,missouri,1,pink,4.8,1,1,1,4,4,False,False,False,True,False,False,False,False,False,False,False,True,False,False,False,False,low,55-64,positive
53,1,shoes,34,arkansas,2,purple,4.1,1,1,1,26,26,False,True,False,False,False,False,False,False,False,False,True,False,False,False,False,False,low,45-54,positive
30,1,shorts,68,hawaii,0,olive,4.9,1,1,1,10,26,True,False,False,False,False,True,False,False,False,False,True,False,False,False,False,False,medium,25-34,positive
61,1,coat,72,delaware,1,gold,4.5,1,1,1,37,26,False,False,True,False,False,True,True,False,False,False,False,False,False,False,False,True,medium,55-64,positive
65,1,dress,51,new hampshire,1,violet,4.7,1,1,1,31,52,True,False,False,True,False,False,True,False,False,False,False,False,False,False,True,False,medium,65+,positive
64,1,coat,53,new york,2,teal,4.7,1,1,1,34,52,False,False,True,False,False,True,False,True,False,False,False,False,False,True,False,False,medium,55-64,positive
64,1,skirt,81,rhode island,1,teal,2.8,1,1,1,8,12,True,False,False,False,False,True,False,False,False,False,True,False,False,False,True,False,high,55-64,negative
25,1,sunglasses,36,alabama,0,gray,4.1,1,1,1,44,26,False,False,False,True,False,False,False,False,True,False,False,False,False,True,False,False,low,25-34,positive
53,1,dress,38,mississippi,3,lavender,4.7,1,1,1,36,4,True,False,False,False,False,True,False,False,False,False,False,False,False,False,False,True,low,45-54,positive
52,1,sweater,48,montana,0,black,4.6,1,1,1,17,52,True,False,False,False,True,False,False,True,False,False,False,True,False,False,False,False,medium,45-54,positive
66,1,pants,90,rhode island,1,green,3.3,1,1,1,46,26,True,False,False,False,True,False,False,False,False,True,False,False,False,True,False,False,high,65+,neutral
21,1,pants,51,louisiana,1,black,2.8,1,1,1,50,4,True,False,False,False,False,True,True,False,False,False,False,True,False,False,False,False,medium,18-24,negative
31,1,pants,62,north carolina,1,charcoal,4.1,1,1,1,22,4,True,False,False,False,False,True,False,False,False,False,True,False,False,True,False,False,medium,25-34,positive
56,1,pants,37,california,1,peach,3.2,1,1,1,32,1,True,False,False,False,True,False,False,False,False,False,True,False,False,True,False,False,low,55-64,neutral
31,1,pants,88,oklahoma,3,white,4.4,1,1,1,40,52,True,False,False,False,False,True,True,False,False,False,False,False,True,False,False,False,high,25-34,positive
18,1,jacket,22,florida,1,green,2.9,1,1,1,16,52,False,False,True,False,False,False,False,False,False,False,True,False,False,True,False,False,low,18-24,negative
18,1,hoodie,25,texas,1,silver,3.6,1,1,1,14,1,True,False,False,False,True,False,True,False,False,False,False,False,False,False,True,False,low,18-24,neutral
38,1,jewelry,20,nevada,1,red,3.6,1,1,1,13,1,False,False,False,True,False,False,False,False,True,False,False,False,True,False,False,False,low,35-44,neutral
56,1,shorts,56,kentucky,2,cyan,5.0,1,1,1,7,4,True,False,False,False,True,False,False,False,True,False,False,False,False,False,False,False,medium,55-64,positive
54,1,handbag,94,north carolina,1,gray,4.4,1,1,1,41,4,False,False,False,False,False,False,False,True,False,False,False,False,False,False,True,False,high,45-54,positive
31,1,dress,48,wyoming,0,black,4.1,1,1,1,14,52,True,False,False,False,False,False,False,False,False,False,True,False,True,False,False,False,medium,25-34,positive
57,1,jewelry,31,north carolina,2,black,4.7,1,1,1,16,12,False,False,False,False,False,True,False,False,False,True,False,False,True,False,False,False,low,55-64,positive
33,1,dress,79,west virginia,2,brown,4.7,1,1,1,45,12,True,False,False,False,False,True,False,False,False,False,True,False,False,False,False,True,high,25-34,positive
36,1,jacket,67,kansas,1,silver,4.9,1,1,1,37,1,False,False,True,False,True,False,False,True,False,False,False,False,False,False,False,True,medium,35-44,positive
54,1,pants,38,colorado,2,green,3.3,1,1,1,45,4,True,False,False,False,True,False,False,False,False,False,True,True,False,False,False,False,low,45-54,neutral
36,1,t-shirt,91,north dakota,2,violet,4.6,1,1,1,38,4,True,False,False,True,False,False,False,False,False,False,False,False,False,False,True,False,high,35-44,positive
54,1,blouse,33,massachusetts,1,cyan,4.0,1,1,1,48,26,True,False,False,False,True,False,False,False,False,False,False,False,True,False,False,False,low,45-54,positive
35,1,t-shirt,69,illinois,1,maroon,4.6,1,1,1,44,26,True,False,False,False,False,True,False,True,False,False,False,False,False,False,True,False,medium,35-44,positive
35,1,jeans,45,indiana,0,cyan,2.8,1,1,1,10,52,True,False,False,False,True,False,False,False,False,False,True,False,False,False,True,False,low,35-44,negative
29,1,dress,37,florida,1,red,3.7,1,1,1,44,4,True,False,False,False,False,True,False,False,False,False,False,False,False,False,False,True,low,25-34,neutral
70,1,pants,60,arizona,0,turquoise,4.2,1,1,1,18,12,True,False,False,False,True,False,True,False,False,False,False,False,True,False,False,False,medium,65+,positive
69,1,handbag,76,louisiana,2,beige,4.6,1,1,1,31,4,False,False,False,False,False,True,False,False,True,False,False,False,False,True,False,False,high,65+,positive
67,1,scarf,39,alaska,1,orange,4.5,1,1,1,40,1,False,False,False,True,False,False,False,False,False,True,False,False,False,False,False,True,low,65+,positive
20,1,coat,100,tennessee,1,beige,4.1,1,1,1,15,1,False,False,True,True,False,False,False,True,False,False,False,False,False,False,True,False,high,18-24,positive
25,1,scarf,69,ohio,2,lavender,3.7,1,1,1,19,26,False,False,False,False,False,False,False,False,False,False,True,False,False,False,True,False,medium,25-34,neutral
39,1,hat,53,kentucky,0,silver,4.6,1,1,1,45,52,False,False,False,False,True,False,False,True,False,False,False,False,False,False,True,False,medium,35-44,positive
50,1,socks,21,tennessee,3,indigo,2.9,1,1,1,25,1,True,False,False,False,False,False,False,False,False,False,False,False,False,False,True,False,low,45-54,negative
57,1,shirt,43,california,2,white,2.9,1,1,1,45,4,True,False,False,False,True,False,False,False,False,False,True,True,False,False,False,False,low,55-64,negative
55,1,jewelry,54,montana,1,charcoal,4.5,1,1,1,36,52,False,False,False,False,False,True,False,True,False,False,False,True,False,False,False,False,medium,55-64,positive
42,1,shirt,55,nevada,1,orange,2.7,1,1,1,38,12,True,False,False,False,True,False,False,False,False,False,True,True,False,False,False,False,medium,35-44,negative
68,1,hoodie,30,new jersey,0,indigo,4.6,1,1,1,34,26,True,False,False,True,False,False,False,False,True,False,False,False,False,True,False,False,low,65+,positive
49,1,blouse,28,maryland,1,red,3.7,1,1,1,39,26,True,False,False,True,False,False,False,False,False,False,True,False,False,True,False,False,low,45-54,neutral
59,1,skirt,59,vermont,3,gray,4.7,1,1,1,7,4,True,False,False,False,False,True,False,False,False,False,False,False,True,False,False,False,medium,55-64,positive
42,1,t-shirt,20,alaska,1,green,2.6,1,1,1,26,52,True,False,False,False,True,False,False,True,False,False,False,False,True,False,False,False,low,35-44,negative
29,1,skirt,24,mississippi,0,peach,3.9,1,1,1,35,52,True,False,False,False,False,True,False,False,True,False,False,False,True,False,False,False,low,25-34,neutral
47,1,coat,94,new mexico,1,brown,4.2,1,1,1,35,26,False,False,True,False,True,False,False,False,True,False,False,False,False,True,False,False,high,45-54,positive
40,1,jacket,28,south carolina,1,lavender,3.0,1,1,1,49,1,False,False,True,False,False,True,False,False,False,False,False,False,True,False,False,False,low,35-44,neutral
41,1,backpack,73,mississippi,3,brown,4.7,1,1,1,46,52,False,False,False,False,True,False,False,False,False,False,True,False,True,False,False,False,medium,35-44,positive
21,1,coat,64,west virginia,1,white,4.4,1,1,1,17,26,False,False,True,False,True,False,False,False,False,False,True,False,False,True,False,False,medium,18-24,positive
69,1,hoodie,54,missouri,1,charcoal,4.2,1,1,1,29,12,True,False,False,False,True,False,False,True,False,False,False,False,False,False,False,True,medium,65+,positive
63,1,belt,79,louisiana,2,yellow,4.6,1,1,1,4,52,False,False,False,True,False,False,False,False,False,True,False,False,False,True,False,False,high,55-64,positive
50,1,sweater,37,idaho,2,brown,4.0,1,1,1,17,52,True,False,False,False,True,False,True,False,False,False,False,True,False,False,False,False,low,45-54,positive
55,1,scarf,68,texas,1,orange,4.7,1,1,1,21,4,False,False,False,False,False,True,False,False,False,False,True,False,True,False,False,False,medium,55-64,positive
30,1,sneakers,21,mississippi,0,magenta,3.8,1,1,1,31,26,False,True,False,True,False,False,False,True,False,False,False,False,True,False,False,False,low,25-34,neutral
33,1,sunglasses,79,arizona,2,lavender,2.7,1,1,1,43,52,False,False,False,False,False,True,False,False,False,False,False,False,True,False,False,False,high,25-34,negative
65,1,boots,83,alabama,0,green,4.8,1,1,1,18,26,False,True,False,False,False,False,False,False,False,True,False,False,False,True,False,False,high,65+,positive
65,1,backpack,36,new jersey,1,purple,4.8,1,1,1,44,4,False,False,False,True,False,False,False,False,False,False,False,False,False,False,False,True,low,65+,positive
31,1,blouse,94,pennsylvania,0,magenta,4.7,1,1,1,3,4,True,False,False,False,False,True,False,False,False,False,False,False,False,False,False,True,high,25-34,positive
45,1,coat,33,connecticut,2,gray,4.4,1,1,1,49,12,False,False,True,False,False,True,False,False,False,False,True,False,False,True,False,False,low,45-54,positive
57,1,handbag,46,utah,2,silver,3.9,1,1,1,21,4,False,False,False,False,True,False,False,False,True,False,False,True,False,False,False,False,medium,55-64,neutral
48,1,belt,70,tennessee,0,cyan,4.4,1,1,1,5,52,False,False,False,False,True,False,True,False,False,False,False,True,False,False,False,False,medium,45-54,positive
22,1,belt,29,alabama,1,magenta,4.2,1,1,1,32,4,False,False,False,False,False,False,True,False,False,False,False,False,False,True,False,False,low,18-24,positive
36,1,dress,48,virginia,2,gold,2.9,1,1,1,34,1,True,False,False,False,True,False,True,False,False,False,False,False,False,False,False,False,medium,35-44,negative
18,1,dress,26,georgia,1,olive,2.9,1,1,1,21,4,True,False,False,False,False,True,False,False,False,False,True,False,False,False,False,False,low,18-24,negative
48,1,pants,85,hawaii,1,teal,2.7,1,1,1,43,26,True,False,False,True,False,False,False,True,False,False,False,False,False,False,False,False,high,45-54,negative
49,1,gloves,58,indiana,2,violet,4.5,1,1,1,3,12,False,False,False,True,False,False,True,False,False,False,False,True,False,False,False,False,medium,45-54,positive
64,1,scarf,85,utah,1,blue,2.7,1,1,1,21,1,False,False,False,False,True,False,False,True,False,False,False,False,True,False,False,False,high,55-64,negative
50,1,hat,43,delaware,0,teal,4.2,1,1,1,32,12,False,False,False,False,True,False,False,True,False,False,False,False,False,False,False,True,low,45-54,positive
22,1,dress,53,delaware,2,gold,3.3,1,1,1,36,26,True,False,False,False,True,False,False,False,True,False,False,False,False,True,False,False,medium,18-24,neutral
50,1,skirt,91,nebraska,1,maroon,4.7,1,1,1,50,26,True,False,False,True,False,False,False,True,False,False,False,False,False,False,False,True,high,45-54,positive
38,1,jacket,96,iowa,1,olive,2.6,1,1,1,43,4,False,False,True,False,False,True,False,False,False,False,False,False,False,False,False,False,high,35-44,negative
19,1,sandals,72,new york,3,blue,3.3,1,1,1,24,4,False,True,False,False,True,False,False,False,False,False,True,False,True,False,False,False,medium,18-24,neutral
67,1,shoes,96,virginia,2,maroon,2.6,1,1,1,36,4,False,True,False,False,True,False,True,False,False,False,False,False,True,False,False,False,high,65+,negative
19,1,pants,28,georgia,0,olive,4.0,1,1,1,21,4,True,False,False,True,False,False,False,False,False,False,False,False,True,False,False,False,low,18-24,positive
36,1,dress,40,texas,1,turquoise,4.1,1,1,1,34,52,True,False,False,False,True,False,False,False,False,True,False,False,False,False,False,False,low,35-44,positive
52,1,coat,32,arizona,0,peach,4.4,1,1,1,42,4,False,False,True,True,False,False,False,False,False,True,False,False,False,False,False,False,low,45-54,positive
53,1,sunglasses,95,new mexico,1,charcoal,4.5,1,1,1,2,26,False,False,False,False,False,True,False,False,True,False,False,False,False,True,False,False,high,45-54,positive
24,1,hoodie,41,nevada,2,pink,3.7,1,1,1,47,26,True,False,False,True,False,False,False,False,False,False,False,True,False,False,False,False,low,18-24,neutral
52,1,shoes,53,ohio,1,green,3.7,1,1,1,44,26,False,True,False,False,False,False,False,False,False,False,False,False,False,True,False,False,medium,45-54,neutral
33,1,t-shirt,47,wyoming,1,orange,3.5,1,1,1,35,12,True,False,False,False,False,False,False,True,False,False,False,False,True,False,False,False,medium,25-34,neutral
47,1,jacket,83,california,3,pink,3.6,1,1,1,15,4,False,False,True,False,False,False,False,False,True,False,False,True,False,False,False,False,high,45-54,neutral
25,1,hat,48,south carolina,2,violet,2.9,1,1,1,29,12,False,False,False,False,True,False,True,False,False,False,False,False,True,False,False,False,medium,25-34,negative
44,1,scarf,99,south carolina,0,green,4.6,1,1,1,18,4,False,False,False,False,False,True,False,False,False,True,False,False,True,False,False,False,high,35-44,positive
61,1,jacket,87,texas,1,olive,4.4,1,1,1,13,4,False,False,True,False,False,True,False,False,False,False,False,False,False,False,False,True,high,55-64,positive
37,1,sweater,62,florida,1,purple,4.5,1,1,1,46,52,True,False,False,False,False,False,False,False,False,True,False,False,True,False,False,False,medium,35-44,positive
58,1,skirt,76,nevada,0,silver,4.6,1,1,1,28,52,True,False,False,True,False,False,False,True,False,False,False,False,True,False,False,False,high,55-64,positive
37,1,sneakers,100,missouri,2,pink,3.8,1,1,1,48,12,False,True,False,False,False,False,False,True,False,False,False,False,False,False,True,False,high,35-44,neutral
32,1,gloves,73,delaware,0,gold,3.6,1,1,1,43,4,False,False,False,True,False,False,True,False,False,False,False,False,False,False,False,True,medium,25-34,neutral
21,1,shoes,92,virginia,1,teal,4.8,1,1,1,37,1,False,True,False,False,False,True,False,False,False,False,True,True,False,False,False,False,high,18-24,positive
20,1,jeans,67,new york,3,teal,2.6,1,1,1,20,1,True,False,False,True,False,False,False,False,True,False,False,False,False,False,False,False,medium,18-24,negative
26,1,hoodie,40,missouri,3,indigo,3.7,1,1,1,33,4,True,False,False,False,True,False,True,False,False,False,False,False,False,True,False,False,low,25-34,neutral
62,1,sunglasses,98,south dakota,1,maroon,2.7,1,1,1,31,26,False,False,False,False,False,False,True,False,False,False,False,True,False,False,False,False,high,55-64,negative
27,1,coat,85,north dakota,3,white,4.6,1,1,1,50,26,False,False,True,True,False,False,True,False,False,False,False,False,True,False,False,False,high,25-34,positive
51,1,socks,67,oklahoma,2,violet,4.8,1,1,1,35,4,True,False,False,False,False,True,False,False,True,False,False,False,True,False,False,False,medium,45-54,positive
54,1,boots,89,west virginia,2,red,4.0,1,1,1,22,26,False,True,False,False,False,True,False,False,True,False,False,False,False,False,False,True,high,45-54,positive
55,1,sunglasses,24,new hampshire,2,pink,4.4,1,1,1,1,12,False,False,False,True,False,False,False,False,False,False,False,False,False,False,True,False,low,55-64,positive
69,1,backpack,96,new york,1,charcoal,3.6,1,1,1,4,1,False,False,False,False,False,False,False,False,True,False,False,False,False,False,False,False,high,65+,neutral
64,1,jacket,35,minnesota,2,white,3.7,1,1,1,31,12,False,False,True,False,True,False,False,False,False,True,False,False,True,False,False,False,low,55-64,neutral
28,1,sneakers,67,maryland,2,olive,3.1,1,1,1,46,26,False,True,False,False,False,True,False,False,True,False,False,False,False,False,True,False,medium,25-34,neutral
70,1,socks,79,montana,2,purple,3.4,1,1,1,32,26,True,False,False,True,False,False,False,False,True,False,False,False,False,False,False,False,high,65+,neutral
58,1,t-shirt,85,alabama,1,violet,2.6,1,1,1,43,26,True,False,False,True,False,False,False,False,True,False,False,False,False,False,False,False,high,55-64,negative
56,1,backpack,26,new york,1,black,4.0,1,1,1,26,26,False,False,False,False,True,False,False,False,False,True,False,False,False,False,False,True,low,55-64,positive
26,1,belt,75,massachusetts,2,purple,5.0,1,1,1,9,1,False,False,False,False,True,False,False,True,False,False,False,False,True,False,False,False,high,25-34,positive
37,1,gloves,65,florida,1,red,4.3,1,1,1,28,26,False,False,False,True,False,False,False,True,False,False,False,False,False,False,True,False,medium,35-44,positive
44,1,hat,54,new jersey,2,maroon,3.1,1,1,1,20,4,False,False,False,False,False,True,False,False,True,False,False,False,False,False,True,False,medium,35-44,neutral
70,1,coat,95,massachusetts,0,blue,3.7,1,1,1,9,52,False,False,True,False,True,False,False,False,False,False,True,True,False,False,False,False,high,65+,neutral
53,1,skirt,94,wyoming,1,gray,3.8,1,1,1,48,4,True,False,False,True,False,False,False,False,False,True,False,False,False,True,False,False,high,45-54,neutral
55,1,shoes,86,virginia,0,blue,3.4,1,1,1,12,1,False,True,False,True,False,False,False,True,False,False,False,False,False,False,False,True,high,55-64,neutral
50,1,sandals,32,south dakota,2,yellow,4.6,1,1,1,29,26,False,True,False,False,True,False,True,False,False,False,False,True,False,False,False,False,low,45-54,positive
50,1,sweater,45,kentucky,2,orange,4.8,1,1,1,27,26,True,False,False,False,False,False,False,False,False,False,False,True,False,False,False,False,low,45-54,positive
38,1,coat,76,wyoming,1,orange,4.3,1,1,1,44,1,False,False,True,False,False,False,True,False,False,False,False,True,False,False,False,False,high,35-44,positive
64,1,hat,84,west virginia,2,red,4.0,1,1,1,32,1,False,False,False,False,True,False,True,False,False,False,False,False,False,False,False,False,high,55-64,positive
19,1,shorts,72,virginia,1,olive,4.2,1,1,1,11,26,True,False,False,False,False,True,False,False,False,True,False,True,False,False,False,False,medium,18-24,positive
40,1,backpack,40,washington,2,brown,4.8,1,1,1,44,26,False,False,False,True,False,False,False,False,False,False,False,True,False,False,False,False,low,35-44,positive
57,1,sweater,89,louisiana,2,brown,3.1,1,1,1,46,52,True,False,False,False,False,False,False,True,False,False,False,True,False,False,False,False,high,55-64,neutral
44,1,sweater,86,nevada,1,gray,3.1,1,1,1,50,1,True,False,False,True,False,False,False,False,True,False,False,False,False,False,True,False,high,35-44,neutral
49,1,shorts,54,california,1,indigo,3.6,1,1,1,45,4,True,False,False,False,False,True,False,False,True,False,False,False,False,False,False,True,medium,45-54,neutral
43,1,shorts,36,mississippi,2,pink,3.9,1,1,1,48,4,True,False,False,True,False,False,False,False,False,False,True,True,False,False,False,False,low,35-44,neutral
24,1,sweater,89,mississippi,1,gray,4.8,1,1,1,26,52,True,False,False,False,False,True,False,False,True,False,False,False,True,False,False,False,high,18-24,positive
20,1,scarf,32,california,1,gold,4.7,1,1,1,21,26,False,False,False,True,False,False,False,False,False,True,False,False,True,False,False,False,low,18-24,positive
24,1,dress,67,pennsylvania,3,olive,4.2,1,1,1,49,26,True,False,False,False,True,False,False,False,False,False,False,False,False,False,True,False,medium,18-24,positive
44,1,scarf,39,kentucky,2,violet,3.7,1,1,1,13,26,False,False,False,False,False,False,False,False,True,False,False,False,False,False,True,False,low,35-44,neutral
28,1,skirt,29,maine,2,indigo,3.9,1,1,1,46,52,True,False,False,False,True,False,False,False,False,True,False,False,True,False,False,False,low,25-34,neutral
30,1,backpack,58,new mexico,1,orange,4.7,1,1,1,42,52,False,False,False,False,False,False,False,False,False,False,False,False,False,False,True,False,medium,25-34,positive
52,1,sweater,65,montana,1,violet,2.5,1,1,1,25,1,True,False,False,False,False,True,False,False,True,False,False,False,False,False,False,True,medium,45-54,negative
43,1,hat,94,texas,2,gray,4.9,1,1,1,25,12,False,False,False,False,False,False,False,False,False,False,True,True,False,False,False,False,high,35-44,positive
43,1,sandals,81,kansas,1,purple,4.1,1,1,1,12,4,False,True,False,False,False,False,True,False,False,False,False,False,False,False,True,False,high,35-44,positive
39,1,blouse,86,south carolina,1,white,3.3,1,1,1,4,4,True,False,False,False,False,True,False,True,False,False,False,False,False,True,False,False,high,35-44,neutral
68,1,sneakers,43,colorado,1,turquoise,4.7,1,1,1,38,52,False,True,False,True,False,False,False,True,False,False,False,False,False,False,True,False,low,65+,positive
68,1,skirt,29,georgia,1,maroon,4.4,1,1,1,42,52,True,False,False,False,False,True,False,False,False,False,True,False,False,False,False,False,low,65+,positive
49,1,coat,95,florida,1,white,3.8,1,1,1,30,1,False,False,True,False,False,False,False,False,False,False,True,False,False,False,False,True,high,45-54,neutral
63,1,shirt,28,north carolina,2,yellow,3.9,1,1,1,50,52,True,False,False,False,False,False,False,False,False,False,False,False,True,False,False,False,low,55-64,neutral
56,1,gloves,46,virginia,1,turquoise,4.9,1,1,1,45,52,False,False,False,False,False,False,False,True,False,False,False,False,False,False,True,False,medium,55-64,positive
37,1,jacket,58,nebraska,2,violet,3.1,1,1,1,33,26,False,False,True,False,False,False,False,True,False,False,False,False,True,False,False,False,medium,35-44,neutral
30,1,coat,48,missouri,1,beige,2.7,1,1,1,25,4,False,False,True,False,False,False,False,False,False,False,True,False,False,False,True,False,medium,25-34,negative
19,1,shoes,43,new jersey,1,silver,3.2,1,1,1,25,12,False,True,False,False,False,False,True,False,False,False,False,True,False,False,False,False,low,18-24,neutral
24,1,jewelry,95,missouri,1,teal,4.5,1,1,1,44,4,False,False,False,False,False,False,False,False,False,True,False,False,False,True,False,False,high,18-24,positive
52,1,skirt,30,colorado,0,black,4.0,1,1,1,21,26,True,False,False,False,False,False,False,False,False,True,False,False,False,False,False,True,low,45-54,positive
63,1,shoes,64,idaho,1,purple,3.5,1,1,1,31,26,False,True,False,False,True,False,False,False,False,False,False,False,False,False,False,False,medium,55-64,neutral
37,1,gloves,90,wyoming,1,gray,2.6,1,1,1,47,1,False,False,False,False,False,False,False,False,False,False,True,False,False,True,False,False,high,35-44,negative
38,1,pants,76,delaware,1,white,3.2,1,1,1,14,12,True,False,False,False,True,False,False,True,False,False,False,False,False,False,True,False,high,35-44,neutral
35,1,boots,96,california,2,cyan,4.9,1,1,1,17,4,False,True,False,False,False,False,False,False,False,True,False,False,False,True,False,False,high,35-44,positive
28,1,sunglasses,47,north dakota,2,turquoise,4.5,1,1,1,3,1,False,False,False,False,False,False,False,False,True,False,False,False,False,False,False,True,medium,25-34,positive
30,1,shirt,85,south carolina,0,brown,4.3,1,1,1,42,1,True,False,False,False,True,False,True,False,False,False,False,False,False,False,False,True,high,25-34,positive
69,1,hoodie,55,north carolina,1,maroon,3.2,1,1,1,22,1,True,False,False,False,False,True,False,False,False,True,False,False,False,True,False,False,medium,65+,neutral
41,1,dress,98,oklahoma,1,charcoal,3.6,1,1,1,21,4,True,False,False,False,False,False,False,False,True,False,False,False,False,False,False,True,high,35-44,neutral
63,1,socks,77,maine,0,olive,4.3,1,1,1,21,4,True,False,False,True,False,False,False,True,False,False,False,False,False,False,False,False,high,55-64,positive
35,1,shorts,26,missouri,1,lavender,4.0,1,1,1,40,1,True,False,False,False,False,False,False,False,False,True,False,False,False,True,False,False,low,35-44,positive
36,1,hat,68,vermont,0,yellow,3.0,1,1,1,1,26,False,False,False,False,False,False,False,False,True,False,False,False,False,False,False,False,medium,35-44,neutral
25,1,shirt,73,connecticut,3,teal,4.1,1,1,1,50,12,True,False,False,False,False,False,False,False,False,True,False,False,False,False,False,False,medium,25-34,positive
58,1,gloves,27,new hampshire,1,charcoal,3.8,1,1,1,39,4,False,False,False,False,False,False,False,False,False,False,True,False,False,False,False,False,low,55-64,neutral
27,1,gloves,23,texas,1,orange,4.6,1,1,1,34,12,False,False,False,False,True,False,False,True,False,False,False,False,False,False,False,True,low,25-34,positive
65,1,backpack,49,north dakota,1,olive,3.0,1,1,1,29,26,False,False,False,False,False,False,True,False,False,False,False,False,False,False,False,True,medium,65+,neutral
54,1,sunglasses,74,california,1,turquoise,3.0,1,1,1,31,26,False,False,False,False,True,False,False,False,False,False,True,False,False,False,True,False,high,45-54,neutral
54,1,skirt,67,virginia,1,purple,3.4,1,1,1,8,52,True,False,False,False,True,False,False,False,False,True,False,False,False,True,False,False,medium,45-54,neutral
59,1,handbag,65,delaware,0,purple,2.6,1,1,1,5,26,False,False,False,True,False,False,False,True,False,False,False,False,True,False,False,False,medium,55-64,negative
42,1,handbag,60,kentucky,0,yellow,2.8,1,1,1,7,12,False,False,False,False,False,True,False,False,False,False,True,True,False,False,False,False,medium,35-44,negative
46,1,sneakers,31,delaware,3,indigo,4.0,1,1,1,30,12,False,True,False,False,False,False,False,False,False,False,True,True,False,False,False,False,low,45-54,positive
33,1,gloves,27,arkansas,1,green,4.0,1,1,1,14,4,False,False,False,False,False,False,True,False,False,False,False,False,True,False,False,False,low,25-34,positive
34,1,shoes,80,louisiana,1,magenta,3.0,1,1,1,5,26,False,True,False,False,True,False,True,False,False,False,False,True,False,False,False,False,high,25-34,neutral
27,1,jacket,30,nevada,0,gold,3.3,1,1,1,3,4,False,False,True,False,True,False,False,False,False,True,False,False,False,False,True,False,low,25-34,neutral
52,1,shirt,25,wyoming,1,maroon,2.6,1,1,1,46,26,True,False,False,False,False,False,False,False,False,False,True,False,False,False,False,True,low,45-54,negative
29,1,shorts,35,virginia,1,blue,3.6,1,1,1,4,52,True,False,False,False,True,False,False,False,False,False,True,False,True,False,False,False,low,25-34,neutral
54,1,jewelry,67,nebraska,1,violet,3.9,1,1,1,42,26,False,False,False,False,True,False,False,False,True,False,False,False,True,False,False,False,medium,45-54,neutral
25,1,hat,46,hawaii,1,turquoise,3.4,1,1,1,30,1,False,False,False,False,False,False,False,False,False,True,False,True,False,False,False,False,medium,25-34,neutral
41,1,shoes,35,vermont,2,brown,3.5,1,1,1,37,1,False,True,False,False,False,True,True,False,False,False,False,False,False,False,False,True,low,35-44,neutral
53,1,coat,86,oklahoma,2,violet,2.8,1,1,1,2,1,False,False,True,False,False,False,False,False,True,False,False,False,False,False,False,False,high,45-54,negative
53,1,backpack,81,new hampshire,2,black,2.7,1,1,1,30,4,False,False,False,True,False,False,False,False,True,False,False,False,True,False,False,False,high,45-54,negative
21,1,hoodie,42,kansas,2,magenta,3.7,1,1,1,47,12,True,False,False,False,False,False,False,False,True,False,False,False,False,False,False,False,low,18-24,neutral
61,1,skirt,43,idaho,2,lavender,4.3,1,1,1,21,4,True,False,False,False,False,False,False,False,False,False,False,False,False,False,True,False,low,55-64,positive
64,1,boots,31,illinois,1,violet,4.9,1,1,1,9,26,False,True,False,False,False,False,False,False,False,False,True,False,False,False,False,False,low,55-64,positive
51,1,sandals,81,south dakota,2,green,3.3,1,1,1,12,26,False,True,False,False,False,False,False,False,False,False,True,False,False,True,False,False,high,45-54,neutral
32,1,pants,61,massachusetts,1,beige,4.7,1,1,1,4,52,True,False,False,False,True,False,False,False,True,False,False,False,False,False,False,False,medium,25-34,positive
38,1,gloves,96,alabama,3,purple,2.8,1,1,1,10,1,False,False,False,False,True,False,False,False,False,False,True,False,False,True,False,False,high,35-44,negative
58,1,skirt,29,ohio,3,beige,3.6,1,1,1,26,52,True,False,False,True,False,False,False,False,False,False,False,False,True,False,False,False,low,55-64,neutral
32,1,sneakers,33,hawaii,2,cyan,3.0,1,1,1,40,26,False,True,False,True,False,False,True,False,False,False,False,True,False,False,False,False,low,25-34,neutral
46,1,t-shirt,32,wisconsin,3,silver,4.5,1,1,1,34,26,True,False,False,False,True,False,False,False,False,False,True,False,False,False,False,False,low,45-54,positive
39,1,backpack,56,minnesota,0,lavender,2.9,1,1,1,31,1,False,False,False,False,True,False,False,False,False,True,False,False,False,True,False,False,medium,35-44,negative
19,1,shoes,94,georgia,0,purple,3.3,1,1,1,1,26,False,True,False,True,False,False,False,False,False,False,True,False,False,False,False,False,high,18-24,neutral
50,1,hoodie,53,arkansas,1,pink,3.1,1,1,1,5,26,True,False,False,True,False,False,True,False,False,False,False,False,False,False,False,False,medium,45-54,neutral
36,1,blouse,82,west virginia,1,maroon,4.4,1,1,1,4,52,True,False,False,False,False,False,False,False,True,False,False,False,True,False,False,False,high,35-44,positive
65,1,coat,70,indiana,3,beige,3.0,1,1,1,48,4,False,False,True,False,False,False,False,True,False,False,False,False,False,False,False,True,medium,65+,neutral
64,1,hat,76,utah,1,gray,3.9,1,1,1,29,4,False,False,False,False,False,False,False,True,False,False,False,True,False,False,False,False,high,55-64,neutral
46,1,shoes,29,nebraska,2,turquoise,2.9,1,1,1,12,26,False,True,False,False,True,False,True,False,False,False,False,False,False,False,True,False,low,45-54,negative
36,1,belt,100,north dakota,0,silver,3.0,1,1,1,29,1,False,False,False,False,False,False,False,False,False,True,False,False,False,False,False,True,high,35-44,neutral
51,1,backpack,94,missouri,1,olive,3.1,1,1,1,15,4,False,False,False,True,False,False,True,False,False,False,False,False,False,True,False,False,high,45-54,neutral
51,1,jacket,25,new york,1,magenta,4.3,1,1,1,34,12,False,False,True,False,False,False,False,True,False,False,False,False,True,False,False,False,low,45-54,positive
38,1,boots,88,washington,1,lavender,3.9,1,1,1,41,26,False,True,False,False,True,False,False,False,True,False,False,False,True,False,False,False,high,35-44,neutral
59,1,scarf,78,south carolina,1,black,3.2,1,1,1,41,12,False,False,False,False,False,False,False,False,False,False,False,False,True,False,False,False,high,55-64,neutral
57,1,jewelry,45,utah,1,turquoise,4.8,1,1,1,39,26,False,False,False,False,False,True,False,False,False,True,False,False,True,False,False,False,low,55-64,positive
54,1,hat,73,idaho,3,green,3.8,1,1,1,32,52,False,False,False,False,True,False,True,False,False,False,False,True,False,False,False,False,medium,45-54,neutral
25,1,dress,61,pennsylvania,0,teal,3.3,1,1,1,29,12,True,False,False,False,True,False,False,False,True,False,False,False,False,False,False,True,medium,25-34,neutral
69,1,blouse,22,missouri,0,beige,4.3,1,1,1,15,1,True,False,False,False,False,False,False,True,False,False,False,False,False,False,False,False,low,65+,positive
57,1,hat,38,nebraska,2,magenta,2.7,1,1,1,33,1,False,False,False,True,False,False,True,False,False,False,False,False,False,False,False,True,low,55-64,negative
70,1,scarf,38,indiana,0,yellow,3.2,1,1,1,18,52,False,False,False,False,False,False,False,False,True,False,False,False,False,False,False,False,low,65+,neutral
24,1,sneakers,100,arizona,1,yellow,4.0,1,1,1,35,26,False,True,False,False,False,False,False,False,False,False,True,True,False,False,False,False,high,18-24,positive
67,1,shirt,64,hawaii,1,silver,3.0,1,1,1,25,52,True,False,False,False,False,True,False,False,False,True,False,False,False,False,True,False,medium,65+,neutral
24,1,t-shirt,55,wisconsin,2,silver,4.2,1,1,1,6,26,True,False,False,False,True,False,False,True,False,False,False,False,False,False,False,True,medium,18-24,positive
62,1,gloves,91,rhode island,1,silver,2.9,1,1,1,17,26,False,False,False,False,True,False,True,False,False,False,False,False,False,False,False,False,high,55-64,negative
57,1,skirt,38,wisconsin,1,gold,4.1,1,1,1,17,12,True,False,False,True,False,False,False,False,False,False,True,False,True,False,False,False,low,55-64,positive
55,1,sandals,97,minnesota,0,olive,3.2,1,1,1,44,4,False,True,False,False,False,True,False,False,False,False,True,True,False,False,False,False,high,55-64,neutral
45,1,jacket,22,vermont,2,teal,3.0,1,1,1,6,26,False,False,True,False,False,False,False,False,False,False,False,False,False,False,True,False,low,45-54,neutral
69,1,skirt,92,south dakota,2,maroon,4.2,1,1,1,45,26,True,False,False,False,False,False,False,False,False,False,False,False,False,True,False,False,high,65+,positive
67,1,handbag,84,virginia,2,blue,4.2,1,1,1,7,1,False,False,False,False,False,False,True,False,False,False,False,False,False,True,False,False,high,65+,positive
30,1,handbag,93,nevada,2,peach,4.4,1,1,1,11,4,False,False,False,False,False,False,False,False,False,False,True,False,False,True,False,False,high,25-34,positive
24,1,jacket,50,hawaii,2,blue,4.2,1,1,1,41,4,False,False,True,False,True,False,False,False,True,False,False,True,False,False,False,False,medium,18-24,positive
62,1,scarf,64,new jersey,0,orange,2.8,1,1,1,24,26,False,False,False,True,False,False,False,False,False,False,False,False,False,False,True,False,medium,55-64,negative
43,1,shorts,61,massachusetts,2,yellow,3.7,1,1,1,21,52,True,False,False,True,False,False,False,True,False,False,False,False,False,False,False,True,medium,35-44,neutral
35,1,sunglasses,48,oklahoma,1,purple,3.5,1,1,1,24,1,False,False,False,False,False,True,False,False,True,False,False,False,False,False,False,False,medium,35-44,neutral
28,1,t-shirt,45,california,0,magenta,2.9,1,1,1,8,4,True,False,False,True,False,False,False,False,False,False,True,False,True,False,False,False,low,25-34,negative
32,1,belt,88,nevada,1,cyan,3.0,1,1,1,12,26,False,False,False,True,False,False,False,True,False,False,False,True,False,False,False,False,high,25-34,neutral
39,1,sneakers,57,arizona,0,indigo,3.7,1,1,1,48,26,False,True,False,True,False,False,True,False,False,False,False,False,False,True,False,False,medium,35-44,neutral
28,1,hat,68,north carolina,3,magenta,4.4,1,1,1,6,4,False,False,False,False,True,False,False,False,False,False,True,False,False,False,False,False,medium,25-34,positive
47,1,gloves,94,new york,3,gray,4.5,1,1,1,14,26,False,False,False,True,False,False,False,False,False,False,False,False,False,False,True,False,high,45-54,positive
20,1,pants,41,wyoming,1,turquoise,4.8,1,1,1,34,1,True,False,False,True,False,False,False,True,False,False,False,False,False,False,True,False,low,18-24,positive
63,1,socks,83,south dakota,0,beige,2.9,1,1,1,12,4,True,False,False,False,True,False,False,True,False,False,False,True,False,False,False,False,high,55-64,negative
25,1,jacket,22,arkansas,1,olive,3.2,1,1,1,11,1,False,False,True,True,False,False,False,False,True,False,False,False,False,False,False,False,low,25-34,neutral
29,1,shoes,74,texas,2,violet,3.3,1,1,1,5,12,False,True,False,True,False,False,False,True,False,False,False,False,False,False,True,False,high,25-34,neutral
50,1,jeans,90,rhode island,1,turquoise,4.2,1,1,1,25,26,True,False,False,False,False,True,False,False,False,True,False,False,False,False,False,True,high,45-54,positive
18,1,socks,79,new hampshire,1,white,2.9,1,1,1,11,1,True,False,False,True,False,False,False,False,False,False,True,False,True,False,False,False,high,18-24,negative
70,1,sandals,28,ohio,0,silver,4.6,1,1,1,27,4,False,True,False,True,False,False,False,False,True,False,False,False,False,False,True,False,low,65+,positive
66,1,scarf,88,utah,2,olive,4.1,1,1,1,43,1,False,False,False,False,False,False,False,False,False,True,False,False,True,False,False,False,high,65+,positive
28,1,blouse,26,tennessee,1,blue,3.1,1,1,1,18,4,True,False,False,True,False,False,False,False,False,False,False,False,False,True,False,False,low,25-34,neutral
54,1,jewelry,27,hawaii,2,purple,4.2,1,1,1,32,26,False,False,False,False,False,True,True,False,False,False,False,False,False,False,False,False,low,45-54,positive
19,1,sweater,83,arizona,3,yellow,4.5,1,1,1,27,4,True,False,False,False,False,False,False,False,True,False,False,False,False,False,False,False,high,18-24,positive
20,1,gloves,39,south dakota,0,silver,3.7,1,1,1,24,52,False,False,False,False,True,False,False,False,True,False,False,False,True,False,False,False,low,18-24,neutral
43,1,sunglasses,89,new jersey,1,cyan,3.7,1,1,1,31,4,False,False,False,False,False,True,False,True,False,False,False,False,False,True,False,False,high,35-44,neutral
38,1,coat,68,north dakota,2,green,3.4,1,1,1,39,26,False,False,True,False,False,True,False,False,True,False,False,False,False,False,True,False,medium,35-44,neutral
50,1,dress,90,iowa,1,beige,3.0,1,1,1,36,26,True,False,False,False,True,False,False,False,False,False,True,False,False,True,False,False,high,45-54,neutral
64,1,skirt,34,ohio,1,peach,4.2,1,1,1,5,1,True,False,False,False,False,False,False,True,False,False,False,True,False,False,False,False,low,55-64,positive
49,1,pants,51,vermont,2,yellow,2.9,1,1,1,47,26,True,False,False,False,True,False,True,False,False,False,False,False,True,False,False,False,medium,45-54,negative
47,1,sweater,45,montana,3,turquoise,3.5,1,1,1,29,26,True,False,False,False,False,True,False,True,False,False,False,False,False,False,False,False,low,45-54,neutral
36,1,hoodie,88,delaware,1,peach,4.1,1,1,1,43,26,True,False,False,False,False,True,False,True,False,False,False,False,False,False,False,True,high,35-44,positive
55,1,coat,85,new york,2,gray,4.3,1,1,1,40,4,False,False,True,False,True,False,False,False,False,False,True,False,False,True,False,False,high,55-64,positive
25,1,jewelry,100,kentucky,1,olive,2.8,1,1,1,4,12,False,False,False,False,False,True,False,False,False,False,False,False,False,True,False,False,high,25-34,negative
53,1,belt,42,oregon,0,indigo,4.9,1,1,1,39,52,False,False,False,True,False,False,False,False,False,False,False,False,False,False,True,False,low,45-54,positive
49,1,sandals,53,rhode island,2,charcoal,3.3,1,1,1,45,26,False,True,False,False,True,False,False,False,True,False,False,False,False,False,False,True,medium,45-54,neutral
35,1,sunglasses,86,nevada,3,beige,3.2,1,1,1,20,26,False,False,False,True,False,False,True,False,False,False,False,False,False,False,False,True,high,35-44,neutral
29,1,sweater,66,montana,3,brown,4.4,1,1,1,14,52,True,False,False,True,False,False,False,False,False,True,False,False,False,True,False,False,medium,25-34,positive
47,1,belt,100,pennsylvania,1,blue,4.8,1,1,1,33,52,False,False,False,False,False,True,True,False,False,False,False,False,False,False,True,False,high,45-54,positive
53,1,handbag,47,alaska,0,teal,4.2,1,1,1,18,1,False,False,False,False,False,False,False,False,False,True,False,False,True,False,False,False,medium,45-54,positive
33,1,skirt,25,mississippi,2,black,4.0,1,1,1,9,52,True,False,False,False,False,False,True,False,False,False,False,False,False,False,False,False,low,25-34,positive
21,1,handbag,51,wyoming,3,gold,2.5,1,1,1,34,1,False,False,False,False,False,True,False,False,False,True,False,False,False,False,True,False,medium,18-24,negative
32,1,shorts,41,delaware,1,violet,3.9,1,1,1,33,26,True,False,False,False,True,False,False,True,False,False,False,False,False,False,False,True,low,25-34,neutral
52,1,boots,73,oklahoma,2,cyan,4.9,1,1,1,15,26,False,True,False,False,False,True,False,False,False,False,False,False,False,False,False,False,medium,45-54,positive
67,1,sunglasses,42,indiana,1,white,3.5,1,1,1,4,26,False,False,False,False,False,True,False,False,False,False,True,False,False,False,True,False,low,65+,neutral
43,1,scarf,20,maryland,1,charcoal,4.2,1,1,1,25,1,False,False,False,True,False,False,False,True,False,False,False,False,False,True,False,False,low,35-44,positive
58,1,jewelry,30,south dakota,3,violet,4.7,1,1,1,20,4,False,False,False,True,False,False,True,False,False,False,False,False,True,False,False,False,low,55-64,positive
20,1,handbag,53,west virginia,1,red,4.5,1,1,1,5,4,False,False,False,False,True,False,True,False,False,False,False,False,True,False,False,False,medium,18-24,positive
61,1,gloves,74,alabama,0,lavender,2.8,1,1,1,16,4,False,False,False,True,False,False,True,False,False,False,False,True,False,False,False,False,high,55-64,negative
32,1,jeans,57,louisiana,1,gold,2.9,1,1,1,13,1,True,False,False,False,False,False,False,False,False,True,False,False,False,True,False,False,medium,25-34,negative
38,1,hat,57,montana,0,red,3.2,1,1,1,11,4,False,False,False,False,False,True,False,False,False,False,False,False,True,False,False,False,medium,35-44,neutral
21,1,jeans,77,california,2,magenta,4.9,1,1,1,21,1,True,False,False,False,False,True,False,False,False,True,False,False,True,False,False,False,high,18-24,positive
37,1,pants,40,hawaii,1,teal,3.7,1,1,1,6,1,True,False,False,False,True,False,False,False,True,False,False,False,False,True,False,False,low,35-44,neutral
27,1,shorts,46,iowa,1,purple,4.3,1,1,1,29,12,True,False,False,False,True,False,False,False,False,False,True,False,False,False,False,True,medium,25-34,positive
36,1,pants,78,colorado,0,charcoal,3.9,1,1,1,15,1,True,False,False,False,False,False,False,False,False,False,True,True,False,False,False,False,high,35-44,neutral
32,1,backpack,59,michigan,1,gray,3.2,1,1,1,17,26,False,False,False,True,False,False,False,False,False,False,False,False,False,False,False,False,medium,25-34,neutral
51,1,jewelry,75,louisiana,2,white,3.1,1,1,1,32,52,False,False,False,False,True,False,True,False,False,False,False,False,True,False,False,False,high,45-54,neutral
64,1,sweater,54,maryland,1,olive,3.9,1,1,1,42,1,True,False,False,True,False,False,False,False,False,False,False,False,False,False,False,True,medium,55-64,neutral
68,1,shoes,42,georgia,1,charcoal,2.6,1,1,1,21,12,False,True,False,True,False,False,False,False,False,False,True,True,False,False,False,False,low,65+,negative
68,1,blouse,44,georgia,1,charcoal,3.3,1,1,1,9,26,True,False,False,False,False,True,False,False,True,False,False,True,False,False,False,False,low,65+,neutral
33,1,jeans,52,north dakota,3,orange,4.6,1,1,1,16,1,True,False,False,False,False,False,False,True,False,False,False,False,False,False,False,False,medium,25-34,positive
65,1,sunglasses,69,maryland,3,yellow,4.6,1,1,1,42,26,False,False,False,False,True,False,True,False,False,False,False,False,True,False,False,False,medium,65+,positive
48,1,jewelry,26,oregon,1,beige,4.4,1,1,1,37,26,False,False,False,False,True,False,False,False,False,False,False,False,False,True,False,False,low,45-54,positive
69,1,coat,33,north dakota,0,silver,4.2,1,1,1,32,4,False,False,True,True,False,False,True,False,False,False,False,False,False,True,False,False,low,65+,positive
59,1,jewelry,32,maryland,1,indigo,3.0,1,1,1,28,26,False,False,False,True,False,False,True,False,False,False,False,True,False,False,False,False,low,55-64,neutral
48,1,backpack,85,virginia,3,lavender,4.0,1,1,1,13,52,False,False,False,False,False,True,True,False,False,False,False,False,True,False,False,False,high,45-54,positive
25,1,skirt,30,south dakota,3,turquoise,3.5,1,1,1,11,26,True,False,False,False,False,False,True,False,False,False,False,False,False,False,False,False,low,25-34,neutral
29,1,shirt,29,georgia,1,green,3.0,1,1,1,36,26,True,False,False,False,False,True,False,False,False,False,True,False,False,False,False,False,low,25-34,neutral
57,1,sweater,95,hawaii,1,orange,3.7,1,1,1,23,1,True,False,False,True,False,False,True,False,False,False,False,False,False,True,False,False,high,55-64,neutral
23,1,sneakers,69,arkansas,2,turquoise,4.0,1,1,1,37,12,False,True,False,False,True,False,False,False,False,True,False,False,False,False,False,False,medium,18-24,positive
45,1,sandals,69,montana,0,cyan,4.2,1,1,1,21,26,False,True,False,False,False,False,False,False,False,False,False,True,False,False,False,False,medium,45-54,positive
38,1,belt,61,oklahoma,3,charcoal,2.5,1,1,1,22,26,False,False,False,True,False,False,False,False,False,True,False,False,False,True,False,False,medium,35-44,negative
21,1,skirt,94,minnesota,1,teal,3.0,1,1,1,9,12,True,False,False,False,True,False,False,False,False,False,False,True,False,False,False,False,high,18-24,neutral
32,1,sweater,30,montana,0,maroon,3.2,1,1,1,16,1,True,False,False,False,False,False,False,False,True,False,False,False,False,False,False,True,low,25-34,neutral
63,1,skirt,45,ohio,1,red,3.5,1,1,1,4,4,True,False,False,False,True,False,False,False,False,True,False,False,False,False,True,False,low,55-64,neutral
29,1,handbag,39,kentucky,3,yellow,4.8,1,1,1,3,26,False,False,False,False,True,False,True,False,False,False,False,False,False,True,False,False,low,25-34,positive
27,1,jewelry,51,nebraska,2,gray,2.6,1,1,1,6,1,False,False,False,False,True,False,False,False,False,False,True,False,False,True,False,False,medium,25-34,negative
56,1,scarf,37,delaware,2,blue,3.4,1,1,1,18,26,False,False,False,True,False,False,False,False,False,False,False,False,False,False,False,True,low,55-64,neutral
30,1,t-shirt,62,north carolina,1,lavender,3.7,1,1,1,34,26,True,False,False,False,False,True,False,False,False,False,False,False,False,False,False,True,medium,25-34,neutral
49,1,coat,85,new york,1,yellow,4.5,1,1,1,26,12,False,False,True,False,False,False,False,False,False,False,False,False,True,False,False,False,high,45-54,positive
58,1,t-shirt,33,colorado,1,indigo,3.7,1,1,1,50,52,True,False,False,False,False,True,False,False,False,True,False,False,False,False,True,False,low,55-64,neutral
57,1,dress,26,delaware,3,violet,3.3,1,1,1,40,12,True,False,False,False,False,False,False,False,True,False,False,False,False,False,False,False,low,55-64,neutral
60,1,shoes,99,utah,1,green,4.7,1,1,1,24,4,False,True,False,True,False,False,False,True,False,False,False,True,False,False,False,False,high,55-64,positive
69,1,handbag,39,connecticut,1,white,2.7,1,1,1,33,1,False,False,False,True,False,False,True,False,False,False,False,False,False,False,True,False,low,65+,negative
70,1,skirt,20,new jersey,1,gold,4.6,1,1,1,19,4,True,False,False,True,False,False,False,False,False,False,True,False,True,False,False,False,low,65+,positive
53,1,sunglasses,42,west virginia,1,indigo,2.7,1,1,1,24,4,False,False,False,False,False,True,False,False,False,False,True,False,True,False,False,False,low,45-54,negative
25,1,sandals,74,indiana,0,lavender,4.8,1,1,1,19,52,False,True,False,True,False,False,False,False,False,False,False,False,True,False,False,False,high,25-34,positive
48,1,shoes,26,delaware,3,purple,4.4,1,1,1,4,26,False,True,False,False,True,False,False,False,False,True,False,False,True,False,False,False,low,45-54,positive
69,1,t-shirt,53,maryland,1,lavender,4.0,1,1,1,11,4,True,False,False,False,False,True,False,False,False,True,False,False,False,False,False,True,medium,65+,positive
25,1,sneakers,80,pennsylvania,1,maroon,3.2,1,1,1,28,26,False,True,False,False,True,False,False,False,True,False,False,False,False,False,True,False,high,25-34,neutral
29,1,hat,98,iowa,1,teal,4.4,1,1,1,24,52,False,False,False,True,False,False,False,False,False,False,True,False,False,False,True,False,high,25-34,positive
46,1,skirt,95,pennsylvania,1,green,3.8,1,1,1,25,4,True,False,False,True,False,False,False,False,False,True,False,False,True,False,False,False,high,45-54,neutral
37,1,sweater,44,delaware,2,olive,3.6,1,1,1,27,4,True,False,False,False,True,False,True,False,False,False,False,False,False,False,False,False,low,35-44,neutral
20,1,sandals,60,oregon,1,turquoise,3.3,1,1,1,49,52,False,True,False,False,True,False,False,False,True,False,False,False,False,False,False,True,medium,18-24,neutral
40,1,dress,84,oregon,1,green,3.4,1,1,1,45,26,True,False,False,False,False,True,False,False,True,False,False,False,True,False,False,False,high,35-44,neutral
60,1,sweater,59,utah,1,teal,3.5,1,1,1,26,1,True,False,False,False,False,False,False,False,False,False,False,False,False,False,True,False,medium,55-64,neutral
26,1,jacket,49,north dakota,0,white,3.6,1,1,1,4,1,False,False,True,False,True,False,True,False,False,False,False,True,False,False,False,False,medium,25-34,neutral
29,1,gloves,32,florida,1,orange,3.2,1,1,1,3,4,False,False,False,False,False,True,False,True,False,False,False,False,True,False,False,False,low,25-34,neutral
66,1,handbag,29,maryland,1,beige,3.7,1,1,1,45,26,False,False,False,False,False,False,False,False,False,True,False,False,False,False,False,True,low,65+,neutral
66,1,dress,22,minnesota,1,yellow,4.5,1,1,1,21,26,True,False,False,True,False,False,False,False,False,True,False,True,False,False,False,False,low,65+,positive
56,1,pants,85,montana,1,charcoal,4.6,1,1,1,50,26,True,False,False,False,False,True,False,False,False,True,False,True,False,False,False,False,high,55-64,positive
69,1,jeans,52,rhode island,2,silver,4.1,1,1,1,19,12,True,False,False,False,False,True,False,False,False,False,True,False,False,False,False,False,medium,65+,positive
38,1,pants,89,massachusetts,2,green,3.4,1,1,1,6,1,True,False,False,True,False,False,False,False,True,False,False,False,False,False,True,False,high,35-44,neutral
42,1,dress,77,vermont,1,pink,3.7,1,1,1,50,4,True,False,False,True,False,False,True,False,False,False,False,False,True,False,False,False,high,35-44,neutral
30,1,pants,24,new jersey,1,purple,3.3,1,1,1,17,4,True,False,False,False,True,False,False,False,False,False,True,False,False,True,False,False,low,25-34,neutral
66,1,jewelry,24,wisconsin,3,orange,4.5,1,1,1,24,1,False,False,False,True,False,False,True,False,False,False,False,False,False,True,False,False,low,65+,positive
36,1,handbag,22,california,1,charcoal,3.3,1,1,1,46,12,False,False,False,False,False,False,False,True,False,False,False,False,False,False,False,True,low,35-44,neutral
58,1,sweater,82,west virginia,2,teal,4.3,1,1,1,42,4,True,False,False,False,False,False,False,False,False,True,False,True,False,False,False,False,high,55-64,positive
45,1,backpack,67,south dakota,1,beige,2.5,1,1,1,10,1,False,False,False,False,False,True,False,False,False,True,False,True,False,False,False,False,medium,45-54,negative
47,1,shorts,74,maine,3,white,2.6,1,1,1,1,4,True,False,False,True,False,False,False,False,False,True,False,True,False,False,False,False,high,45-54,negative
66,1,jewelry,72,kansas,2,white,4.9,1,1,1,28,4,False,False,False,False,True,False,False,False,False,True,False,False,False,True,False,False,medium,65+,positive
41,1,sneakers,36,vermont,2,orange,4.7,1,1,1,48,4,False,True,False,False,True,False,False,True,False,False,False,False,False,True,False,False,low,35-44,positive
41,1,belt,95,tennessee,0,cyan,3.0,1,1,1,47,12,False,False,False,False,False,True,False,False,False,True,False,False,True,False,False,False,high,35-44,neutral
66,1,hoodie,78,tennessee,1,orange,3.5,1,1,1,29,26,True,False,False,False,False,True,False,False,True,False,False,False,False,False,True,False,high,65+,neutral
37,1,shirt,82,wyoming,1,olive,4.8,1,1,1,37,4,True,False,False,False,True,False,False,False,False,True,False,False,False,False,False,True,high,35-44,positive
70,1,pants,70,vermont,1,charcoal,4.3,1,1,1,38,1,True,False,False,False,False,True,False,True,False,False,False,False,False,True,False,False,medium,65+,positive
62,1,scarf,41,new jersey,1,white,3.2,1,1,1,48,52,False,False,False,False,False,False,False,False,False,False,True,False,False,False,False,False,low,55-64,neutral
61,1,coat,42,iowa,1,teal,3.1,1,1,1,36,52,False,False,True,False,True,False,False,True,False,False,False,False,False,False,True,False,low,55-64,neutral
48,1,coat,50,florida,1,yellow,2.8,1,1,1,9,52,False,False,True,False,False,False,False,True,False,False,False,False,True,False,False,False,medium,45-54,negative
70,1,socks,31,nevada,0,white,2.9,1,1,1,34,12,True,False,False,False,True,False,False,False,False,False,False,False,False,False,False,False,low,65+,negative
46,1,sweater,51,north dakota,1,beige,3.7,1,1,1,43,26,True,False,False,False,False,True,True,False,False,False,False,False,False,False,False,True,medium,45-54,neutral
31,1,shirt,98,florida,2,beige,3.3,1,1,1,46,4,True,False,False,False,False,False,False,False,False,False,True,False,False,False,True,False,high,25-34,neutral
19,1,shirt,86,new york,1,maroon,2.8,1,1,1,5,12,True,False,False,False,False,True,False,False,False,False,False,False,True,False,False,False,high,18-24,negative
39,1,sweater,64,alaska,1,teal,4.5,1,1,1,15,26,True,False,False,False,False,True,False,False,False,True,False,False,False,False,False,False,medium,35-44,positive
41,1,blouse,46,kansas,1,lavender,2.6,1,1,1,30,1,True,False,False,False,False,False,False,False,True,False,False,False,True,False,False,False,medium,35-44,negative
20,1,sweater,85,oregon,2,maroon,3.7,1,1,1,44,4,True,False,False,True,False,False,False,False,False,True,False,False,False,False,False,True,high,18-24,neutral
36,1,hat,81,rhode island,0,orange,4.4,1,1,1,16,1,False,False,False,False,False,False,True,False,False,False,False,False,False,False,True,False,high,35-44,positive
32,1,sweater,59,new mexico,1,cyan,4.3,1,1,1,16,1,True,False,False,False,False,True,False,False,False,False,False,False,False,False,False,False,medium,25-34,positive
69,1,hoodie,79,massachusetts,1,silver,3.5,1,1,1,16,52,True,False,False,False,False,True,True,False,False,False,False,True,False,False,False,False,high,65+,neutral
40,1,shorts,33,pennsylvania,1,teal,3.8,1,1,1,21,4,True,False,False,True,False,False,False,False,False,False,False,False,True,False,False,False,low,35-44,neutral
40,1,shorts,47,new jersey,2,blue,3.5,1,1,1,39,4,True,False,False,False,True,False,True,False,False,False,False,False,False,False,False,True,medium,35-44,neutral
20,1,hat,20,utah,0,blue,4.6,1,1,1,40,26,False,False,False,False,True,False,False,False,False,False,True,False,False,True,False,False,low,18-24,positive
64,1,coat,36,kentucky,1,olive,2.6,1,1,1,48,4,False,False,True,True,False,False,False,False,True,False,False,False,True,False,False,False,low,55-64,negative
27,1,sandals,39,nebraska,1,purple,4.4,1,1,1,26,12,False,True,False,False,True,False,False,False,True,False,False,False,False,False,False,True,low,25-34,positive
24,1,skirt,71,virginia,1,charcoal,4.0,1,1,1,46,12,True,False,False,False,False,True,False,False,False,True,False,False,False,True,False,False,medium,18-24,positive
48,1,shoes,59,wyoming,0,olive,4.4,1,1,1,27,1,False,True,False,False,False,True,False,False,True,False,False,False,False,False,False,False,medium,45-54,positive
49,1,jeans,50,new mexico,2,violet,4.7,1,1,1,5,52,True,False,False,True,False,False,False,False,True,False,False,True,False,False,False,False,medium,45-54,positive
36,1,sandals,41,oregon,2,red,3.9,1,1,1,43,26,False,True,False,False,False,False,False,False,False,False,True,False,False,False,True,False,low,35-44,neutral
56,1,blouse,59,south carolina,1,beige,2.7,1,1,1,17,26,True,False,False,False,False,False,False,True,False,False,False,False,False,False,True,False,medium,55-64,negative
37,1,hat,87,arizona,1,green,3.7,1,1,1,3,26,False,False,False,False,False,True,False,False,False,False,False,False,False,False,False,False,high,35-44,neutral
42,1,sweater,68,kentucky,1,violet,2.6,1,1,1,47,26,True,False,False,True,False,False,False,False,False,False,False,False,False,False,False,False,medium,35-44,negative
28,1,skirt,90,new york,1,teal,3.9,1,1,1,24,26,True,False,False,False,False,True,False,False,False,True,False,False,False,True,False,False,high,25-34,neutral
27,1,jeans,71,texas,3,yellow,4.9,1,1,1,12,4,True,False,False,False,False,False,False,False,True,False,False,True,False,False,False,False,medium,25-34,positive
63,1,sneakers,64,missouri,2,yellow,4.1,1,1,1,35,12,False,True,False,False,False,False,False,False,False,False,True,False,False,True,False,False,medium,55-64,positive
58,1,jewelry,76,pennsylvania,0,olive,3.0,1,1,1,42,52,False,False,False,False,False,False,False,True,False,False,False,False,False,False,False,True,high,55-64,neutral
37,1,jewelry,42,oregon,3,magenta,4.1,1,1,1,1,4,False,False,False,False,False,False,False,False,False,False,False,False,False,False,True,False,low,35-44,positive
56,1,pants,80,nevada,2,black,3.8,1,1,1,27,52,True,False,False,True,False,False,False,False,False,True,False,True,False,False,False,False,high,55-64,neutral
18,1,belt,56,arkansas,1,olive,4.0,1,1,1,16,26,False,False,False,True,False,False,False,False,False,True,False,False,True,False,False,False,medium,18-24,positive
48,1,hat,25,minnesota,3,magenta,3.6,1,1,1,36,4,False,False,False,False,True,False,True,False,False,False,False,False,True,False,False,False,low,45-54,neutral
31,1,sneakers,74,georgia,1,olive,3.0,1,1,1,30,4,False,True,False,False,False,True,False,False,False,False,True,False,True,False,False,False,high,25-34,neutral
51,1,pants,30,rhode island,1,teal,3.0,1,1,1,18,26,True,False,False,False,True,False,False,False,False,True,False,False,False,True,False,False,low,45-54,neutral
65,1,t-shirt,96,nevada,1,white,2.6,1,1,1,45,1,True,False,False,True,False,False,False,True,False,False,False,True,False,False,False,False,high,65+,negative
53,1,sneakers,64,texas,1,charcoal,3.4,1,1,1,1,26,False,True,False,False,False,False,False,True,False,False,False,False,False,False,False,True,medium,45-54,neutral
55,1,shorts,88,florida,2,yellow,3.1,1,1,1,42,26,True,False,False,False,False,True,False,True,False,False,False,False,False,False,False,False,high,55-64,neutral
62,1,shoes,88,north dakota,2,charcoal,3.0,1,1,1,7,4,False,True,False,False,True,False,False,True,False,False,False,False,False,False,False,True,high,55-64,neutral
55,1,gloves,88,west virginia,3,gray,3.7,1,1,1,50,4,False,False,False,False,True,False,False,False,False,True,False,False,False,False,True,False,high,55-64,neutral
64,1,socks,36,nebraska,1,turquoise,3.5,1,1,1,37,26,True,False,False,True,False,False,False,False,False,False,True,False,False,False,False,True,low,55-64,neutral
52,1,dress,40,tennessee,3,cyan,2.8,1,1,1,18,12,True,False,False,True,False,False,False,False,False,False,True,False,False,False,False,False,low,45-54,negative
24,1,handbag,39,oklahoma,1,charcoal,4.5,1,1,1,29,12,False,False,False,True,False,False,False,False,False,True,False,True,False,False,False,False,low,18-24,positive
38,1,belt,40,wisconsin,1,silver,3.3,1,1,1,45,4,False,False,False,False,True,False,False,False,False,False,True,False,False,False,True,False,low,35-44,neutral
59,1,scarf,34,oregon,1,olive,3.4,1,1,1,13,52,False,False,False,False,False,True,True,False,False,False,False,False,False,False,True,False,low,55-64,neutral
27,1,sneakers,83,north carolina,0,pink,3.2,1,1,1,47,12,False,True,False,False,False,True,False,False,False,False,False,False,False,False,True,False,high,25-34,neutral
24,1,sweater,85,pennsylvania,2,orange,3.7,1,1,1,7,52,True,False,False,False,True,False,False,False,False,True,False,False,False,True,False,False,high,18-24,neutral
23,1,coat,27,north dakota,2,white,4.6,1,1,1,11,26,False,False,True,False,True,False,True,False,False,False,False,False,False,False,False,True,low,18-24,positive
69,1,jewelry,78,ohio,0,purple,5.0,1,1,1,39,12,False,False,False,True,False,False,False,False,False,False,True,False,False,False,False,False,high,65+,positive
59,1,sunglasses,32,oklahoma,1,olive,4.4,1,1,1,6,4,False,False,False,False,True,False,False,False,False,True,False,False,False,True,False,False,low,55-64,positive
51,1,shoes,51,south carolina,0,gray,4.9,1,1,1,2,26,False,True,False,False,False,False,True,False,False,False,False,False,False,False,False,True,medium,45-54,positive
63,1,scarf,32,maine,1,silver,4.1,1,1,1,39,4,False,False,False,True,False,False,False,False,False,True,False,False,True,False,False,False,low,55-64,positive
54,1,dress,62,nevada,2,orange,4.9,1,1,1,23,12,True,False,False,False,False,True,False,False,True,False,False,False,True,False,False,False,medium,45-54,positive
32,1,t-shirt,29,montana,0,magenta,4.7,1,1,1,46,26,True,False,False,False,False,False,False,False,False,False,False,False,False,True,False,False,low,25-34,positive
39,1,backpack,69,new hampshire,3,beige,3.0,1,1,1,19,52,False,False,False,False,False,False,False,False,False,False,True,False,False,False,False,False,medium,35-44,neutral
66,1,jewelry,25,maine,2,lavender,3.4,1,1,1,3,4,False,False,False,False,False,True,False,False,False,False,True,False,True,False,False,False,low,65+,neutral
28,1,jeans,76,california,1,peach,3.2,1,1,1,47,4,True,False,False,False,False,True,False,False,False,False,True,False,False,False,True,False,high,25-34,neutral
50,1,sunglasses,77,west virginia,0,magenta,2.9,1,1,1,6,4,False,False,False,False,False,False,False,False,False,True,False,False,False,False,True,False,high,45-54,negative
70,1,sweater,33,california,1,beige,4.5,1,1,1,6,1,True,False,False,False,False,False,False,False,False,False,False,False,False,False,False,True,low,65+,positive
67,1,shorts,93,west virginia,0,yellow,2.7,1,1,1,12,26,True,False,False,False,False,False,False,False,True,False,False,False,True,False,False,False,high,65+,negative
64,1,jewelry,39,louisiana,2,brown,3.4,1,1,1,40,4,False,False,False,True,False,False,True,False,False,False,False,False,False,False,True,False,low,55-64,neutral
45,1,coat,93,georgia,2,silver,4.6,1,1,1,38,26,False,False,True,False,True,False,False,False,False,False,True,False,False,False,True,False,high,45-54,positive
22,1,handbag,82,washington,1,orange,2.7,1,1,1,10,4,False,False,False,False,True,False,False,False,False,False,True,False,False,False,True,False,high,18-24,negative
27,1,boots,42,virginia,2,purple,4.2,1,1,1,28,12,False,True,False,True,False,False,False,False,False,True,False,False,False,False,False,False,low,25-34,positive
25,1,gloves,71,indiana,1,indigo,3.2,1,1,1,19,1,False,False,False,False,False,True,False,False,False,False,False,False,False,False,True,False,medium,25-34,neutral
37,1,sweater,86,minnesota,2,gray,4.8,1,1,1,25,26,True,False,False,True,False,False,False,False,False,True,False,True,False,False,False,False,high,35-44,positive
26,1,t-shirt,82,idaho,3,black,3.3,1,1,1,38,1,True,False,False,True,False,False,False,False,True,False,False,False,True,False,False,False,high,25-34,neutral
33,1,shoes,65,vermont,2,maroon,4.2,1,1,1,6,26,False,True,False,False,False,False,False,False,False,True,False,False,False,False,True,False,medium,25-34,positive
43,1,scarf,29,north dakota,1,beige,4.8,1,1,1,7,26,False,False,False,True,False,False,False,False,False,False,True,False,False,True,False,False,low,35-44,positive
37,1,sneakers,65,rhode island,2,brown,4.9,1,1,1,2,1,False,True,False,False,False,True,False,False,False,False,True,False,False,False,True,False,medium,35-44,positive
46,1,dress,88,south carolina,0,black,3.9,1,1,1,24,1,True,False,False,False,False,False,False,False,False,True,False,False,False,False,False,False,high,45-54,neutral
22,1,belt,46,mississippi,1,indigo,3.0,1,1,1,26,1,False,False,False,False,False,False,False,True,False,False,False,True,False,False,False,False,medium,18-24,neutral
20,1,boots,67,montana,0,silver,4.6,1,1,1,25,4,False,True,False,False,False,True,False,True,False,False,False,False,False,True,False,False,medium,18-24,positive
60,1,scarf,35,idaho,2,blue,3.5,1,1,1,10,12,False,False,False,False,False,False,False,False,False,False,False,False,False,True,False,False,low,55-64,neutral
39,1,boots,66,utah,1,green,4.8,1,1,1,14,26,False,True,False,False,False,True,False,True,False,False,False,False,False,False,True,False,medium,35-44,positive
43,1,t-shirt,91,oklahoma,2,orange,4.8,1,1,1,21,4,True,False,False,False,False,False,False,False,False,True,False,True,False,False,False,False,high,35-44,positive
31,1,backpack,78,california,2,cyan,3.0,1,1,1,26,12,False,False,False,False,False,False,True,False,False,False,False,False,False,False,True,False,high,25-34,neutral
19,1,sneakers,45,nevada,1,orange,4.5,1,1,1,12,1,False,True,False,False,False,True,False,False,True,False,False,False,False,False,False,False,low,18-24,positive
35,1,t-shirt,93,delaware,1,indigo,4.8,1,1,1,11,12,True,False,False,True,False,False,False,False,False,False,True,False,True,False,False,False,high,35-44,positive
41,1,jeans,74,south carolina,0,silver,3.8,1,1,1,15,1,True,False,False,False,True,False,False,False,False,True,False,True,False,False,False,False,high,35-44,neutral
52,1,gloves,55,maryland,1,peach,4.6,1,1,1,13,12,False,False,False,True,False,False,True,False,False,False,False,True,False,False,False,False,medium,45-54,positive
45,1,hoodie,76,north carolina,3,teal,3.1,1,1,1,5,26,True,False,False,True,False,False,False,False,True,False,False,False,True,False,False,False,high,45-54,neutral
34,1,sneakers,66,alabama,2,white,3.4,1,1,1,36,26,False,True,False,True,False,False,True,False,False,False,False,True,False,False,False,False,medium,25-34,neutral
35,1,shorts,51,minnesota,1,brown,3.3,1,1,1,32,12,True,False,False,False,False,True,False,False,False,False,False,False,False,False,False,False,medium,35-44,neutral
29,1,sweater,26,virginia,2,lavender,4.8,1,1,1,1,4,True,False,False,True,False,False,False,False,False,False,False,False,True,False,False,False,low,25-34,positive
59,1,jeans,29,michigan,1,indigo,2.8,1,1,1,15,1,True,False,False,False,True,False,True,False,False,False,False,False,False,False,True,False,low,55-64,negative
24,1,jacket,74,maine,1,yellow,3.1,1,1,1,3,52,False,False,True,False,True,False,False,False,False,False,True,False,False,False,False,False,high,18-24,neutral
70,1,jewelry,99,nevada,0,white,4.6,1,1,1,48,12,False,False,False,False,True,False,False,True,False,False,False,True,False,False,False,False,high,65+,positive
29,1,backpack,88,wyoming,2,violet,2.6,1,1,1,30,52,False,False,False,False,False,True,False,False,False,False,True,False,False,True,False,False,high,25-34,negative
67,1,coat,31,connecticut,1,lavender,2.6,1,1,1,40,12,False,False,True,False,False,True,True,False,False,False,False,False,False,False,False,False,low,65+,negative
36,1,belt,55,oregon,2,olive,3.8,1,1,1,24,26,False,False,False,True,False,False,False,True,False,False,False,False,False,False,False,False,medium,35-44,neutral
23,1,sandals,81,mississippi,2,beige,4.5,1,1,1,48,4,False,True,False,False,False,False,False,True,False,False,False,False,False,True,False,False,high,18-24,positive
18,1,sweater,73,illinois,2,purple,3.0,1,1,1,27,26,True,False,False,True,False,False,False,False,False,True,False,False,False,False,False,True,medium,18-24,neutral
53,1,shorts,91,utah,0,teal,3.5,1,1,1,14,4,True,False,False,False,False,True,False,True,False,False,False,False,True,False,False,False,high,45-54,neutral
32,1,socks,54,north carolina,0,peach,3.8,1,1,1,18,26,True,False,False,True,False,False,False,True,False,False,False,False,False,True,False,False,medium,25-34,neutral
38,1,shirt,40,kentucky,1,violet,3.5,1,1,1,48,26,True,False,False,False,False,True,False,False,False,True,False,True,False,False,False,False,low,35-44,neutral
47,1,pants,59,minnesota,1,purple,3.1,1,1,1,32,1,True,False,False,False,False,False,False,False,False,False,True,False,False,True,False,False,medium,45-54,neutral
46,1,scarf,26,new york,2,teal,3.0,1,1,1,21,26,False,False,False,True,False,False,False,False,False,False,True,False,True,False,False,False,low,45-54,neutral
66,1,sweater,23,illinois,1,gold,4.3,1,1,1,42,26,True,False,False,False,False,True,False,False,False,True,False,False,False,False,True,False,low,65+,positive
40,1,jeans,87,north dakota,0,teal,3.3,1,1,1,4,4,True,False,False,False,False,True,False,False,False,False,True,False,True,False,False,False,high,35-44,neutral
43,1,pants,71,louisiana,1,violet,4.7,1,1,1,19,4,True,False,False,False,False,True,True,False,False,False,False,False,True,False,False,False,medium,35-44,positive
58,1,backpack,91,illinois,2,black,4.5,1,1,1,6,4,False,False,False,False,False,True,False,False,False,False,True,False,True,False,False,False,high,55-64,positive
21,1,coat,64,wyoming,3,gold,2.9,1,1,1,2,26,False,False,True,False,False,True,False,True,False,False,False,False,False,True,False,False,medium,18-24,negative
42,1,sandals,94,washington,1,gold,4.1,1,1,1,21,26,False,True,False,False,False,True,False,False,False,False,False,True,False,False,False,False,high,35-44,positive
24,1,shirt,40,texas,1,brown,3.5,1,1,1,40,1,True,False,False,False,True,False,False,False,False,False,True,False,False,True,False,False,low,18-24,neutral
43,1,hat,76,new hampshire,2,cyan,3.4,1,1,1,33,26,False,False,False,False,False,True,False,False,False,False,True,True,False,False,False,False,high,35-44,neutral
47,1,shirt,86,indiana,0,indigo,3.3,1,1,1,26,52,True,False,False,False,False,False,False,True,False,False,False,False,False,False,False,True,high,45-54,neutral
49,1,skirt,92,alabama,1,orange,3.2,1,1,1,23,26,True,False,False,False,False,False,False,False,False,False,True,False,True,False,False,False,high,45-54,neutral
50,1,shoes,52,oklahoma,2,pink,4.0,1,1,1,39,4,False,True,False,True,False,False,False,False,False,False,True,False,False,False,True,False,medium,45-54,positive
51,1,coat,28,montana,3,olive,3.6,1,1,1,42,12,False,False,True,False,False,True,False,False,True,False,False,False,False,False,False,False,low,45-54,neutral
40,1,pants,46,tennessee,2,cyan,4.6,1,1,1,41,52,True,False,False,False,True,False,False,True,False,False,False,False,False,False,False,False,medium,35-44,positive
45,1,jewelry,50,new mexico,1,peach,2.6,1,1,1,41,1,False,False,False,False,True,False,False,False,True,False,False,False,False,False,True,False,medium,45-54,negative
52,1,belt,23,iowa,1,turquoise,4.3,1,1,1,12,26,False,False,False,False,False,True,True,False,False,False,False,False,True,False,False,False,low,45-54,positive
62,1,jacket,50,idaho,1,turquoise,3.4,1,1,1,31,12,False,False,True,False,True,False,False,True,False,False,False,True,False,False,False,False,medium,55-64,neutral
20,1,shirt,89,oklahoma,3,maroon,3.5,1,1,1,34,26,True,False,False,False,False,True,False,False,False,False,True,False,False,True,False,False,high,18-24,neutral
43,1,hoodie,81,florida,1,maroon,4.2,1,1,1,32,1,True,False,False,False,False,True,False,False,False,True,False,False,True,False,False,False,high,35-44,positive
29,1,sunglasses,69,michigan,1,olive,3.5,1,1,1,31,4,False,False,False,False,False,False,False,False,False,False,True,False,True,False,False,False,medium,25-34,neutral
22,1,sunglasses,67,hawaii,1,magenta,3.6,1,1,1,24,1,False,False,False,False,True,False,False,True,False,False,False,False,False,False,True,False,medium,18-24,neutral
48,1,dress,20,california,1,red,4.3,1,1,1,31,1,True,False,False,False,True,False,False,False,False,False,True,False,False,True,False,False,low,45-54,positive
42,1,boots,29,iowa,1,olive,4.9,1,1,1,18,1,False,True,False,False,False,False,False,False,False,True,False,False,False,False,False,True,low,35-44,positive
19,1,shirt,74,west virginia,1,silver,4.1,1,1,1,15,12,True,False,False,False,True,False,False,False,False,False,True,False,False,False,False,True,high,18-24,positive
60,1,shorts,82,washington,0,turquoise,3.6,1,1,1,7,4,True,False,False,True,False,False,False,False,False,True,False,False,False,False,False,False,high,55-64,neutral
32,1,gloves,23,missouri,1,yellow,3.4,1,1,1,35,26,False,False,False,False,True,False,False,False,True,False,False,False,False,False,False,False,low,25-34,neutral
26,1,jewelry,45,new york,2,peach,2.9,1,1,1,35,12,False,False,False,False,True,False,False,False,False,False,False,False,False,False,False,False,low,25-34,negative
25,1,boots,21,connecticut,2,beige,2.7,1,1,1,19,12,False,True,False,False,True,False,False,False,False,False,True,False,True,False,False,False,low,25-34,negative
66,1,jewelry,31,virginia,1,pink,4.3,1,1,1,26,26,False,False,False,False,True,False,True,False,False,False,False,False,True,False,False,False,low,65+,positive
45,1,pants,45,missouri,1,violet,3.3,1,1,1,39,26,True,False,False,False,True,False,True,False,False,False,False,False,False,False,True,False,low,45-54,neutral
54,1,jewelry,56,nebraska,3,peach,2.8,1,1,1,22,52,False,False,False,False,False,True,False,False,True,False,False,False,True,False,False,False,medium,45-54,negative
37,1,jacket,97,new jersey,0,gold,3.2,1,1,1,14,26,False,False,True,False,True,False,False,False,True,False,False,True,False,False,False,False,high,35-44,neutral
54,1,blouse,100,utah,3,gold,3.6,1,1,1,50,26,True,False,False,False,False,False,False,False,False,False,True,False,False,True,False,False,high,45-54,neutral
50,1,blouse,96,north carolina,0,indigo,4.0,1,1,1,33,4,True,False,False,False,False,False,False,False,False,False,False,False,True,False,False,False,high,45-54,positive
25,1,gloves,99,rhode island,1,blue,4.9,1,1,1,48,4,False,False,False,True,False,False,False,False,True,False,False,False,False,True,False,False,high,25-34,positive
47,1,shorts,91,arkansas,2,black,4.0,1,1,1,48,12,True,False,False,False,False,True,False,False,False,False,False,False,False,False,True,False,high,45-54,positive
63,1,hat,30,maryland,2,black,3.8,1,1,1,27,26,False,False,False,False,False,True,False,False,False,True,False,False,False,False,True,False,low,55-64,neutral
64,1,shoes,65,south carolina,2,teal,3.7,1,1,1,27,52,False,True,False,False,True,False,False,False,False,False,True,False,False,False,False,False,medium,55-64,neutral
18,1,boots,93,ohio,1,yellow,3.9,1,1,1,20,52,False,True,False,False,False,True,True,False,False,False,False,False,False,False,False,True,high,18-24,neutral
59,1,jacket,81,illinois,1,white,3.3,1,1,1,48,4,False,False,True,False,False,False,True,False,False,False,False,False,False,False,False,True,high,55-64,neutral
37,1,jewelry,81,georgia,0,orange,2.7,1,1,1,29,52,False,False,False,False,True,False,False,False,False,True,False,False,False,False,False,True,high,35-44,negative
23,1,sunglasses,52,alabama,1,silver,4.7,1,1,1,45,12,False,False,False,False,False,True,False,False,True,False,False,False,False,False,True,False,medium,18-24,positive
54,1,skirt,88,oklahoma,1,pink,2.8,1,1,1,25,4,True,False,False,False,True,False,False,False,True,False,False,True,False,False,False,False,high,45-54,negative
38,1,jeans,24,vermont,2,turquoise,4.6,1,1,1,25,52,True,False,False,False,False,True,False,True,False,False,False,False,False,False,True,False,low,35-44,positive
19,1,backpack,51,nebraska,0,orange,4.5,1,1,1,37,4,False,False,False,True,False,False,False,False,False,False,False,False,False,True,False,False,medium,18-24,positive
34,1,backpack,38,georgia,0,peach,5.0,1,1,1,16,4,False,False,False,False,False,False,False,True,False,False,False,True,False,False,False,False,low,25-34,positive
21,1,shorts,46,alabama,2,pink,4.1,1,1,1,30,26,True,False,False,False,False,False,False,False,False,False,False,False,False,True,False,False,medium,18-24,positive
50,1,dress,63,minnesota,2,teal,4.6,1,1,1,6,4,True,False,False,False,True,False,True,False,False,False,False,True,False,False,False,False,medium,45-54,positive
55,1,scarf,72,missouri,3,white,4.9,1,1,1,36,4,False,False,False,False,False,True,False,False,False,False,False,False,False,False,False,False,medium,55-64,positive
20,1,jeans,39,georgia,2,gray,3.9,1,1,1,3,4,True,False,False,False,False,True,False,True,False,False,False,False,False,False,False,False,low,18-24,neutral
34,1,coat,42,west virginia,2,olive,3.9,1,1,1,29,4,False,False,True,True,False,False,False,False,False,False,True,False,False,False,True,False,low,25-34,neutral
62,1,sweater,76,arkansas,3,maroon,2.6,1,1,1,15,4,True,False,False,False,True,False,False,False,False,False,False,True,False,False,False,False,high,55-64,negative
21,1,sneakers,66,ohio,2,magenta,2.7,1,1,1,18,1,False,True,False,False,True,False,False,True,False,False,False,False,False,True,False,False,medium,18-24,negative
21,1,scarf,90,connecticut,1,magenta,3.5,1,1,1,2,26,False,False,False,True,False,False,False,True,False,False,False,False,False,True,False,False,high,18-24,neutral
42,1,sweater,56,north dakota,1,green,3.7,1,1,1,49,52,True,False,False,False,True,False,False,True,False,False,False,False,False,True,False,False,medium,35-44,neutral
35,1,jewelry,43,kansas,3,turquoise,3.2,1,1,1,48,1,False,False,False,False,False,True,False,True,False,False,False,False,False,False,False,True,low,35-44,neutral
39,1,handbag,84,iowa,2,yellow,3.3,1,1,1,43,12,False,False,False,False,False,True,False,False,False,False,True,False,False,False,False,True,high,35-44,neutral
68,1,hoodie,88,vermont,1,gray,4.8,1,1,1,30,26,True,False,False,False,True,False,False,False,False,True,False,False,False,True,False,False,high,65+,positive
46,1,hat,88,wisconsin,2,peach,3.2,1,1,1,10,26,False,False,False,False,False,False,False,False,False,False,False,False,False,False,True,False,high,45-54,neutral
41,1,belt,42,connecticut,1,yellow,2.5,1,1,1,11,1,False,False,False,False,False,True,False,False,False,False,False,False,False,False,False,True,low,35-44,negative
23,1,hoodie,73,oklahoma,1,white,3.9,1,1,1,12,52,True,False,False,False,False,False,False,False,False,False,True,False,False,True,False,False,medium,18-24,neutral
68,1,hat,73,missouri,2,lavender,4.7,1,1,1,28,4,False,False,False,False,True,False,False,True,False,False,False,False,False,False,False,False,medium,65+,positive
48,1,shoes,44,tennessee,0,blue,2.6,1,1,1,36,26,False,True,False,True,False,False,False,False,True,False,False,False,False,True,False,False,low,45-54,negative
38,1,sandals,63,new mexico,1,charcoal,2.8,1,1,1,37,4,False,True,False,False,False,False,False,False,False,False,True,False,False,False,False,True,medium,35-44,negative
41,1,jacket,68,iowa,2,red,4.4,1,1,1,22,4,False,False,True,False,False,True,False,False,False,False,True,False,True,False,False,False,medium,35-44,positive
58,1,sweater,29,maine,2,olive,4.6,1,1,1,32,52,True,False,False,True,False,False,False,False,False,True,False,False,False,False,False,True,low,55-64,positive
49,1,socks,85,south dakota,1,green,3.2,1,1,1,40,1,True,False,False,False,True,False,False,False,False,True,False,False,False,False,True,False,high,45-54,neutral
57,1,sneakers,42,colorado,1,silver,4.2,1,1,1,47,12,False,True,False,False,False,True,False,False,False,False,False,True,False,False,False,False,low,55-64,positive
49,1,coat,69,vermont,1,silver,3.7,1,1,1,24,26,False,False,True,False,True,False,False,False,False,False,False,False,True,False,False,False,medium,45-54,neutral
50,1,shirt,62,michigan,1,black,3.9,1,1,1,11,52,True,False,False,False,False,False,False,False,False,True,False,False,False,True,False,False,medium,45-54,neutral
28,1,backpack,48,nevada,3,red,4.7,1,1,1,19,26,False,False,False,False,True,False,False,False,False,False,True,True,False,False,False,False,medium,25-34,positive
38,1,boots,68,indiana,1,indigo,4.5,1,1,1,42,52,False,True,False,False,False,True,True,False,False,False,False,False,False,True,False,False,medium,35-44,positive
33,1,handbag,36,michigan,3,cyan,3.3,1,1,1,6,26,False,False,False,False,False,False,False,True,False,False,False,False,False,True,False,False,low,25-34,neutral
30,1,dress,63,california,0,maroon,3.3,1,1,1,31,26,True,False,False,False,False,False,True,False,False,False,False,False,False,False,False,True,medium,25-34,neutral
43,1,sneakers,39,oklahoma,0,silver,4.6,1,1,1,31,52,False,True,False,False,False,True,False,True,False,False,False,True,False,False,False,False,low,35-44,positive
43,1,boots,78,iowa,1,lavender,3.6,1,1,1,27,12,False,True,False,True,False,False,False,True,False,False,False,False,False,False,False,False,high,35-44,neutral
36,1,shoes,99,rhode island,2,silver,4.8,1,1,1,24,12,False,True,False,False,False,True,True,False,False,False,False,False,False,False,True,False,high,35-44,positive
36,1,t-shirt,31,washington,2,purple,4.8,1,1,1,35,4,True,False,False,False,False,False,False,False,True,False,False,False,False,False,False,True,low,35-44,positive
64,1,boots,45,florida,1,cyan,2.9,1,1,1,21,1,False,True,False,True,False,False,False,False,True,False,False,False,False,False,False,True,low,55-64,negative
59,1,pants,30,south carolina,0,cyan,2.8,1,1,1,8,26,True,False,False,False,False,False,True,False,False,False,False,False,False,False,True,False,low,55-64,negative
55,1,shoes,24,west virginia,1,lavender,3.2,1,1,1,26,4,False,True,False,False,True,False,False,False,True,False,False,False,False,False,False,False,low,55-64,neutral
42,1,shoes,22,missouri,1,maroon,3.9,1,1,1,26,1,False,True,False,False,False,True,False,True,False,False,False,False,False,False,True,False,low,35-44,neutral
61,1,t-shirt,63,maine,2,gray,4.3,1,1,1,9,26,True,False,False,True,False,False,True,False,False,False,False,True,False,False,False,False,medium,55-64,positive
28,1,scarf,40,georgia,1,olive,2.7,1,1,1,48,1,False,False,False,False,False,False,False,False,False,False,False,False,False,True,False,False,low,25-34,negative
65,1,shorts,20,maine,1,magenta,5.0,1,1,1,33,26,True,False,False,True,False,False,False,False,False,False,True,False,False,True,False,False,low,65+,positive
27,1,jewelry,20,illinois,0,yellow,3.7,1,1,1,31,4,False,False,False,False,False,True,False,False,False,False,True,False,False,False,True,False,low,25-34,neutral
41,1,t-shirt,80,delaware,2,cyan,3.9,1,1,1,17,52,True,False,False,False,True,False,False,True,False,False,False,False,False,True,False,False,high,35-44,neutral
21,1,shirt,87,west virginia,1,teal,3.9,1,1,1,22,1,True,False,False,False,False,False,False,False,False,False,False,False,False,False,False,True,high,18-24,neutral
61,1,shirt,46,hawaii,2,yellow,3.1,1,1,1,8,1,True,False,False,False,False,False,False,True,False,False,False,False,False,False,True,False,medium,55-64,neutral
19,1,gloves,49,new york,2,peach,3.3,1,1,1,2,12,False,False,False,False,False,True,False,False,True,False,False,False,False,False,False,False,medium,18-24,neutral
22,1,scarf,65,new mexico,1,peach,3.6,1,1,1,45,1,False,False,False,False,False,False,False,False,False,False,True,False,False,False,False,True,medium,18-24,neutral
64,1,skirt,62,indiana,0,olive,4.3,1,1,1,47,4,True,False,False,False,False,True,False,False,False,True,False,False,False,False,True,False,medium,55-64,positive
28,1,hat,67,kentucky,2,charcoal,4.5,1,1,1,7,12,False,False,False,True,False,False,False,False,True,False,False,True,False,False,False,False,medium,25-34,positive
34,1,hoodie,41,west virginia,2,indigo,2.8,1,1,1,19,26,True,False,False,False,False,False,False,False,False,False,False,False,False,True,False,False,low,25-34,negative
61,1,boots,49,north dakota,2,silver,2.7,1,1,1,44,4,False,True,False,False,False,False,False,True,False,False,False,True,False,False,False,False,medium,55-64,negative
24,1,blouse,100,oregon,1,beige,2.9,1,1,1,16,4,True,False,False,False,False,False,False,False,True,False,False,False,False,False,False,True,high,18-24,negative
19,1,belt,54,minnesota,2,blue,4.4,1,1,1,17,4,False,False,False,False,True,False,False,False,False,False,False,False,False,False,False,False,medium,18-24,positive
51,1,sunglasses,84,south carolina,1,white,3.9,1,1,1,20,4,False,False,False,True,False,False,False,True,False,False,False,False,False,True,False,False,high,45-54,neutral
36,1,shorts,41,vermont,2,gold,3.5,1,1,1,50,1,True,False,False,False,False,True,False,False,False,True,False,False,False,False,False,False,low,35-44,neutral
65,1,gloves,88,minnesota,1,blue,2.5,1,1,1,37,4,False,False,False,True,False,False,False,False,False,False,True,True,False,False,False,False,high,65+,negative
46,1,sandals,40,delaware,1,orange,4.9,1,1,1,5,4,False,True,False,True,False,False,True,False,False,False,False,False,False,False,True,False,low,45-54,positive
59,1,shirt,39,pennsylvania,1,gold,4.8,1,1,1,44,1,True,False,False,False,True,False,False,True,False,False,False,False,False,False,True,False,low,55-64,positive
51,1,coat,37,iowa,1,cyan,3.2,1,1,1,41,12,False,False,True,True,False,False,False,False,True,False,False,False,False,True,False,False,low,45-54,neutral
51,1,pants,52,new jersey,0,red,4.9,1,1,1,19,12,True,False,False,False,False,True,False,False,False,True,False,True,False,False,False,False,medium,45-54,positive
21,1,t-shirt,23,south carolina,2,yellow,4.3,1,1,1,47,4,True,False,False,False,False,True,False,False,True,False,False,False,False,False,False,False,low,18-24,positive
34,1,sneakers,88,maryland,0,beige,3.2,1,1,1,40,1,False,True,False,False,False,True,True,False,False,False,False,True,False,False,False,False,high,25-34,neutral
32,1,shorts,84,california,1,orange,3.7,1,1,1,6,12,True,False,False,False,False,False,False,False,False,True,False,False,True,False,False,False,high,25-34,neutral
48,1,coat,37,montana,3,magenta,3.2,1,1,1,25,26,False,False,True,False,False,True,False,False,False,False,True,False,True,False,False,False,low,45-54,neutral
50,1,sandals,51,vermont,2,purple,3.4,1,1,1,42,52,False,True,False,False,False,False,False,False,True,False,False,True,False,False,False,False,medium,45-54,neutral
26,1,pants,76,texas,2,black,4.1,1,1,1,35,4,True,False,False,False,False,True,True,False,False,False,False,False,False,False,False,False,high,25-34,positive
57,1,sandals,60,north carolina,2,pink,4.5,1,1,1,17,52,False,True,False,True,False,False,False,False,True,False,False,False,False,True,False,False,medium,55-64,positive
65,1,gloves,72,florida,2,pink,4.5,1,1,1,4,4,False,False,False,False,False,False,False,False,True,False,False,False,False,False,True,False,medium,65+,positive
56,1,t-shirt,45,west virginia,2,maroon,3.2,1,1,1,24,52,True,False,False,True,False,False,False,True,False,False,False,False,False,False,False,False,low,55-64,neutral
44,1,jacket,84,illinois,0,maroon,4.4,1,1,1,16,4,False,False,True,False,False,False,False,False,False,False,True,False,False,True,False,False,high,35-44,positive
50,1,blouse,49,virginia,0,turquoise,3.0,1,1,1,14,1,True,False,False,False,True,False,False,False,False,False,True,False,False,True,False,False,medium,45-54,neutral
27,1,socks,22,virginia,3,green,3.2,1,1,1,43,52,True,False,False,True,False,False,False,True,False,False,False,True,False,False,False,False,low,25-34,neutral
49,1,coat,48,wyoming,1,violet,4.0,1,1,1,49,52,False,False,True,False,False,True,False,False,False,False,True,False,False,True,False,False,medium,45-54,positive
49,1,dress,37,south carolina,1,lavender,3.1,1,1,1,33,4,True,False,False,True,False,False,False,False,True,False,False,True,False,False,False,False,low,45-54,neutral
52,1,jacket,27,connecticut,2,gray,2.8,1,1,1,45,26,False,False,True,False,False,False,False,False,True,False,False,True,False,False,False,False,low,45-54,negative
27,1,boots,79,illinois,3,teal,4.6,1,1,1,35,26,False,True,False,True,False,False,False,False,True,False,False,True,False,False,False,False,high,25-34,positive
53,1,skirt,98,alabama,0,red,4.3,1,1,1,11,12,True,False,False,True,False,False,True,False,False,False,False,False,True,False,False,False,high,45-54,positive
34,1,sandals,64,washington,0,yellow,3.3,1,1,1,30,4,False,True,False,False,True,False,False,False,False,True,False,False,False,False,False,False,medium,25-34,neutral
33,1,coat,32,alabama,2,magenta,3.5,1,1,1,48,1,False,False,True,False,True,False,False,False,False,False,False,False,False,True,False,False,low,25-34,neutral
62,1,hoodie,74,new mexico,1,brown,3.4,1,1,1,45,26,True,False,False,False,False,True,False,True,False,False,False,False,False,False,False,True,high,55-64,neutral
38,1,jacket,50,nevada,1,blue,2.8,1,1,1,26,52,False,False,True,False,False,True,False,True,False,False,False,False,False,False,False,True,medium,35-44,negative
36,1,backpack,64,nebraska,1,black,4.6,1,1,1,41,4,False,False,False,False,False,True,False,False,False,False,True,False,False,True,False,False,medium,35-44,positive
31,1,backpack,29,arizona,0,olive,3.6,1,1,1,37,26,False,False,False,False,False,False,True,False,False,False,False,False,False,False,False,True,low,25-34,neutral
62,1,belt,62,georgia,1,olive,3.3,1,1,1,12,52,False,False,False,False,True,False,False,False,False,False,True,False,False,False,True,False,medium,55-64,neutral
29,1,coat,78,idaho,3,green,3.1,1,1,1,27,26,False,False,True,False,False,False,False,False,False,False,False,True,False,False,False,False,high,25-34,neutral
24,1,t-shirt,94,missouri,1,peach,3.5,1,1,1,18,52,True,False,False,False,False,False,True,False,False,False,False,False,False,False,False,False,high,18-24,neutral
63,1,sunglasses,59,florida,1,white,3.2,1,1,1,15,4,False,False,False,False,False,True,True,False,False,False,False,False,True,False,False,False,medium,55-64,neutral
56,1,sneakers,47,minnesota,1,red,3.0,1,1,1,34,52,False,True,False,False,True,False,True,False,False,False,False,False,False,False,False,False,medium,55-64,neutral
63,1,gloves,57,maine,1,white,4.8,1,1,1,37,1,False,False,False,False,False,False,True,False,False,False,False,False,False,False,False,True,medium,55-64,positive
40,1,coat,90,montana,2,indigo,5.0,1,1,1,21,26,False,False,True,False,False,True,False,False,False,False,True,True,False,False,False,False,high,35-44,positive
18,1,shirt,60,alaska,1,white,2.9,1,1,1,31,52,True,False,False,True,False,False,False,True,False,False,False,False,False,True,False,False,medium,18-24,negative
50,1,sneakers,77,iowa,2,teal,3.2,1,1,1,43,4,False,True,False,False,False,False,True,False,False,False,False,False,False,True,False,False,high,45-54,neutral
66,1,scarf,41,arizona,1,indigo,2.9,1,1,1,22,12,False,False,False,False,False,False,False,False,False,False,True,False,False,False,False,False,low,65+,negative
25,1,jewelry,48,louisiana,2,red,3.3,1,1,1,12,1,False,False,False,False,False,False,False,True,False,False,False,False,False,True,False,False,medium,25-34,neutral
65,1,jacket,65,alabama,1,blue,2.6,1,1,1,25,26,False,False,True,False,False,False,False,False,True,False,False,False,False,False,True,False,medium,65+,negative
53,1,jeans,62,missouri,1,blue,3.5,1,1,1,40,1,True,False,False,False,True,False,False,False,False,True,False,False,False,True,False,False,medium,45-54,neutral
61,1,shoes,99,idaho,1,black,4.4,1,1,1,16,4,False,True,False,False,False,False,False,False,False,True,False,False,False,True,False,False,high,55-64,positive
67,1,hoodie,58,florida,1,olive,3.4,1,1,1,30,52,True,False,False,False,False,True,False,False,True,False,False,False,False,False,False,False,medium,65+,neutral
59,1,backpack,43,idaho,2,lavender,4.2,1,1,1,10,52,False,False,False,False,False,False,False,False,False,False,True,False,False,False,False,True,low,55-64,positive
55,1,sneakers,93,alabama,1,indigo,3.6,1,1,1,1,26,False,True,False,True,False,False,False,False,False,False,True,False,False,True,False,False,high,55-64,neutral
21,1,blouse,50,new hampshire,0,red,3.0,1,1,1,24,26,True,False,False,False,False,True,False,False,True,False,False,False,False,False,False,True,medium,18-24,neutral
44,1,pants,88,utah,2,red,4.0,1,1,1,36,12,True,False,False,False,True,False,False,True,False,False,False,False,False,False,True,False,high,35-44,positive
65,1,skirt,33,alabama,1,pink,4.4,1,1,1,46,4,True,False,False,False,False,False,True,False,False,False,False,False,True,False,False,False,low,65+,positive
65,1,t-shirt,99,iowa,3,purple,4.1,1,1,1,20,1,True,False,False,False,False,False,False,False,False,True,False,True,False,False,False,False,high,65+,positive
54,1,jacket,76,kentucky,3,cyan,3.6,1,1,1,37,52,False,False,True,True,False,False,False,True,False,False,False,False,False,False,False,True,high,45-54,neutral
56,1,scarf,97,south carolina,3,cyan,4.6,1,1,1,26,1,False,False,False,False,True,False,False,False,True,False,False,False,False,False,False,False,high,55-64,positive
58,1,pants,68,california,1,charcoal,3.2,1,1,1,23,26,True,False,False,False,True,False,False,False,False,False,False,False,True,False,False,False,medium,55-64,neutral
54,1,sneakers,79,maine,2,red,4.8,1,1,1,20,26,False,True,False,False,False,False,False,True,False,False,False,False,False,False,False,False,high,45-54,positive
58,1,jeans,86,nebraska,1,peach,4.8,1,1,1,38,12,True,False,False,False,False,False,True,False,False,False,False,False,False,False,True,False,high,55-64,positive
48,1,hat,68,washington,1,black,5.0,1,1,1,5,4,False,False,False,False,False,True,False,False,False,False,False,False,True,False,False,False,medium,45-54,positive
19,1,skirt,52,alabama,1,black,3.7,1,1,1,41,1,True,False,False,False,False,False,False,False,False,False,True,False,False,False,False,True,medium,18-24,neutral
69,1,sandals,90,maine,1,purple,4.6,1,1,1,22,26,False,True,False,False,False,False,False,False,True,False,False,False,True,False,False,False,high,65+,positive
58,1,sandals,41,california,1,violet,3.7,1,1,1,48,1,False,True,False,False,False,True,False,True,False,False,False,False,True,False,False,False,low,55-64,neutral
49,1,sweater,80,iowa,1,orange,4.1,1,1,1,10,52,True,False,False,True,False,False,False,True,False,False,False,False,False,False,True,False,high,45-54,positive
32,1,sweater,100,iowa,3,charcoal,2.7,1,1,1,12,4,True,False,False,False,False,True,False,False,False,False,True,False,False,False,False,False,high,25-34,negative
40,1,jacket,77,colorado,2,turquoise,4.9,1,1,1,2,4,False,False,True,True,False,False,False,False,False,False,True,False,False,False,False,False,high,35-44,positive
25,1,shorts,78,california,2,yellow,4.0,1,1,1,38,12,True,False,False,True,False,False,False,False,False,False,True,False,False,False,True,False,high,25-34,positive
70,1,socks,94,indiana,1,white,4.7,1,1,1,20,12,True,False,False,True,False,False,False,True,False,False,False,False,False,True,False,False,high,65+,positive
69,1,socks,23,south carolina,1,gray,2.8,1,1,1,5,4,True,False,False,False,False,False,False,False,True,False,False,True,False,False,False,False,low,65+,negative
45,1,hoodie,20,wisconsin,0,blue,4.9,1,1,1,9,1,True,False,False,False,False,True,False,False,False,False,False,False,False,False,False,True,low,45-54,positive
29,1,socks,86,washington,0,maroon,4.2,1,1,1,48,4,True,False,False,False,False,False,True,False,False,False,False,False,False,True,False,False,high,25-34,positive
47,1,boots,60,south dakota,1,violet,3.0,1,1,1,9,4,False,True,False,False,False,False,False,False,False,True,False,False,False,True,False,False,medium,45-54,neutral
28,1,shirt,70,minnesota,1,orange,3.4,1,1,1,40,1,True,False,False,False,False,False,False,False,False,False,False,False,False,False,True,False,medium,25-34,neutral
64,1,belt,39,alaska,0,turquoise,4.6,1,1,1,30,26,False,False,False,False,False,False,False,False,False,True,False,False,False,False,False,True,low,55-64,positive
47,1,backpack,37,kentucky,2,olive,4.2,1,1,1,6,26,False,False,False,False,False,False,False,False,False,False,True,False,False,True,False,False,low,45-54,positive
60,1,boots,29,north dakota,1,brown,3.2,1,1,1,42,4,False,True,False,False,False,False,False,True,False,False,False,False,False,False,False,True,low,55-64,neutral
67,1,coat,35,alaska,0,green,4.4,1,1,1,9,4,False,False,True,False,False,True,False,False,False,False,True,False,False,False,True,False,low,65+,positive
35,1,hoodie,83,oklahoma,0,brown,2.5,1,1,1,6,12,True,False,False,False,False,True,False,False,True,False,False,False,False,True,False,False,high,35-44,negative
30,1,shoes,77,delaware,1,silver,3.6,1,1,1,47,4,False,True,False,False,True,False,False,False,True,False,False,False,False,False,True,False,high,25-34,neutral
23,1,shoes,37,montana,3,white,4.5,1,1,1,36,1,False,True,False,False,True,False,False,False,False,False,True,False,False,False,False,True,low,18-24,positive
70,1,jewelry,69,alaska,2,gold,3.4,1,1,1,19,26,False,False,False,False,True,False,False,False,False,True,False,False,False,False,False,False,medium,65+,neutral
21,1,dress,66,california,2,green,3.2,1,1,1,30,4,True,False,False,False,False,True,False,False,False,False,False,True,False,False,False,False,medium,18-24,neutral
51,1,boots,26,massachusetts,2,teal,4.2,1,1,1,27,4,False,True,False,True,False,False,False,False,False,True,False,False,False,True,False,False,low,45-54,positive
22,1,hat,63,south carolina,1,charcoal,5.0,1,1,1,25,12,False,False,False,True,False,False,False,False,False,False,False,False,False,False,False,True,medium,18-24,positive
32,1,backpack,38,west virginia,1,maroon,4.7,1,1,1,5,26,False,False,False,False,True,False,False,False,False,False,True,True,False,False,False,False,low,25-34,positive
37,1,shoes,58,oregon,2,lavender,4.2,1,1,1,10,4,False,True,False,False,True,False,False,False,True,False,False,True,False,False,False,False,medium,35-44,positive
31,1,handbag,46,massachusetts,2,green,3.4,1,1,1,26,4,False,False,False,False,False,True,False,False,False,False,False,False,False,False,True,False,medium,25-34,neutral
44,1,sunglasses,92,west virginia,0,pink,4.4,1,1,1,11,4,False,False,False,False,False,False,False,False,False,False,True,False,True,False,False,False,high,35-44,positive
40,1,hat,32,california,3,charcoal,4.2,1,1,1,17,52,False,False,False,False,False,True,False,False,False,True,False,False,False,False,False,False,low,35-44,positive
27,1,scarf,90,colorado,1,blue,4.5,1,1,1,44,12,False,False,False,True,False,False,False,False,False,True,False,False,False,False,True,False,high,25-34,positive
47,1,hoodie,23,indiana,2,purple,2.8,1,1,1,44,12,True,False,False,False,False,False,False,False,True,False,False,True,False,False,False,False,low,45-54,negative
41,1,backpack,25,delaware,0,gold,3.3,1,1,1,21,4,False,False,False,False,False,False,False,False,True,False,False,False,False,False,False,True,low,35-44,neutral
51,1,sweater,54,ohio,2,purple,4.6,1,1,1,49,26,True,False,False,False,False,False,False,False,True,False,False,False,True,False,False,False,medium,45-54,positive
53,1,shorts,72,oklahoma,1,charcoal,2.5,1,1,1,27,4,True,False,False,False,True,False,False,True,False,False,False,False,False,False,False,False,medium,45-54,negative
43,1,scarf,33,california,1,black,4.7,1,1,1,19,12,False,False,False,False,False,True,False,False,False,False,True,True,False,False,False,False,low,35-44,positive
67,1,hat,43,new hampshire,2,lavender,4.6,1,1,1,33,4,False,False,False,False,False,False,True,False,False,False,False,False,True,False,False,False,low,65+,positive
61,1,coat,51,pennsylvania,2,lavender,2.6,1,1,1,46,26,False,False,True,False,False,False,False,False,False,True,False,True,False,False,False,False,medium,55-64,negative
68,1,jewelry,85,idaho,1,lavender,4.0,1,1,1,21,26,False,False,False,False,False,True,False,False,False,True,False,False,True,False,False,False,high,65+,positive
67,1,sandals,100,maryland,2,olive,2.6,1,1,1,23,1,False,True,False,False,True,False,False,False,True,False,False,False,False,False,False,True,high,65+,negative
29,1,gloves,72,pennsylvania,2,teal,4.6,1,1,1,38,4,False,False,False,True,False,False,False,True,False,False,False,False,True,False,False,False,medium,25-34,positive
50,1,backpack,57,colorado,1,maroon,2.6,1,1,1,2,4,False,False,False,False,False,False,False,False,False,True,False,False,False,False,False,False,medium,45-54,negative
61,1,jacket,94,indiana,2,cyan,4.0,1,1,1,21,26,False,False,True,True,False,False,True,False,False,False,False,False,False,True,False,False,high,55-64,positive
19,1,backpack,34,nebraska,1,charcoal,4.6,1,1,1,1,4,False,False,False,False,True,False,False,False,False,False,True,False,False,True,False,False,low,18-24,positive
33,1,backpack,89,rhode island,1,black,3.7,1,1,1,10,4,False,False,False,False,False,False,False,False,False,False,False,False,False,False,False,True,high,25-34,neutral
51,1,sunglasses,27,kansas,0,red,4.4,1,1,1,45,52,False,False,False,False,False,False,False,False,False,False,True,False,True,False,False,False,low,45-54,positive
69,1,socks,63,georgia,0,peach,4.0,1,1,1,44,26,True,False,False,True,False,False,False,False,True,False,False,False,False,False,False,False,medium,65+,positive
19,1,shoes,70,nevada,1,white,4.7,1,1,1,48,26,False,True,False,False,False,False,False,False,False,True,False,False,False,False,True,False,medium,18-24,positive
55,1,pants,87,south carolina,3,pink,3.4,1,1,1,21,1,True,False,False,False,False,False,True,False,False,False,False,False,False,False,True,False,high,55-64,neutral
49,1,jewelry,79,delaware,1,red,4.0,1,1,1,1,52,False,False,False,False,False,False,False,False,True,False,False,False,False,False,False,True,high,45-54,positive
31,1,sunglasses,79,new hampshire,1,indigo,3.9,1,1,1,10,1,False,False,False,True,False,False,False,False,False,True,False,False,False,False,False,True,high,25-34,neutral
42,1,sandals,44,oregon,2,black,4.1,1,1,1,24,12,False,True,False,False,False,True,True,False,False,False,False,False,False,False,True,False,low,35-44,positive
69,1,sweater,85,massachusetts,1,white,3.7,1,1,1,29,12,True,False,False,False,False,False,False,False,False,False,False,False,True,False,False,False,high,65+,neutral
26,1,shoes,90,vermont,2,beige,4.7,1,1,1,11,1,False,True,False,True,False,False,False,False,False,True,False,False,False,True,False,False,high,25-34,positive
41,1,jewelry,94,mississippi,0,silver,4.3,1,1,1,33,1,False,False,False,False,False,False,False,False,False,False,False,False,False,True,False,False,high,35-44,positive
55,1,boots,68,washington,0,violet,4.1,1,1,1,27,26,False,True,False,False,True,False,False,False,False,False,True,True,False,False,False,False,medium,55-64,positive
35,1,backpack,51,wyoming,1,red,3.9,1,1,1,19,26,False,False,False,False,False,True,False,False,True,False,False,False,False,False,False,True,medium,35-44,neutral
66,1,sandals,33,minnesota,1,orange,2.9,1,1,1,50,4,False,True,False,True,False,False,True,False,False,False,False,False,False,True,False,False,low,65+,negative
36,1,sneakers,60,ohio,1,teal,3.9,1,1,1,46,52,False,True,False,False,True,False,False,False,False,True,False,False,False,False,True,False,medium,35-44,neutral
27,1,hoodie,59,south carolina,1,brown,4.3,1,1,1,28,4,True,False,False,False,False,False,False,False,False,False,False,True,False,False,False,False,medium,25-34,positive
41,1,handbag,30,wisconsin,1,indigo,2.8,1,1,1,14,4,False,False,False,False,True,False,False,False,False,False,True,False,False,False,False,False,low,35-44,negative
21,1,sweater,20,tennessee,1,cyan,3.4,1,1,1,46,26,True,False,False,False,False,True,False,False,False,False,False,True,False,False,False,False,low,18-24,neutral
53,1,sandals,20,maryland,0,blue,2.7,1,1,1,41,12,False,True,False,False,True,False,True,False,False,False,False,False,False,False,True,False,low,45-54,negative
54,1,dress,24,mississippi,2,olive,4.0,1,1,1,50,1,True,False,False,True,False,False,False,False,False,False,False,False,True,False,False,False,low,45-54,positive
53,1,skirt,88,minnesota,1,gray,4.4,1,1,1,28,26,True,False,False,False,True,False,False,False,False,False,True,False,False,True,False,False,high,45-54,positive
47,1,blouse,78,alaska,1,red,3.9,1,1,1,23,4,True,False,False,False,False,True,False,False,False,False,False,False,True,False,False,False,high,45-54,neutral
64,1,skirt,25,arkansas,2,red,2.8,1,1,1,14,26,True,False,False,True,False,False,False,False,False,False,False,False,False,True,False,False,low,55-64,negative
18,1,sweater,57,oregon,3,green,3.2,1,1,1,10,4,True,False,False,False,False,True,False,False,True,False,False,False,False,False,False,False,medium,18-24,neutral
68,1,backpack,93,louisiana,0,blue,4.3,1,1,1,37,52,False,False,False,False,True,False,False,False,True,False,False,True,False,False,False,False,high,65+,positive
62,1,hoodie,42,oklahoma,0,purple,4.2,1,1,1,15,26,True,False,False,False,True,False,True,False,False,False,False,False,False,False,False,True,low,55-64,positive
51,1,boots,54,indiana,3,pink,4.9,1,1,1,19,26,False,True,False,True,False,False,False,False,False,True,False,False,False,False,False,True,medium,45-54,positive
54,1,blouse,70,mississippi,3,charcoal,3.7,1,1,1,23,26,True,False,False,False,True,False,True,False,False,False,False,False,True,False,False,False,medium,45-54,neutral
22,1,hoodie,31,michigan,1,brown,4.1,1,1,1,35,52,True,False,False,False,False,True,False,False,False,False,True,False,True,False,False,False,low,18-24,positive
53,1,pants,93,delaware,2,orange,4.2,1,1,1,33,4,True,False,False,True,False,False,False,False,False,False,True,False,False,False,True,False,high,45-54,positive
34,1,gloves,40,florida,1,magenta,3.9,1,1,1,12,1,False,False,False,True,False,False,False,False,True,False,False,False,False,False,False,False,low,25-34,neutral
32,1,hat,32,arkansas,2,yellow,2.9,1,1,1,41,26,False,False,False,False,True,False,False,False,True,False,False,False,False,False,False,True,low,25-34,negative
64,1,sunglasses,27,minnesota,1,beige,3.1,1,1,1,27,52,False,False,False,False,False,True,False,True,False,False,False,False,False,False,False,True,low,55-64,neutral
20,1,scarf,68,north dakota,1,olive,3.6,1,1,1,45,26,False,False,False,False,False,True,False,False,False,False,False,True,False,False,False,False,medium,18-24,neutral
24,1,handbag,59,california,2,gray,4.4,1,1,1,23,1,False,False,False,False,True,False,False,False,False,False,False,False,False,False,False,True,medium,18-24,positive
20,1,handbag,36,mississippi,0,purple,3.1,1,1,1,19,12,False,False,False,False,False,False,False,True,False,False,False,False,False,False,False,True,low,18-24,neutral
42,1,jeans,23,pennsylvania,1,beige,3.9,1,1,1,6,4,True,False,False,False,True,False,False,False,False,True,False,False,False,False,True,False,low,35-44,neutral
48,1,jacket,80,arizona,1,white,4.3,1,1,1,6,4,False,False,True,False,False,True,False,True,False,False,False,False,False,False,True,False,high,45-54,positive
62,1,backpack,37,louisiana,0,white,4.9,1,1,1,20,52,False,False,False,False,False,False,False,False,False,False,True,False,False,False,False,True,low,55-64,positive
62,1,shorts,52,virginia,0,gold,3.6,1,1,1,8,52,True,False,False,True,False,False,False,False,False,False,False,True,False,False,False,False,medium,55-64,neutral
50,1,coat,79,montana,1,olive,5.0,1,1,1,39,4,False,False,True,False,False,False,False,False,False,False,False,False,True,False,False,False,high,45-54,positive
57,1,shirt,68,iowa,3,green,4.1,1,1,1,39,4,True,False,False,False,False,False,False,False,False,False,True,False,True,False,False,False,medium,55-64,positive
24,1,gloves,98,illinois,2,magenta,2.8,1,1,1,39,26,False,False,False,False,False,False,True,False,False,False,False,False,False,False,False,True,high,18-24,negative
59,1,dress,83,alaska,1,charcoal,4.7,1,1,1,23,12,True,False,False,False,False,False,True,False,False,False,False,False,True,False,False,False,high,55-64,positive
63,1,pants,83,colorado,1,indigo,4.4,1,1,1,41,26,True,False,False,False,False,True,True,False,False,False,False,False,False,False,True,False,high,55-64,positive
41,1,pants,55,new mexico,1,peach,4.9,1,1,1,50,1,True,False,False,True,False,False,False,False,False,False,False,False,True,False,False,False,medium,35-44,positive
35,1,hoodie,26,colorado,2,turquoise,3.1,1,1,1,30,4,True,False,False,False,False,True,False,True,False,False,False,False,False,True,False,False,low,35-44,neutral
34,1,sunglasses,76,arizona,0,blue,2.6,1,1,1,32,4,False,False,False,False,False,True,False,False,False,True,False,False,False,False,False,False,high,25-34,negative
49,1,t-shirt,85,hawaii,0,turquoise,2.9,1,1,1,35,12,True,False,False,False,False,False,True,False,False,False,False,False,False,False,False,False,high,45-54,negative
43,1,jacket,89,illinois,1,gray,3.3,1,1,1,45,26,False,False,True,True,False,False,False,True,False,False,False,False,False,False,False,True,high,35-44,neutral
63,1,sweater,41,louisiana,3,purple,4.8,1,1,1,37,26,True,False,False,True,False,False,False,False,True,False,False,True,False,False,False,False,low,55-64,positive
38,1,jacket,30,iowa,2,black,4.7,1,1,1,45,52,False,False,True,False,False,True,True,False,False,False,False,True,False,False,False,False,low,35-44,positive
59,1,socks,53,washington,1,peach,3.3,1,1,1,29,4,True,False,False,False,False,True,False,False,False,False,False,True,False,False,False,False,medium,55-64,neutral
35,1,shirt,66,oklahoma,1,indigo,4.2,1,1,1,27,26,True,False,False,True,False,False,False,True,False,False,False,False,False,False,False,True,medium,35-44,positive
48,1,jewelry,33,washington,3,beige,4.7,1,1,1,36,1,False,False,False,False,False,True,False,False,False,False,True,False,False,False,False,False,low,45-54,positive
64,1,sunglasses,86,arkansas,1,yellow,2.6,1,1,1,9,1,False,False,False,True,False,False,False,False,False,False,False,True,False,False,False,False,high,55-64,negative
28,1,pants,60,connecticut,1,peach,2.9,1,1,1,38,26,True,False,False,False,False,True,False,False,False,False,False,False,False,False,False,True,medium,25-34,negative
60,1,socks,62,washington,0,turquoise,2.7,1,1,1,41,1,True,False,False,False,True,False,True,False,False,False,False,False,False,False,True,False,medium,55-64,negative
27,1,blouse,74,maine,1,teal,3.3,1,1,1,25,4,True,False,False,False,False,False,False,False,False,False,True,False,False,True,False,False,high,25-34,neutral
56,1,sandals,95,michigan,1,turquoise,3.4,1,1,1,37,26,False,True,False,False,False,False,True,False,False,False,False,False,False,False,False,True,high,55-64,neutral
58,1,sneakers,25,tennessee,1,magenta,4.2,1,1,1,3,1,False,True,False,True,False,False,True,False,False,False,False,False,False,False,True,False,low,55-64,positive
30,1,shirt,59,louisiana,3,purple,3.8,1,1,1,24,4,True,False,False,False,False,True,False,False,False,False,False,False,True,False,False,False,medium,25-34,neutral
23,1,jacket,29,missouri,1,brown,4.0,1,1,1,49,26,False,False,True,False,True,False,False,False,False,True,False,False,True,False,False,False,low,18-24,positive
33,1,sandals,36,michigan,0,violet,2.7,1,1,1,3,12,False,True,False,False,False,True,False,True,False,False,False,False,False,False,False,False,low,25-34,negative
63,1,hat,82,alabama,1,yellow,4.7,1,1,1,42,12,False,False,False,False,True,False,True,False,False,False,False,False,False,True,False,False,high,55-64,positive
70,1,blouse,71,massachusetts,3,magenta,3.5,1,1,1,32,26,True,False,False,False,False,True,False,False,False,True,False,True,False,False,False,False,medium,65+,neutral
70,1,sweater,35,indiana,2,beige,3.0,1,1,1,33,26,True,False,False,False,False,False,False,False,False,False,False,False,False,False,False,True,low,65+,neutral
19,1,gloves,38,west virginia,3,turquoise,3.3,1,1,1,46,4,False,False,False,False,False,True,False,True,False,False,False,False,False,False,False,False,low,18-24,neutral
25,1,scarf,59,michigan,0,peach,4.7,1,1,1,44,12,False,False,False,False,True,False,False,False,False,False,True,False,False,False,False,True,medium,25-34,positive
19,1,hoodie,91,pennsylvania,1,orange,4.7,1,1,1,35,4,True,False,False,False,True,False,True,False,False,False,False,False,True,False,False,False,high,18-24,positive
25,1,shorts,68,alaska,3,red,4.8,1,1,1,45,52,True,False,False,True,False,False,False,False,False,True,False,False,False,False,False,False,medium,25-34,positive
60,1,backpack,21,massachusetts,2,silver,2.9,1,1,1,37,26,False,False,False,False,True,False,False,False,False,True,False,False,False,False,True,False,low,55-64,negative
35,1,sunglasses,95,north dakota,1,cyan,4.0,1,1,1,40,4,False,False,False,True,False,False,False,False,False,False,False,False,False,True,False,False,high,35-44,positive
46,1,shorts,52,vermont,2,turquoise,3.1,1,1,1,30,4,True,False,False,True,False,False,False,True,False,False,False,True,False,False,False,False,medium,45-54,neutral
41,1,dress,21,kentucky,0,charcoal,3.5,1,1,1,38,4,True,False,False,False,False,False,False,False,False,False,False,False,False,False,False,True,low,35-44,neutral
30,1,shorts,67,nevada,3,peach,3.7,1,1,1,15,4,True,False,False,False,True,False,False,False,True,False,False,False,False,True,False,False,medium,25-34,neutral
44,1,belt,42,utah,2,green,2.8,1,1,1,49,12,False,False,False,False,False,False,False,False,False,True,False,True,False,False,False,False,low,35-44,negative
61,1,scarf,63,north dakota,3,brown,4.6,1,1,1,40,4,False,False,False,False,True,False,False,True,False,False,False,False,False,True,False,False,medium,55-64,positive
55,1,boots,41,iowa,1,yellow,3.8,1,1,1,40,52,False,True,False,False,False,True,False,False,False,True,False,False,False,True,False,False,low,55-64,neutral
50,1,handbag,46,connecticut,1,charcoal,2.6,1,1,1,5,52,False,False,False,False,False,False,False,False,False,False,False,False,False,False,True,False,medium,45-54,negative
57,1,pants,79,wisconsin,2,olive,4.1,1,1,1,5,12,True,False,False,False,False,True,False,False,False,True,False,False,False,False,True,False,high,55-64,positive
51,1,boots,90,idaho,2,red,3.3,1,1,1,5,4,False,True,False,False,False,False,False,False,True,False,False,False,False,True,False,False,high,45-54,neutral
18,1,shirt,71,montana,1,white,3.4,1,1,1,1,52,True,False,False,False,False,True,False,False,False,False,True,True,False,False,False,False,medium,18-24,neutral
63,1,dress,87,connecticut,2,pink,3.0,1,1,1,21,52,True,False,False,False,True,False,False,False,False,True,False,False,False,False,False,True,high,55-64,neutral
34,1,hoodie,66,idaho,0,black,3.2,1,1,1,18,1,True,False,False,True,False,False,True,False,False,False,False,False,False,False,True,False,medium,25-34,neutral
25,1,pants,90,arkansas,3,indigo,4.5,1,1,1,49,4,True,False,False,False,True,False,False,True,False,False,False,True,False,False,False,False,high,25-34,positive
46,1,jeans,47,iowa,2,turquoise,4.8,1,1,1,27,52,True,False,False,False,True,False,True,False,False,False,False,False,False,True,False,False,medium,45-54,positive
59,1,shirt,38,louisiana,2,purple,3.7,1,1,1,21,1,True,False,False,True,False,False,False,False,True,False,False,False,False,False,False,True,low,55-64,neutral
37,1,backpack,50,kentucky,2,beige,3.4,1,1,1,19,26,False,False,False,False,True,False,False,False,False,False,True,True,False,False,False,False,medium,35-44,neutral
49,1,jacket,79,massachusetts,2,charcoal,4.6,1,1,1,23,12,False,False,True,False,True,False,False,False,False,True,False,False,False,True,False,False,high,45-54,positive
22,1,scarf,91,virginia,2,turquoise,4.1,1,1,1,26,26,False,False,False,True,False,False,False,False,False,True,False,False,False,False,True,False,high,18-24,positive
64,1,boots,60,new hampshire,1,maroon,3.5,1,1,1,13,26,False,True,False,True,False,False,False,False,False,False,False,False,False,False,False,False,medium,55-64,neutral
42,1,blouse,81,new hampshire,3,black,3.8,1,1,1,36,4,True,False,False,False,True,False,False,False,True,False,False,False,False,False,False,False,high,35-44,neutral
37,1,hoodie,90,oregon,1,lavender,2.6,1,1,1,39,26,True,False,False,False,True,False,True,False,False,False,False,False,False,False,False,False,high,35-44,negative
26,1,jacket,70,south dakota,1,magenta,4.4,1,1,1,40,26,False,False,True,False,False,False,False,False,False,False,True,False,False,True,False,False,medium,25-34,positive
33,1,jeans,63,delaware,2,green,2.6,1,1,1,37,4,True,False,False,True,False,False,True,False,False,False,False,False,False,True,False,False,medium,25-34,negative
30,1,jewelry,29,missouri,1,olive,3.6,1,1,1,9,26,False,False,False,True,False,False,True,False,False,False,False,False,False,False,False,True,low,25-34,neutral
21,1,socks,90,alaska,2,green,4.2,1,1,1,7,4,True,False,False,True,False,False,True,False,False,False,False,False,False,False,False,True,high,18-24,positive
22,1,shirt,22,florida,1,peach,4.6,1,1,1,25,1,True,False,False,False,True,False,False,False,False,True,False,False,False,False,False,False,low,18-24,positive
63,1,shorts,22,mississippi,2,turquoise,3.3,1,1,1,42,26,True,False,False,False,True,False,False,False,True,False,False,False,False,False,False,True,low,55-64,neutral
33,1,jewelry,62,new mexico,2,orange,3.4,1,1,1,19,52,False,False,False,False,False,False,False,True,False,False,False,False,False,True,False,False,medium,25-34,neutral
43,1,blouse,57,california,2,silver,4.4,1,1,1,41,4,True,False,False,False,True,False,False,False,True,False,False,False,False,True,False,False,medium,35-44,positive
27,1,sweater,32,wyoming,0,blue,4.3,1,1,1,50,26,True,False,False,False,True,False,False,False,False,False,True,True,False,False,False,False,low,25-34,positive
35,1,jewelry,53,missouri,2,cyan,3.5,1,1,1,43,12,False,False,False,False,False,False,True,False,False,False,False,False,False,False,True,False,medium,35-44,neutral
37,1,t-shirt,79,new hampshire,3,green,4.7,1,1,1,36,4,True,False,False,False,False,False,False,False,False,False,True,False,False,False,False,True,high,35-44,positive
61,1,hat,61,texas,2,silver,3.1,1,1,1,33,26,False,False,False,False,False,True,False,False,False,True,False,False,False,True,False,False,medium,55-64,neutral
32,1,shorts,78,north dakota,2,yellow,3.6,1,1,1,20,4,True,False,False,False,True,False,False,False,True,False,False,False,False,False,False,False,high,25-34,neutral
62,1,sweater,97,arkansas,0,gray,4.8,1,1,1,37,4,True,False,False,False,False,True,False,False,True,False,False,False,False,False,False,True,high,55-64,positive
29,1,jeans,78,nebraska,1,pink,3.7,1,1,1,12,4,True,False,False,False,False,True,False,False,True,False,False,False,False,False,True,False,high,25-34,neutral
41,1,sunglasses,56,minnesota,2,beige,3.2,1,1,1,46,4,False,False,False,False,True,False,True,False,False,False,False,False,False,False,True,False,medium,35-44,neutral
48,1,boots,25,massachusetts,1,indigo,3.9,1,1,1,28,26,False,True,False,False,True,False,False,False,False,True,False,False,False,False,False,True,low,45-54,neutral
43,1,coat,28,arkansas,1,red,3.5,1,1,1,30,26,False,False,True,True,False,False,False,True,False,False,False,False,False,False,True,False,low,35-44,neutral
34,1,shirt,57,new hampshire,2,blue,2.8,1,1,1,28,26,True,False,False,True,False,False,True,False,False,False,False,True,False,False,False,False,medium,25-34,negative
45,1,dress,36,rhode island,2,cyan,2.7,1,1,1,20,26,True,False,False,False,False,False,False,False,False,False,False,False,False,True,False,False,low,45-54,negative
65,1,shirt,69,new jersey,0,violet,3.1,1,1,1,39,4,True,False,False,False,False,True,True,False,False,False,False,False,False,False,False,False,medium,65+,neutral
61,1,sunglasses,48,montana,1,orange,3.6,1,1,1,48,26,False,False,False,False,False,False,False,False,False,False,False,True,False,False,False,False,medium,55-64,neutral
18,1,dress,58,colorado,2,maroon,2.9,1,1,1,32,4,True,False,False,True,False,False,False,False,False,False,False,False,True,False,False,False,medium,18-24,negative
47,1,sunglasses,24,nebraska,1,teal,3.6,1,1,1,28,1,False,False,False,True,False,False,False,False,False,False,True,False,False,False,True,False,low,45-54,neutral
56,1,sunglasses,31,minnesota,2,orange,3.5,1,1,1,27,4,False,False,False,False,False,True,False,False,False,False,False,False,False,False,False,True,low,55-64,neutral
64,1,shorts,29,minnesota,0,purple,3.5,1,1,1,26,26,True,False,False,False,True,False,False,True,False,False,False,False,False,False,False,True,low,55-64,neutral
26,1,jeans,69,south dakota,1,orange,2.8,1,1,1,22,26,True,False,False,False,True,False,False,False,True,False,False,False,True,False,False,False,medium,25-34,negative
22,1,t-shirt,79,west virginia,3,yellow,4.7,1,1,1,23,4,True,False,False,False,True,False,False,True,False,False,False,False,False,False,False,False,high,18-24,positive
64,1,pants,39,nevada,1,charcoal,3.1,1,1,1,21,4,True,False,False,False,True,False,True,False,False,False,False,False,False,True,False,False,low,55-64,neutral
21,1,sunglasses,84,north carolina,2,gray,4.9,1,1,1,36,52,False,False,False,False,False,False,False,True,False,False,False,True,False,False,False,False,high,18-24,positive
67,1,boots,66,illinois,0,charcoal,4.1,1,1,1,42,26,False,True,False,True,False,False,False,False,True,False,False,False,False,True,False,False,medium,65+,positive
46,1,t-shirt,92,michigan,2,orange,4.7,1,1,1,4,12,True,False,False,False,False,False,False,False,False,True,False,False,False,False,False,True,high,45-54,positive
40,1,sandals,45,michigan,1,red,2.5,1,1,1,47,1,False,True,False,False,False,True,False,True,False,False,False,False,True,False,False,False,low,35-44,negative
51,1,shorts,74,oklahoma,2,gold,4.4,1,1,1,13,52,True,False,False,True,False,False,False,False,True,False,False,False,False,False,False,False,high,45-54,positive
35,1,hat,39,south dakota,2,brown,3.9,1,1,1,8,4,False,False,False,False,False,False,False,True,False,False,False,False,False,False,False,False,low,35-44,neutral
56,1,scarf,71,oklahoma,1,olive,3.7,1,1,1,11,4,False,False,False,False,False,True,False,False,False,True,False,False,False,True,False,False,medium,55-64,neutral
25,1,t-shirt,95,maryland,2,violet,3.4,1,1,1,5,1,True,False,False,False,False,False,False,True,False,False,False,False,False,False,False,True,high,25-34,neutral
65,1,gloves,72,ohio,2,indigo,4.8,1,1,1,1,12,False,False,False,False,False,False,False,True,False,False,False,False,True,False,False,False,medium,65+,positive
39,1,scarf,85,ohio,2,yellow,4.2,1,1,1,17,4,False,False,False,False,False,False,False,False,False,False,False,False,False,False,True,False,high,35-44,positive
47,1,boots,54,massachusetts,1,teal,3.4,1,1,1,27,4,False,True,False,False,False,False,False,False,False,False,True,False,False,False,False,True,medium,45-54,neutral
36,1,gloves,41,north carolina,2,pink,2.9,1,1,1,3,4,False,False,False,True,False,False,False,False,False,False,True,False,False,True,False,False,low,35-44,negative
66,1,coat,24,florida,1,violet,3.3,1,1,1,22,52,False,False,True,True,False,False,False,True,False,False,False,False,False,False,True,False,low,65+,neutral
62,1,belt,99,montana,0,orange,4.8,1,1,1,24,26,False,False,False,False,True,False,False,False,False,True,False,True,False,False,False,False,high,55-64,positive
41,1,hoodie,32,minnesota,1,red,3.8,1,1,1,18,4,True,False,False,False,False,False,False,False,False,False,True,False,False,True,False,False,low,35-44,neutral
66,1,shoes,71,massachusetts,2,peach,4.6,1,1,1,39,4,False,True,False,False,True,False,False,False,False,False,False,False,False,False,False,False,medium,65+,positive
51,1,dress,49,rhode island,3,green,2.6,1,1,1,25,26,True,False,False,False,False,True,False,False,True,False,False,False,True,False,False,False,medium,45-54,negative
33,1,gloves,50,minnesota,3,violet,3.4,1,1,1,6,1,False,False,False,False,False,False,False,True,False,False,False,True,False,False,False,False,medium,25-34,neutral
57,1,jewelry,91,nevada,2,yellow,4.2,1,1,1,26,52,False,False,False,False,False,False,True,False,False,False,False,False,False,False,False,False,high,55-64,positive
45,1,belt,46,new mexico,1,pink,3.9,1,1,1,43,26,False,False,False,False,False,False,False,False,False,True,False,False,False,True,False,False,medium,45-54,neutral
61,1,sweater,50,north carolina,1,brown,2.9,1,1,1,6,12,True,False,False,True,False,False,False,False,False,False,False,False,True,False,False,False,medium,55-64,negative
55,1,skirt,39,virginia,3,silver,4.2,1,1,1,6,4,True,False,False,False,False,False,False,True,False,False,False,False,False,True,False,False,low,55-64,positive
54,1,sneakers,99,alaska,1,pink,3.0,1,1,1,13,4,False,True,False,False,True,False,False,False,False,False,True,True,False,False,False,False,high,45-54,neutral
57,1,gloves,48,nevada,1,cyan,3.6,1,1,1,13,12,False,False,False,False,False,True,False,False,True,False,False,False,False,False,True,False,medium,55-64,neutral
27,1,coat,77,pennsylvania,1,brown,2.5,1,1,1,11,1,False,False,True,False,False,False,False,False,True,False,False,True,False,False,False,False,high,25-34,negative
64,1,backpack,95,illinois,3,red,2.6,1,1,1,45,52,False,False,False,True,False,False,True,False,False,False,False,False,False,False,False,True,high,55-64,negative
52,1,socks,100,delaware,1,silver,4.3,1,1,1,8,12,True,False,False,True,False,False,False,False,False,False,True,False,False,False,True,False,high,45-54,positive
19,1,sneakers,54,vermont,1,gray,3.3,1,1,1,8,1,False,True,False,True,False,False,True,False,False,False,False,False,True,False,False,False,medium,18-24,neutral
22,1,sweater,68,hawaii,2,cyan,2.6,1,1,1,34,26,True,False,False,False,False,False,False,False,True,False,False,False,False,False,False,False,medium,18-24,negative
18,1,jeans,22,illinois,2,teal,3.6,1,1,1,40,26,True,False,False,False,False,False,False,True,False,False,False,False,False,True,False,False,low,18-24,neutral
29,1,hat,84,california,2,indigo,2.6,1,1,1,14,26,False,False,False,False,False,True,True,False,False,False,False,False,False,True,False,False,high,25-34,negative
42,1,hat,46,nevada,1,yellow,3.5,1,1,1,11,4,False,False,False,False,True,False,False,False,False,True,False,False,True,False,False,False,medium,35-44,neutral
49,1,handbag,53,kentucky,0,gold,3.0,1,1,1,8,12,False,False,False,False,False,True,False,False,False,False,True,False,False,False,True,False,medium,45-54,neutral
49,1,shirt,60,alabama,1,maroon,5.0,1,1,1,8,4,True,False,False,True,False,False,False,False,False,True,False,False,False,False,False,True,medium,45-54,positive
55,1,socks,32,wyoming,3,silver,2.5,1,1,1,37,52,True,False,False,True,False,False,True,False,False,False,False,False,False,False,False,True,low,55-64,negative
29,1,socks,50,massachusetts,1,yellow,2.9,1,1,1,23,1,True,False,False,False,True,False,False,False,False,False,True,False,False,True,False,False,medium,25-34,negative
60,1,dress,94,utah,1,blue,4.6,1,1,1,38,1,True,False,False,True,False,False,True,False,False,False,False,True,False,False,False,False,high,55-64,positive
34,1,shoes,26,new york,1,turquoise,3.6,1,1,1,38,4,False,True,False,True,False,False,False,True,False,False,False,True,False,False,False,False,low,25-34,neutral
30,1,scarf,44,vermont,2,indigo,3.0,1,1,1,12,26,False,False,False,False,False,True,False,False,False,False,True,False,True,False,False,False,low,25-34,neutral
28,1,hoodie,57,hawaii,1,green,4.5,1,1,1,15,52,True,False,False,False,True,False,False,False,False,True,False,True,False,False,False,False,medium,25-34,positive
63,1,t-shirt,65,louisiana,2,purple,4.5,1,1,1,38,26,True,False,False,False,False,True,False,False,True,False,False,False,False,False,True,False,medium,55-64,positive
31,1,jeans,72,alabama,1,peach,3.2,1,1,1,41,4,True,False,False,False,False,True,False,False,False,False,True,False,False,False,False,False,medium,25-34,neutral
46,1,shorts,62,louisiana,0,purple,4.0,1,1,1,37,26,True,False,False,True,False,False,False,False,True,False,False,False,False,False,True,False,medium,45-54,positive
70,1,hat,21,indiana,0,teal,4.8,1,1,1,16,4,False,False,False,False,False,True,True,False,False,False,False,False,False,False,False,False,low,65+,positive
53,1,handbag,85,michigan,0,green,3.7,1,1,1,25,52,False,False,False,True,False,False,False,True,False,False,False,False,False,False,False,True,high,45-54,neutral
50,1,pants,51,rhode island,3,yellow,3.8,1,1,1,18,4,True,False,False,False,True,False,False,False,False,False,True,False,False,False,False,False,medium,45-54,neutral
33,1,handbag,84,idaho,0,purple,2.7,1,1,1,4,26,False,False,False,False,False,False,False,False,False,True,False,False,True,False,False,False,high,25-34,negative
22,1,sweater,37,louisiana,1,indigo,4.9,1,1,1,12,4,True,False,False,False,True,False,False,False,False,False,True,False,False,False,False,False,low,18-24,positive
50,1,scarf,44,north carolina,0,magenta,3.1,1,1,1,35,26,False,False,False,False,True,False,False,False,False,False,False,False,False,False,True,False,low,45-54,neutral
34,1,sneakers,45,new jersey,1,violet,4.2,1,1,1,45,52,False,True,False,True,False,False,False,False,True,False,False,False,False,False,False,True,low,25-34,positive
24,1,pants,35,alabama,2,maroon,3.8,1,1,1,16,12,True,False,False,False,True,False,False,True,False,False,False,False,True,False,False,False,low,18-24,neutral
69,1,backpack,50,kentucky,3,yellow,4.2,1,1,1,10,26,False,False,False,False,False,True,False,False,False,False,True,False,False,True,False,False,medium,65+,positive
39,1,sandals,26,new york,1,beige,4.6,1,1,1,34,1,False,True,False,False,True,False,False,False,False,False,True,False,False,False,False,True,low,35-44,positive
42,1,socks,78,arizona,3,black,4.0,1,1,1,43,1,True,False,False,False,False,False,False,False,False,False,False,False,True,False,False,False,high,35-44,positive
42,1,coat,82,maryland,1,violet,4.0,1,1,1,38,52,False,False,True,False,False,False,False,False,False,False,False,False,False,True,False,False,high,35-44,positive
29,1,socks,39,alaska,1,violet,3.8,1,1,1,48,4,True,False,False,True,False,False,False,False,False,False,False,False,False,False,True,False,low,25-34,neutral
55,1,belt,55,nevada,2,brown,3.3,1,1,1,31,1,False,False,False,False,True,False,False,True,False,False,False,False,False,False,True,False,medium,55-64,neutral
32,1,socks,20,utah,0,gold,2.6,1,1,1,20,4,True,False,False,False,True,False,False,True,False,False,False,True,False,False,False,False,low,25-34,negative
25,1,belt,29,new mexico,2,blue,4.9,1,1,1,12,26,False,False,False,False,False,False,True,False,False,False,False,False,True,False,False,False,low,25-34,positive
38,1,pants,41,delaware,1,teal,3.5,1,1,1,2,52,True,False,False,False,False,True,False,False,True,False,False,False,False,False,False,False,low,35-44,neutral
32,1,shorts,38,connecticut,2,silver,2.8,1,1,1,30,4,True,False,False,False,False,True,True,False,False,False,False,False,False,False,False,True,low,25-34,negative
43,1,boots,47,mississippi,1,maroon,2.6,1,1,1,28,4,False,True,False,False,True,False,False,False,False,False,True,False,False,False,False,True,medium,35-44,negative
41,1,dress,30,connecticut,2,white,3.7,1,1,1,40,12,True,False,False,False,True,False,False,False,True,False,False,False,False,True,False,False,low,35-44,neutral
56,1,jeans,56,florida,2,charcoal,2.7,1,1,1,46,4,True,False,False,False,True,False,False,False,False,True,False,False,False,False,True,False,medium,55-64,negative
27,1,t-shirt,89,new york,0,brown,3.3,1,1,1,15,52,True,False,False,False,False,True,True,False,False,False,False,False,True,False,False,False,high,25-34,neutral
46,1,shoes,96,wisconsin,2,lavender,4.6,1,1,1,38,4,False,True,False,False,False,False,False,False,True,False,False,True,False,False,False,False,high,45-54,positive
48,1,boots,81,south carolina,1,violet,4.9,1,1,1,30,26,False,True,False,False,False,False,False,False,True,False,False,False,False,False,True,False,high,45-54,positive
52,1,scarf,83,south dakota,0,lavender,4.9,1,1,1,32,26,False,False,False,False,False,False,False,False,False,False,True,False,False,True,False,False,high,45-54,positive
18,1,sneakers,35,illinois,1,green,2.7,1,1,1,36,4,False,True,False,False,False,True,False,True,False,False,False,False,False,False,False,True,low,18-24,negative
64,1,boots,56,alaska,1,olive,3.2,1,1,1,32,52,False,True,False,False,True,False,False,False,False,True,False,False,True,False,False,False,medium,55-64,neutral
54,1,handbag,45,montana,0,olive,2.9,1,1,1,14,1,False,False,False,False,True,False,False,False,False,False,True,False,False,True,False,False,low,45-54,negative
31,1,shirt,62,minnesota,1,pink,3.8,1,1,1,8,12,True,False,False,False,False,True,True,False,False,False,False,False,False,False,True,False,medium,25-34,neutral
30,1,hat,84,west virginia,2,teal,3.0,1,1,1,27,26,False,False,False,True,False,False,False,False,True,False,False,False,False,False,False,True,high,25-34,neutral
26,1,sweater,24,illinois,2,cyan,3.9,1,1,1,24,12,True,False,False,False,True,False,False,False,False,False,True,False,False,True,False,False,low,25-34,neutral
25,1,handbag,21,nevada,0,gray,4.7,1,1,1,30,26,False,False,False,True,False,False,False,False,False,False,True,False,False,False,True,False,low,25-34,positive
59,1,shirt,91,idaho,1,peach,4.9,1,1,1,34,12,True,False,False,False,False,True,False,False,False,False,True,False,False,True,False,False,high,55-64,positive
55,1,sunglasses,36,colorado,0,teal,4.8,1,1,1,28,4,False,False,False,False,False,True,False,False,True,False,False,False,False,True,False,False,low,55-64,positive
56,1,sneakers,39,louisiana,1,turquoise,2.5,1,1,1,27,12,False,True,False,True,False,False,False,False,False,False,False,False,False,True,False,False,low,55-64,negative
62,1,hoodie,39,vermont,1,green,3.9,1,1,1,31,26,True,False,False,True,False,False,False,False,False,True,False,False,True,False,False,False,low,55-64,neutral
35,1,shirt,59,mississippi,2,magenta,3.4,1,1,1,23,1,True,False,False,False,False,True,False,False,False,True,False,False,False,False,False,False,medium,35-44,neutral
51,1,sunglasses,27,georgia,1,green,2.5,1,1,1,11,4,False,False,False,False,False,True,False,True,False,False,False,False,True,False,False,False,low,45-54,negative
61,1,blouse,94,georgia,1,white,3.0,1,1,1,48,4,True,False,False,True,False,False,False,False,False,False,True,True,False,False,False,False,high,55-64,neutral
27,1,belt,94,nebraska,3,brown,3.6,1,1,1,17,12,False,False,False,False,False,False,False,False,True,False,False,True,False,False,False,False,high,25-34,neutral
54,1,dress,94,massachusetts,1,purple,3.6,1,1,1,36,52,True,False,False,False,False,True,False,False,False,True,False,False,False,False,True,False,high,45-54,neutral
31,1,shoes,51,colorado,0,green,4.1,1,1,1,33,26,False,True,False,False,False,False,False,True,False,False,False,False,False,False,False,False,medium,25-34,positive
24,1,socks,62,nevada,1,peach,3.7,1,1,1,27,26,True,False,False,False,False,False,False,False,False,False,False,False,False,False,True,False,medium,18-24,neutral
42,1,socks,57,idaho,0,silver,3.1,1,1,1,14,26,True,False,False,True,False,False,False,False,False,False,False,False,True,False,False,False,medium,35-44,neutral
41,1,shorts,76,wyoming,1,maroon,4.2,1,1,1,5,1,True,False,False,False,False,False,True,False,False,False,False,False,True,False,False,False,high,35-44,positive
66,1,gloves,63,washington,1,red,4.3,1,1,1,47,4,False,False,False,False,True,False,True,False,False,False,False,True,False,False,False,False,medium,65+,positive
58,1,jacket,80,california,2,blue,2.5,1,1,1,28,26,False,False,True,False,False,False,True,False,False,False,False,True,False,False,False,False,high,55-64,negative
43,1,handbag,68,oklahoma,1,purple,3.5,1,1,1,11,1,False,False,False,False,False,False,False,False,False,True,False,False,True,False,False,False,medium,35-44,neutral
52,1,backpack,89,nevada,1,indigo,3.1,1,1,1,18,52,False,False,False,False,True,False,False,True,False,False,False,False,True,False,False,False,high,45-54,neutral
35,1,boots,26,maryland,2,indigo,2.5,1,1,1,21,52,False,True,False,False,True,False,False,False,True,False,False,False,False,True,False,False,low,35-44,negative
23,1,gloves,90,west virginia,2,violet,3.9,1,1,1,22,26,False,False,False,False,False,True,False,False,False,False,True,True,False,False,False,False,high,18-24,neutral
25,1,hoodie,28,illinois,2,brown,4.9,1,1,1,33,4,True,False,False,True,False,False,True,False,False,False,False,True,False,False,False,False,low,25-34,positive
33,1,coat,29,kentucky,1,gray,4.3,1,1,1,49,1,False,False,True,True,False,False,True,False,False,False,False,False,True,False,False,False,low,25-34,positive
48,1,shirt,31,illinois,2,teal,2.6,1,1,1,10,4,True,False,False,True,False,False,False,True,False,False,False,False,False,True,False,False,low,45-54,negative
42,1,shirt,24,alabama,2,teal,4.2,1,1,1,18,52,True,False,False,False,True,False,False,False,False,False,False,False,False,False,True,False,low,35-44,positive
55,1,sweater,88,texas,1,beige,2.6,1,1,1,28,26,True,False,False,False,True,False,False,False,False,False,True,False,False,False,True,False,high,55-64,negative
59,1,shirt,87,missouri,1,violet,3.6,1,1,1,25,52,True,False,False,True,False,False,True,False,False,False,False,False,False,False,True,False,high,55-64,neutral
65,1,hoodie,80,pennsylvania,0,beige,3.2,1,1,1,6,52,True,False,False,False,True,False,True,False,False,False,False,False,False,False,True,False,high,65+,neutral
59,1,sandals,48,missouri,2,purple,4.4,1,1,1,44,26,False,True,False,False,False,True,True,False,False,False,False,False,False,False,False,True,medium,55-64,positive
31,1,belt,21,michigan,3,charcoal,3.7,1,1,1,30,12,False,False,False,False,False,True,False,False,False,True,False,False,False,False,False,True,low,25-34,neutral
49,1,boots,72,kentucky,1,pink,3.7,1,1,1,42,4,False,True,False,True,False,False,True,False,False,False,False,False,False,True,False,False,medium,45-54,neutral
53,1,hoodie,44,new jersey,2,blue,4.1,1,1,1,30,12,True,False,False,False,False,False,False,False,False,True,False,False,False,False,True,False,low,45-54,positive
48,1,sandals,73,delaware,1,lavender,3.6,1,1,1,33,26,False,True,False,False,False,False,False,False,False,False,True,False,True,False,False,False,medium,45-54,neutral
23,1,jeans,61,missouri,0,charcoal,4.3,1,1,1,24,4,True,False,False,True,False,False,True,False,False,False,False,False,False,False,True,False,medium,18-24,positive
68,1,shoes,20,connecticut,2,turquoise,2.6,1,1,1,13,12,False,True,False,False,False,True,False,False,False,False,True,False,False,False,False,True,low,65+,negative
35,1,sandals,86,massachusetts,1,red,2.9,1,1,1,19,12,False,True,False,False,True,False,True,False,False,False,False,False,False,True,False,False,high,35-44,negative
34,1,dress,60,florida,2,yellow,4.2,1,1,1,23,4,True,False,False,True,False,False,False,False,True,False,False,False,False,True,False,False,medium,25-34,positive
62,1,hat,43,delaware,2,orange,4.0,1,1,1,35,12,False,False,False,False,False,True,False,True,False,False,False,True,False,False,False,False,low,55-64,positive
21,1,pants,44,california,2,blue,4.3,1,1,1,22,12,True,False,False,True,False,False,False,True,False,False,False,False,False,False,False,True,low,18-24,positive
70,1,socks,76,oregon,2,gold,3.0,1,1,1,14,4,True,False,False,True,False,False,False,False,False,False,False,False,True,False,False,False,high,65+,neutral
55,1,shirt,33,alaska,1,gold,3.5,1,1,1,47,26,True,False,False,False,True,False,True,False,False,False,False,False,False,True,False,False,low,55-64,neutral
43,1,shorts,60,missouri,2,cyan,3.0,1,1,1,50,4,True,False,False,False,False,False,False,False,False,True,False,False,False,True,False,False,medium,35-44,neutral
19,1,jacket,26,oklahoma,2,olive,3.1,1,1,1,33,52,False,False,True,False,False,False,False,True,False,False,False,False,False,False,True,False,low,18-24,neutral
47,1,hoodie,73,wisconsin,1,teal,4.0,1,1,1,7,12,True,False,False,False,False,True,False,False,True,False,False,False,False,True,False,False,medium,45-54,positive
26,1,shoes,87,south carolina,1,maroon,4.1,1,1,1,3,12,False,True,False,True,False,False,False,False,False,True,False,True,False,False,False,False,high,25-34,positive
46,1,skirt,100,virginia,3,green,3.3,1,1,1,35,4,True,False,False,True,False,False,False,False,False,False,False,False,True,False,False,False,high,45-54,neutral
19,1,coat,84,arkansas,1,charcoal,4.9,1,1,1,13,26,False,False,True,False,False,True,False,False,False,True,False,False,False,False,True,False,high,18-24,positive
49,1,sneakers,41,vermont,1,cyan,3.9,1,1,1,42,26,False,True,False,False,True,False,False,False,False,True,False,False,False,False,True,False,low,45-54,neutral
51,1,jeans,59,kentucky,0,charcoal,3.9,1,1,1,5,1,True,False,False,False,False,True,False,False,True,False,False,False,False,False,True,False,medium,45-54,neutral
64,1,blouse,26,colorado,2,charcoal,4.8,1,1,1,23,1,True,False,False,False,False,True,False,False,False,False,True,False,False,False,False,True,low,55-64,positive
67,1,sunglasses,69,new mexico,1,lavender,2.7,1,1,1,11,26,False,False,False,False,True,False,False,True,False,False,False,False,False,False,True,False,medium,65+,negative
37,1,jacket,20,colorado,1,turquoise,3.1,1,1,1,23,26,False,False,True,True,False,False,False,True,False,False,False,False,False,False,False,False,low,35-44,neutral
40,1,dress,83,north carolina,1,green,3.2,1,1,1,2,4,True,False,False,False,True,False,False,False,True,False,False,False,True,False,False,False,high,35-44,neutral
38,1,hat,54,new hampshire,1,silver,2.7,1,1,1,33,52,False,False,False,True,False,False,False,False,False,False,False,False,False,False,True,False,medium,35-44,negative
66,1,hoodie,66,west virginia,1,blue,2.5,1,1,1,6,26,True,False,False,False,False,False,False,False,False,True,False,False,False,False,False,False,medium,65+,negative
47,1,handbag,42,hawaii,1,charcoal,2.6,1,1,1,45,4,False,False,False,True,False,False,False,False,True,False,False,False,False,True,False,False,low,45-54,negative
56,1,jeans,33,north dakota,1,pink,2.9,1,1,1,25,4,True,False,False,True,False,False,False,False,False,True,False,True,False,False,False,False,low,55-64,negative
51,1,boots,77,mississippi,1,pink,4.2,1,1,1,24,4,False,True,False,False,True,False,False,True,False,False,False,False,False,False,False,True,high,45-54,positive
25,1,jacket,65,maine,1,magenta,4.4,1,1,1,10,4,False,False,True,False,False,False,False,True,False,False,False,False,False,False,False,True,medium,25-34,positive
37,1,sandals,39,north dakota,2,gray,4.1,1,1,1,7,4,False,True,False,False,True,False,False,True,False,False,False,False,False,False,False,False,low,35-44,positive
41,1,belt,51,nebraska,2,gray,3.8,1,1,1,1,52,False,False,False,False,True,False,False,False,False,False,False,False,False,True,False,False,medium,35-44,neutral
64,1,handbag,65,nebraska,1,orange,4.9,1,1,1,45,4,False,False,False,False,False,True,False,False,True,False,False,False,False,False,False,True,medium,55-64,positive
23,1,sunglasses,89,tennessee,0,black,4.9,1,1,1,37,52,False,False,False,False,True,False,True,False,False,False,False,False,False,True,False,False,high,18-24,positive
62,1,skirt,76,wyoming,0,lavender,4.1,1,1,1,14,4,True,False,False,True,False,False,False,True,False,False,False,False,False,False,True,False,high,55-64,positive
39,1,backpack,75,nevada,2,red,3.1,1,1,1,25,12,False,False,False,True,False,False,True,False,False,False,False,False,False,True,False,False,high,35-44,neutral
52,1,sandals,61,south carolina,1,silver,2.7,1,1,1,18,1,False,True,False,False,True,False,False,False,True,False,False,False,False,False,False,True,medium,45-54,negative
50,1,boots,35,virginia,1,cyan,3.8,1,1,1,37,4,False,True,False,False,False,False,False,False,True,False,False,True,False,False,False,False,low,45-54,neutral
28,1,sneakers,37,pennsylvania,0,gold,4.3,1,1,1,30,12,False,True,False,False,False,False,False,True,False,False,False,False,False,False,False,False,low,25-34,positive
67,1,skirt,91,hawaii,2,yellow,4.1,1,1,1,34,52,True,False,False,False,False,True,True,False,False,False,False,False,False,False,False,False,high,65+,positive
41,1,dress,99,ohio,2,purple,4.4,1,1,1,49,4,True,False,False,False,False,False,False,True,False,False,False,False,False,True,False,False,high,35-44,positive
19,1,shorts,54,utah,0,brown,3.6,1,1,1,48,12,True,False,False,False,True,False,True,False,False,False,False,False,False,False,False,False,medium,18-24,neutral
70,1,handbag,47,minnesota,2,turquoise,3.3,1,1,1,33,26,False,False,False,False,False,True,False,False,False,False,False,False,False,False,True,False,medium,65+,neutral
49,1,scarf,77,new hampshire,0,gold,3.6,1,1,1,44,1,False,False,False,True,False,False,True,False,False,False,False,True,False,False,False,False,high,45-54,neutral
59,1,belt,84,arizona,0,olive,2.8,1,1,1,50,52,False,False,False,False,False,False,False,True,False,False,False,False,False,False,False,True,high,55-64,negative
52,1,gloves,51,new york,0,purple,4.3,1,1,1,47,12,False,False,False,True,False,False,False,False,False,False,False,False,True,False,False,False,medium,45-54,positive
20,1,skirt,26,pennsylvania,0,lavender,3.9,1,1,1,24,4,True,False,False,False,True,False,False,False,False,False,True,False,False,False,True,False,low,18-24,neutral
31,1,shorts,64,new mexico,2,gray,2.7,1,1,1,43,12,True,False,False,False,True,False,False,True,False,False,False,False,False,True,False,False,medium,25-34,negative
33,1,backpack,51,nebraska,1,red,4.7,1,1,1,14,12,False,False,False,True,False,False,True,False,False,False,False,False,False,False,False,True,medium,25-34,positive
44,1,hoodie,60,wyoming,2,purple,3.8,1,1,1,3,4,True,False,False,True,False,False,False,True,False,False,False,False,False,True,False,False,medium,35-44,neutral
40,1,hat,69,mississippi,3,olive,4.7,1,1,1,33,4,False,False,False,True,False,False,False,False,True,False,False,False,False,True,False,False,medium,35-44,positive
69,1,jewelry,29,arkansas,1,lavender,4.7,1,1,1,38,26,False,False,False,True,False,False,True,False,False,False,False,True,False,False,False,False,low,65+,positive
29,1,shirt,91,illinois,1,gray,3.4,1,1,1,46,52,True,False,False,True,False,False,True,False,False,False,False,False,False,False,False,True,high,25-34,neutral
54,1,belt,70,nevada,2,red,3.5,1,1,1,19,4,False,False,False,True,False,False,False,False,False,False,False,False,False,False,False,False,medium,45-54,neutral
65,1,sweater,58,rhode island,1,peach,4.0,1,1,1,20,1,True,False,False,False,True,False,False,False,False,True,False,False,False,False,True,False,medium,65+,positive
54,1,hat,98,west virginia,2,gray,3.3,1,1,1,42,4,False,False,False,False,False,False,False,True,False,False,False,False,False,False,False,False,high,45-54,neutral
60,1,scarf,68,missouri,2,violet,4.7,1,1,1,34,12,False,False,False,False,True,False,False,False,False,False,False,True,False,False,False,False,medium,55-64,positive
43,1,hat,44,kentucky,1,beige,2.8,1,1,1,5,12,False,False,False,False,True,False,False,False,True,False,False,True,False,False,False,False,low,35-44,negative
44,1,jacket,45,washington,1,blue,3.3,1,1,1,3,4,False,False,True,False,False,True,True,False,False,False,False,False,False,False,True,False,low,35-44,neutral
69,1,t-shirt,99,alaska,2,magenta,2.9,1,1,1,46,4,True,False,False,True,False,False,False,True,False,False,False,False,False,False,True,False,high,65+,negative
46,1,dress,68,mississippi,0,cyan,2.8,1,1,1,16,1,True,False,False,True,False,False,False,False,False,True,False,False,False,False,False,True,medium,45-54,negative
41,1,pants,56,south carolina,1,red,4.2,1,1,1,21,26,True,False,False,True,False,False,False,False,False,True,False,False,False,True,False,False,medium,35-44,positive
32,1,sweater,43,missouri,2,cyan,4.4,1,1,1,34,26,True,False,False,False,False,True,True,False,False,False,False,False,True,False,False,False,low,25-34,positive
26,1,sunglasses,99,new jersey,1,turquoise,3.6,1,1,1,9,4,False,False,False,False,False,True,False,True,False,False,False,False,False,False,True,False,high,25-34,neutral
61,1,belt,56,louisiana,2,silver,2.7,1,1,1,36,52,False,False,False,False,False,False,True,False,False,False,False,False,False,False,True,False,medium,55-64,negative
49,1,hoodie,25,south carolina,0,pink,3.4,1,1,1,22,12,True,False,False,True,False,False,True,False,False,False,False,False,True,False,False,False,low,45-54,neutral
53,1,pants,74,vermont,1,black,2.8,1,1,1,2,4,True,False,False,False,False,True,False,False,False,False,False,False,False,False,False,False,high,45-54,negative
24,1,hoodie,56,arkansas,1,green,3.4,1,1,1,32,12,True,False,False,False,False,True,False,False,True,False,False,False,False,False,False,False,medium,18-24,neutral
37,1,sneakers,47,utah,1,yellow,2.6,1,1,1,29,4,False,True,False,False,False,False,False,False,True,False,False,True,False,False,False,False,medium,35-44,negative
43,1,dress,67,washington,2,purple,4.1,1,1,1,27,4,True,False,False,False,True,False,False,False,False,True,False,False,False,False,False,True,medium,35-44,positive
31,1,dress,22,rhode island,2,purple,2.9,1,1,1,33,26,True,False,False,False,False,True,False,False,False,False,True,False,True,False,False,False,low,25-34,negative
49,1,jeans,34,illinois,0,blue,2.7,1,1,1,16,12,True,False,False,True,False,False,False,False,False,True,False,False,False,False,False,True,low,45-54,negative
69,1,sweater,64,missouri,1,maroon,3.7,1,1,1,11,4,True,False,False,True,False,False,False,False,False,True,False,False,False,False,False,False,medium,65+,neutral
65,1,shorts,42,north carolina,1,orange,4.3,1,1,1,11,26,True,False,False,True,False,False,False,False,False,False,False,True,False,False,False,False,low,65+,positive
41,1,shirt,82,massachusetts,2,green,2.6,1,1,1,17,26,True,False,False,False,False,True,False,False,False,False,False,False,False,True,False,False,high,35-44,negative
37,1,belt,81,arkansas,3,gold,4.3,1,1,1,37,52,False,False,False,False,True,False,False,True,False,False,False,True,False,False,False,False,high,35-44,positive
70,1,coat,24,south dakota,2,silver,4.1,1,1,1,18,52,False,False,True,False,True,False,True,False,False,False,False,False,False,False,True,False,low,65+,positive
63,1,sneakers,60,georgia,1,cyan,4.2,1,1,1,13,12,False,True,False,False,False,False,False,False,False,True,False,False,True,False,False,False,medium,55-64,positive
55,1,shirt,24,arkansas,1,silver,4.2,1,1,1,7,52,True,False,False,True,False,False,False,False,False,False,False,False,False,False,True,False,low,55-64,positive
52,1,socks,78,kansas,3,beige,3.1,1,1,1,37,4,True,False,False,False,False,True,False,False,False,True,False,True,False,False,False,False,high,45-54,neutral
22,1,jeans,88,arizona,2,teal,4.9,1,1,1,8,12,True,False,False,False,False,True,True,False,False,False,False,True,False,False,False,False,high,18-24,positive
54,1,jeans,63,massachusetts,3,green,4.4,1,1,1,11,26,True,False,False,True,False,False,True,False,False,False,False,True,False,False,False,False,medium,45-54,positive
28,1,sneakers,78,new mexico,2,black,4.4,1,1,1,8,26,False,True,False,False,True,False,False,False,False,True,False,False,False,False,False,True,high,25-34,positive
67,1,dress,37,arkansas,3,yellow,3.4,1,1,1,31,4,True,False,False,False,False,True,False,False,False,False,True,True,False,False,False,False,low,65+,neutral
59,1,boots,94,nebraska,1,white,4.5,1,1,1,26,26,False,True,False,False,False,False,False,False,False,False,False,False,False,True,False,False,high,55-64,positive
26,1,t-shirt,78,hawaii,2,green,4.5,1,1,1,20,26,True,False,False,False,False,False,False,False,False,False,True,False,True,False,False,False,high,25-34,positive
24,1,coat,36,nebraska,1,silver,4.1,1,1,1,24,26,False,False,True,False,False,True,False,False,False,True,False,False,False,False,False,False,low,18-24,positive
62,1,skirt,24,indiana,2,blue,3.2,1,1,1,45,26,True,False,False,False,False,True,False,False,False,True,False,False,False,True,False,False,low,55-64,neutral
70,1,sneakers,84,colorado,1,magenta,2.7,1,1,1,33,12,False,True,False,True,False,False,False,False,False,False,True,False,False,True,False,False,high,65+,negative
45,1,jeans,47,oregon,0,yellow,3.7,1,1,1,21,12,True,False,False,True,False,False,True,False,False,False,False,False,False,False,False,False,medium,45-54,neutral
58,1,hoodie,51,ohio,2,white,2.6,1,1,1,2,26,True,False,False,False,False,False,False,False,False,False,True,False,False,False,False,False,medium,55-64,negative
31,1,shoes,84,maine,1,pink,2.7,1,1,1,28,52,False,True,False,False,True,False,False,True,False,False,False,True,False,False,False,False,high,25-34,negative
32,1,shorts,24,iowa,1,magenta,2.7,1,1,1,18,4,True,False,False,False,True,False,True,False,False,False,False,False,False,False,False,True,low,25-34,negative
36,1,blouse,97,wisconsin,0,teal,4.8,1,1,1,21,26,True,False,False,False,False,False,False,True,False,False,False,False,False,True,False,False,high,35-44,positive
25,1,t-shirt,89,new york,2,indigo,4.8,1,1,1,24,12,True,False,False,False,False,True,False,False,True,False,False,False,True,False,False,False,high,25-34,positive
48,1,belt,44,colorado,0,maroon,2.6,1,1,1,15,4,False,False,False,True,False,False,False,False,False,False,True,False,False,False,True,False,low,45-54,negative
39,1,handbag,35,illinois,2,black,4.5,1,1,1,38,4,False,False,False,False,False,True,False,False,False,False,False,False,False,False,True,False,low,35-44,positive
26,1,dress,91,arizona,1,cyan,3.2,1,1,1,38,26,True,False,False,False,False,True,True,False,False,False,False,False,False,False,True,False,high,25-34,neutral
32,1,hat,63,oklahoma,2,cyan,3.8,1,1,1,13,26,False,False,False,False,False,True,False,False,True,False,False,False,False,False,False,True,medium,25-34,neutral
54,1,belt,97,indiana,0,gray,4.8,1,1,1,39,26,False,False,False,True,False,False,True,False,False,False,False,True,False,False,False,False,high,45-54,positive
38,1,boots,38,minnesota,1,violet,4.1,1,1,1,8,4,False,True,False,False,True,False,False,False,False,False,True,False,False,False,False,True,low,35-44,positive
46,1,coat,24,pennsylvania,3,blue,2.8,1,1,1,4,4,False,False,True,True,False,False,False,False,True,False,False,False,False,False,True,False,low,45-54,negative
57,1,blouse,32,indiana,1,charcoal,3.9,1,1,1,6,4,True,False,False,False,False,True,False,False,False,False,True,True,False,False,False,False,low,55-64,neutral
49,1,hat,90,alabama,2,olive,4.9,1,1,1,11,4,False,False,False,False,True,False,True,False,False,False,False,False,False,False,False,True,high,45-54,positive
33,1,jeans,36,montana,1,olive,3.4,1,1,1,49,12,True,False,False,False,True,False,False,False,False,True,False,False,False,False,False,True,low,25-34,neutral
54,1,backpack,37,new mexico,3,turquoise,4.1,1,1,1,30,4,False,False,False,False,False,True,False,True,False,False,False,False,False,False,True,False,low,45-54,positive
47,1,dress,51,alaska,1,cyan,2.9,1,1,1,34,12,True,False,False,False,True,False,True,False,False,False,False,False,False,False,False,False,medium,45-54,negative
36,1,hat,71,idaho,0,red,3.1,1,1,1,28,12,False,False,False,False,False,False,False,False,False,False,False,False,False,False,True,False,medium,35-44,neutral
68,1,sunglasses,50,utah,0,cyan,3.6,1,1,1,36,4,False,False,False,True,False,False,False,False,False,False,False,False,False,False,False,True,medium,65+,neutral
60,1,hat,74,louisiana,0,turquoise,3.5,1,1,1,18,4,False,False,False,False,False,False,False,False,False,True,False,False,True,False,False,False,high,55-64,neutral
55,1,dress,75,mississippi,2,lavender,3.4,1,1,1,4,12,True,False,False,False,True,False,False,True,False,False,False,False,False,False,True,False,high,55-64,neutral
29,1,shirt,99,mississippi,3,cyan,2.9,1,1,1,42,4,True,False,False,True,False,False,False,False,False,False,False,False,False,True,False,False,high,25-34,negative
38,1,scarf,23,indiana,3,violet,4.7,1,1,1,11,4,False,False,False,True,False,False,False,False,False,False,True,True,False,False,False,False,low,35-44,positive
70,1,sneakers,53,washington,3,beige,4.4,1,1,1,31,26,False,True,False,False,False,True,False,True,False,False,False,False,True,False,False,False,medium,65+,positive
36,1,skirt,99,nevada,1,cyan,2.6,1,1,1,12,26,True,False,False,True,False,False,False,False,False,True,False,True,False,False,False,False,high,35-44,negative
18,1,jewelry,48,louisiana,3,indigo,4.4,1,1,1,20,4,False,False,False,True,False,False,False,False,False,True,False,False,False,False,False,True,medium,18-24,positive
62,1,boots,72,pennsylvania,2,olive,3.7,1,1,1,37,4,False,True,False,False,False,False,False,False,True,False,False,False,False,True,False,False,medium,55-64,neutral
29,1,sunglasses,64,michigan,2,green,4.4,1,1,1,26,26,False,False,False,True,False,False,False,False,False,True,False,False,False,True,False,False,medium,25-34,positive
21,1,boots,63,south carolina,2,green,2.5,1,1,1,14,52,False,True,False,True,False,False,False,False,False,False,False,False,True,False,False,False,medium,18-24,negative
42,1,sandals,51,arizona,1,beige,2.6,1,1,1,12,26,False,True,False,True,False,False,False,False,True,False,False,False,False,False,False,True,medium,35-44,negative
43,1,boots,55,delaware,2,black,5.0,1,1,1,10,1,False,True,False,True,False,False,False,False,False,False,True,False,True,False,False,False,medium,35-44,positive
58,1,dress,55,kentucky,1,brown,4.9,1,1,1,19,1,True,False,False,True,False,False,True,False,False,False,False,True,False,False,False,False,medium,55-64,positive
27,1,hoodie,26,georgia,0,silver,3.7,1,1,1,4,52,True,False,False,False,True,False,False,False,False,False,True,True,False,False,False,False,low,25-34,neutral
57,1,shorts,67,north carolina,2,gray,3.1,1,1,1,48,4,True,False,False,False,True,False,False,False,True,False,False,False,False,False,False,False,medium,55-64,neutral
40,1,coat,31,california,0,pink,3.2,1,1,1,37,12,False,False,True,False,False,False,True,False,False,False,False,False,False,False,True,False,low,35-44,neutral
45,1,jeans,66,california,0,maroon,4.4,1,1,1,4,12,True,False,False,False,False,True,False,True,False,False,False,True,False,False,False,False,medium,45-54,positive
47,1,sunglasses,67,indiana,1,cyan,4.3,1,1,1,15,52,False,False,False,False,True,False,False,False,True,False,False,False,True,False,False,False,medium,45-54,positive
61,1,sneakers,61,colorado,2,gold,3.0,1,1,1,33,52,False,True,False,False,False,True,False,False,False,True,False,False,True,False,False,False,medium,55-64,neutral
60,1,jacket,75,colorado,1,teal,3.5,1,1,1,30,4,False,False,True,False,False,False,False,False,False,False,False,False,False,False,False,False,high,55-64,neutral
69,1,skirt,90,north carolina,1,beige,3.6,1,1,1,23,12,True,False,False,True,False,False,False,False,False,False,False,False,False,False,False,False,high,65+,neutral
58,1,sweater,40,washington,1,olive,3.8,1,1,1,2,52,True,False,False,False,True,False,False,False,False,False,False,False,False,False,False,False,low,55-64,neutral
34,1,t-shirt,90,florida,1,gray,3.6,1,1,1,50,4,True,False,False,False,False,False,True,False,False,False,False,False,True,False,False,False,high,25-34,neutral
20,1,belt,20,washington,1,black,4.6,1,1,1,34,26,False,False,False,True,False,False,True,False,False,False,False,True,False,False,False,False,low,18-24,positive
56,1,gloves,40,colorado,1,turquoise,2.5,1,1,1,33,52,False,False,False,False,True,False,False,False,False,True,False,False,True,False,False,False,low,55-64,negative
64,1,hat,33,new hampshire,0,brown,3.5,1,1,1,34,12,False,False,False,False,False,False,False,False,False,False,True,False,False,True,False,False,low,55-64,neutral
56,1,boots,98,maryland,0,magenta,4.0,1,1,1,39,4,False,True,False,True,False,False,False,True,False,False,False,False,False,False,True,False,high,55-64,positive
27,1,belt,42,maryland,1,silver,3.5,1,1,1,47,4,False,False,False,True,False,False,False,False,True,False,False,False,True,False,False,False,low,25-34,neutral
35,1,coat,62,texas,0,red,3.2,1,1,1,37,12,False,False,True,False,True,False,False,False,False,True,False,False,False,False,True,False,medium,35-44,neutral
24,1,hat,45,new mexico,2,indigo,3.5,1,1,1,40,26,False,False,False,False,False,True,False,True,False,False,False,False,False,False,False,True,low,18-24,neutral
26,1,shoes,78,utah,1,green,3.4,1,1,1,8,26,False,True,False,False,True,False,False,True,False,False,False,False,True,False,False,False,high,25-34,neutral
32,1,handbag,80,west virginia,1,gray,5.0,1,1,1,12,1,False,False,False,False,False,False,True,False,False,False,False,False,False,False,False,False,high,25-34,positive
54,1,scarf,96,connecticut,0,peach,4.5,1,1,1,36,12,False,False,False,True,False,False,False,False,False,False,True,False,False,False,False,False,high,45-54,positive
62,1,handbag,47,west virginia,1,charcoal,2.8,1,1,1,48,52,False,False,False,False,True,False,True,False,False,False,False,False,False,False,True,False,medium,55-64,negative
50,1,pants,84,ohio,1,orange,4.9,1,1,1,47,26,True,False,False,False,False,True,False,False,False,False,False,False,False,False,True,False,high,45-54,positive
70,1,shoes,31,texas,1,beige,3.1,1,1,1,2,12,False,True,False,True,False,False,False,False,False,False,True,False,False,False,False,False,low,65+,neutral
48,1,sunglasses,63,washington,0,yellow,4.8,1,1,1,24,52,False,False,False,True,False,False,False,False,False,False,True,True,False,False,False,False,medium,45-54,positive
20,1,shorts,97,wisconsin,3,white,2.7,1,1,1,40,26,True,False,False,True,False,False,False,False,False,True,False,False,False,False,False,False,high,18-24,negative
46,1,jacket,99,louisiana,1,gray,4.6,1,1,1,50,52,False,False,True,False,False,True,True,False,False,False,False,False,False,True,False,False,high,45-54,positive
51,1,sandals,90,iowa,1,peach,4.4,1,1,1,25,52,False,True,False,False,False,True,False,False,False,False,True,True,False,False,False,False,high,45-54,positive
53,1,shoes,68,new york,2,violet,3.2,1,1,1,20,12,False,True,False,False,False,False,True,False,False,False,False,False,False,True,False,False,medium,45-54,neutral
44,1,jewelry,80,idaho,1,magenta,3.0,1,1,1,10,52,False,False,False,True,False,False,False,False,False,False,False,False,False,False,False,True,high,35-44,neutral
29,1,sandals,91,delaware,2,maroon,4.9,1,1,1,32,4,False,True,False,False,True,False,False,False,False,True,False,False,False,False,False,False,high,25-34,positive
64,1,pants,30,kentucky,1,cyan,3.6,1,1,1,31,26,True,False,False,True,False,False,True,False,False,False,False,True,False,False,False,False,low,55-64,neutral
51,1,shoes,90,connecticut,1,white,3.8,1,1,1,48,26,False,True,False,True,False,False,False,False,True,False,False,False,False,False,False,False,high,45-54,neutral
50,1,socks,28,new mexico,2,brown,2.9,1,1,1,23,12,True,False,False,True,False,False,False,False,False,True,False,False,False,True,False,False,low,45-54,negative
43,1,socks,46,georgia,1,red,3.9,1,1,1,1,26,True,False,False,False,False,True,True,False,False,False,False,False,False,False,False,False,medium,35-44,neutral
61,1,dress,60,washington,1,orange,3.6,1,1,1,4,26,True,False,False,False,False,False,False,False,False,True,False,False,False,True,False,False,medium,55-64,neutral
55,1,shoes,59,north dakota,1,white,3.5,1,1,1,3,26,False,True,False,True,False,False,False,False,False,False,True,False,False,False,False,False,medium,55-64,neutral
56,1,hat,68,ohio,1,green,4.0,1,1,1,3,26,False,False,False,False,False,False,False,False,False,False,True,True,False,False,False,False,medium,55-64,positive
33,1,backpack,79,tennessee,1,black,4.8,1,1,1,44,1,False,False,False,False,True,False,False,False,False,False,False,True,False,False,False,False,high,25-34,positive
43,1,backpack,94,new york,1,gold,3.9,1,1,1,5,26,False,False,False,False,False,True,False,False,False,False,True,False,False,True,False,False,high,35-44,neutral
21,1,pants,83,michigan,0,lavender,4.5,1,1,1,50,4,True,False,False,False,True,False,False,False,True,False,False,False,False,False,False,True,high,18-24,positive
58,1,gloves,62,georgia,3,turquoise,4.8,1,1,1,2,1,False,False,False,True,False,False,False,False,False,True,False,False,True,False,False,False,medium,55-64,positive
41,1,scarf,85,new mexico,1,pink,2.6,1,1,1,29,1,False,False,False,True,False,False,False,False,False,False,True,False,False,False,True,False,high,35-44,negative
39,1,hoodie,30,louisiana,1,silver,3.1,1,1,1,11,1,True,False,False,False,True,False,True,False,False,False,False,False,False,False,False,True,low,35-44,neutral
54,1,jeans,24,south dakota,3,gray,4.7,1,1,1,37,26,True,False,False,True,False,False,False,False,False,False,False,False,True,False,False,False,low,45-54,positive
43,1,backpack,25,montana,2,indigo,2.9,1,1,1,32,26,False,False,False,True,False,False,False,False,True,False,False,False,False,True,False,False,low,35-44,negative
28,1,sandals,37,new mexico,2,teal,3.8,1,1,1,27,1,False,True,False,False,True,False,True,False,False,False,False,False,True,False,False,False,low,25-34,neutral
59,1,belt,69,south carolina,3,green,3.8,1,1,1,31,26,False,False,False,False,True,False,False,False,False,False,False,False,False,False,False,True,medium,55-64,neutral
28,1,shoes,97,ohio,1,violet,3.0,1,1,1,36,26,False,True,False,False,True,False,False,False,False,True,False,False,False,True,False,False,high,25-34,neutral
68,1,gloves,24,north carolina,1,cyan,4.1,1,1,1,34,52,False,False,False,False,True,False,False,False,False,True,False,True,False,False,False,False,low,65+,positive
20,1,belt,30,idaho,3,blue,3.4,1,1,1,15,4,False,False,False,False,True,False,True,False,False,False,False,False,False,False,False,False,low,18-24,neutral
21,1,jacket,53,oklahoma,2,orange,2.5,1,1,1,14,1,False,False,True,False,False,False,True,False,False,False,False,False,True,False,False,False,medium,18-24,negative
50,1,dress,70,georgia,3,charcoal,4.9,1,1,1,46,52,True,False,False,True,False,False,False,False,True,False,False,True,False,False,False,False,medium,45-54,positive
32,1,shirt,76,kentucky,0,beige,2.8,1,1,1,33,26,True,False,False,False,False,True,False,False,False,True,False,False,False,False,False,True,high,25-34,negative
24,1,scarf,95,delaware,1,black,4.5,1,1,1,41,1,False,False,False,False,False,False,True,False,False,False,False,False,False,True,False,False,high,18-24,positive
55,1,coat,51,massachusetts,0,lavender,4.9,1,1,1,39,52,False,False,True,False,False,True,False,False,False,False,False,False,False,False,True,False,medium,55-64,positive
61,1,handbag,41,nebraska,1,lavender,4.9,1,1,1,7,1,False,False,False,False,False,True,False,False,False,False,True,True,False,False,False,False,low,55-64,positive
61,1,sunglasses,71,maine,0,turquoise,3.5,1,1,1,29,4,False,False,False,False,False,True,False,True,False,False,False,False,False,False,False,False,medium,55-64,neutral
28,1,t-shirt,66,pennsylvania,1,purple,3.5,1,1,1,18,4,True,False,False,False,True,False,False,True,False,False,False,False,False,False,False,True,medium,25-34,neutral
60,1,shirt,84,nebraska,1,olive,4.9,1,1,1,15,1,True,False,False,False,False,True,False,True,False,False,False,False,True,False,False,False,high,55-64,positive
49,1,handbag,95,virginia,2,turquoise,3.0,1,1,1,39,26,False,False,False,False,False,True,True,False,False,False,False,False,False,False,True,False,high,45-54,neutral
33,1,jewelry,90,ohio,2,teal,2.8,1,1,1,11,12,False,False,False,False,True,False,False,False,True,False,False,True,False,False,False,False,high,25-34,negative
45,1,hoodie,36,nebraska,0,lavender,3.7,1,1,1,4,26,True,False,False,False,True,False,False,False,False,True,False,True,False,False,False,False,low,45-54,neutral
29,1,gloves,22,ohio,1,purple,3.6,1,1,1,33,26,False,False,False,True,False,False,False,False,False,False,False,False,False,False,False,True,low,25-34,neutral
58,1,coat,89,kentucky,2,blue,3.3,1,1,1,37,4,False,False,True,False,False,True,False,False,True,False,False,False,False,True,False,False,high,55-64,neutral
22,1,sandals,50,tennessee,1,teal,3.4,1,1,1,32,4,False,True,False,True,False,False,False,True,False,False,False,True,False,False,False,False,medium,18-24,neutral
55,1,boots,36,maine,1,lavender,4.0,1,1,1,44,4,False,True,False,False,False,False,False,True,False,False,False,False,True,False,False,False,low,55-64,positive
19,1,pants,52,montana,0,silver,4.6,1,1,1,41,4,True,False,False,True,False,False,False,True,False,False,False,False,False,False,False,False,medium,18-24,positive
68,1,socks,29,maryland,1,olive,4.2,1,1,1,44,52,True,False,False,False,False,False,False,False,True,False,False,False,False,False,False,False,low,65+,positive
61,1,blouse,89,georgia,1,brown,2.8,1,1,1,32,1,True,False,False,False,False,False,True,False,False,False,False,False,False,False,False,True,high,55-64,negative
68,1,handbag,47,hawaii,1,yellow,3.7,1,1,1,13,12,False,False,False,False,False,False,False,False,False,False,False,False,False,False,False,False,medium,65+,neutral
52,1,jewelry,25,rhode island,3,brown,3.4,1,1,1,48,4,False,False,False,True,False,False,False,False,False,True,False,False,False,True,False,False,low,45-54,neutral
41,1,pants,74,nebraska,3,cyan,3.0,1,1,1,3,52,True,False,False,False,False,False,True,False,False,False,False,False,False,False,False,False,high,35-44,neutral
29,1,belt,46,michigan,1,magenta,4.8,1,1,1,39,12,False,False,False,False,False,False,False,False,False,True,False,False,False,False,False,True,medium,25-34,positive
68,1,jeans,22,north carolina,0,magenta,4.0,1,1,1,7,26,True,False,False,False,False,False,False,False,True,False,False,True,False,False,False,False,low,65+,positive
36,1,shirt,25,minnesota,1,orange,4.9,1,1,1,11,26,True,False,False,False,True,False,False,False,True,False,False,True,False,False,False,False,low,35-44,positive
55,1,belt,80,maryland,1,maroon,4.9,1,1,1,47,52,False,False,False,True,False,False,False,False,True,False,False,False,True,False,False,False,high,55-64,positive
28,1,jeans,76,hawaii,1,green,3.3,1,1,1,28,26,True,False,False,True,False,False,False,False,False,False,False,False,False,True,False,False,high,25-34,neutral
39,1,jeans,30,oregon,2,teal,4.4,1,1,1,17,4,True,False,False,False,True,False,False,False,True,False,False,False,False,False,False,False,low,35-44,positive
54,1,sweater,79,new mexico,2,black,3.5,1,1,1,11,26,True,False,False,False,False,False,False,False,False,False,False,False,False,False,True,False,high,45-54,neutral
40,1,sneakers,22,illinois,1,magenta,4.2,1,1,1,12,1,False,True,False,False,False,True,False,False,False,True,False,False,False,False,False,True,low,35-44,positive
31,1,socks,36,utah,0,olive,4.2,1,1,1,7,26,True,False,False,False,False,False,False,False,False,True,False,False,True,False,False,False,low,25-34,positive
30,1,socks,77,maine,2,yellow,2.7,1,1,1,19,26,True,False,False,False,False,False,False,False,False,True,False,False,False,False,False,True,high,25-34,negative
45,1,sunglasses,33,virginia,0,purple,2.8,1,1,1,24,4,False,False,False,False,False,False,False,False,False,False,True,True,False,False,False,False,low,45-54,negative
48,1,sneakers,64,florida,1,beige,3.8,1,1,1,19,12,False,True,False,False,False,True,False,False,True,False,False,False,False,False,False,True,medium,45-54,neutral
45,1,socks,53,ohio,1,indigo,2.6,1,1,1,39,1,True,False,False,False,False,False,False,True,False,False,False,False,False,False,True,False,medium,45-54,negative
60,1,shoes,36,virginia,3,pink,3.0,1,1,1,1,26,False,True,False,False,False,False,False,False,False,False,False,False,True,False,False,False,low,55-64,neutral
59,1,blouse,70,kansas,1,blue,3.3,0,1,1,10,26,True,False,False,True,False,False,False,False,False,False,False,False,False,True,False,False,medium,55-64,neutral
18,1,shorts,96,arkansas,2,cyan,4.9,0,1,1,48,4,True,False,False,False,False,True,True,False,False,False,False,False,False,False,True,False,high,18-24,positive
70,1,jacket,27,massachusetts,1,orange,3.3,0,1,1,24,1,False,False,True,True,False,False,False,False,True,False,False,False,False,True,False,False,low,65+,neutral
20,1,sweater,64,idaho,2,black,2.9,0,1,1,42,26,True,False,False,False,False,True,False,False,False,False,False,False,False,False,False,True,medium,18-24,negative
65,1,jacket,23,wisconsin,0,maroon,4.4,0,1,1,20,52,False,False,True,True,False,False,False,False,False,False,False,False,True,False,False,False,low,65+,positive
29,1,scarf,33,new mexico,2,violet,3.1,0,1,1,49,4,False,False,False,False,True,False,False,False,True,False,False,False,False,False,False,False,low,25-34,neutral
22,1,jacket,34,north carolina,1,beige,2.5,0,1,1,25,12,False,False,True,False,False,True,False,False,False,True,False,False,False,True,False,False,low,18-24,negative
27,1,sweater,35,iowa,0,gray,2.6,0,1,1,21,4,True,False,False,False,True,False,False,False,True,False,False,False,False,True,False,False,low,25-34,negative
36,1,coat,62,idaho,1,gray,4.4,0,1,1,12,4,False,False,True,False,True,False,False,True,False,False,False,False,False,False,False,True,medium,35-44,positive
59,1,boots,75,ohio,1,brown,2.6,0,1,1,21,4,False,True,False,False,False,False,False,False,True,False,False,False,False,True,False,False,high,55-64,negative
62,1,hoodie,29,alabama,0,indigo,3.3,0,1,1,35,12,True,False,False,False,True,False,False,True,False,False,False,True,False,False,False,False,low,55-64,neutral
34,1,hat,28,wyoming,1,violet,3.5,0,1,1,42,4,False,False,False,True,False,False,True,False,False,False,False,False,True,False,False,False,low,25-34,neutral
59,1,t-shirt,20,alabama,3,blue,4.1,0,1,1,3,4,True,False,False,True,False,False,False,False,False,False,True,False,False,False,True,False,low,55-64,positive
49,1,coat,96,mississippi,1,red,4.0,0,1,1,11,26,False,False,True,False,False,True,False,False,False,False,True,False,False,False,True,False,high,45-54,positive
18,1,dress,43,pennsylvania,0,peach,2.7,0,1,1,22,4,True,False,False,False,True,False,False,False,False,False,False,False,False,False,True,False,low,18-24,negative
55,1,shirt,94,wyoming,1,olive,2.5,0,1,1,47,52,True,False,False,False,False,False,False,False,False,True,False,False,True,False,False,False,high,55-64,negative
38,1,skirt,81,maryland,3,white,4.3,0,1,1,33,4,True,False,False,False,False,False,False,False,True,False,False,False,False,False,False,True,high,35-44,positive
50,1,jewelry,75,north carolina,1,magenta,3.3,0,1,1,50,52,False,False,False,False,True,False,False,True,False,False,False,False,False,True,False,False,high,45-54,neutral
61,1,hat,81,pennsylvania,1,beige,2.6,0,1,1,46,12,False,False,False,False,True,False,True,False,False,False,False,False,True,False,False,False,high,55-64,negative
48,1,shorts,92,idaho,2,gold,3.5,0,1,1,34,26,True,False,False,False,False,False,True,False,False,False,False,False,False,True,False,False,high,45-54,neutral
22,1,scarf,96,california,3,purple,4.0,0,1,1,33,12,False,False,False,True,False,False,False,False,False,False,True,False,True,False,False,False,high,18-24,positive
48,1,jewelry,71,tennessee,0,white,2.6,0,1,1,45,26,False,False,False,False,False,False,False,False,False,True,False,False,False,False,False,False,medium,45-54,negative
57,1,sunglasses,50,missouri,2,indigo,4.9,0,1,1,32,26,False,False,False,False,True,False,False,False,True,False,False,False,False,True,False,False,medium,55-64,positive
33,1,coat,72,north dakota,2,charcoal,2.9,0,1,1,47,26,False,False,True,True,False,False,False,False,False,True,False,False,False,False,False,True,medium,25-34,negative
58,1,jacket,28,west virginia,1,pink,3.7,0,1,1,5,4,False,False,True,False,False,True,False,False,False,True,False,False,False,False,True,False,low,55-64,neutral
37,1,sweater,59,arizona,1,silver,4.4,0,1,1,49,26,True,False,False,False,False,False,True,False,False,False,False,False,True,False,False,False,medium,35-44,positive
18,1,coat,33,oklahoma,0,blue,4.4,0,1,1,48,12,False,False,True,False,True,False,False,True,False,False,False,False,False,False,False,False,low,18-24,positive
65,1,scarf,59,pennsylvania,2,blue,3.8,0,1,1,22,4,False,False,False,False,False,False,True,False,False,False,False,True,False,False,False,False,medium,65+,neutral
62,1,belt,30,idaho,3,brown,4.5,0,1,1,45,1,False,False,False,True,False,False,False,False,False,True,False,False,True,False,False,False,low,55-64,positive
54,1,hat,85,south carolina,3,cyan,2.6,0,1,1,30,4,False,False,False,False,False,True,False,False,True,False,False,False,False,False,False,True,high,45-54,negative
35,1,backpack,97,washington,2,teal,3.3,0,1,1,43,52,False,False,False,False,True,False,False,False,False,False,True,True,False,False,False,False,high,35-44,neutral
34,1,t-shirt,36,arkansas,0,purple,4.1,0,1,1,48,4,True,False,False,False,False,False,False,False,True,False,False,True,False,False,False,False,low,25-34,positive
25,1,jewelry,85,utah,1,turquoise,3.0,0,1,1,23,26,False,False,False,False,False,True,False,False,False,False,True,False,False,False,False,True,high,25-34,neutral
53,1,sunglasses,62,alaska,1,olive,3.0,0,1,1,27,26,False,False,False,False,False,True,False,True,False,False,False,False,False,False,True,False,medium,45-54,neutral
45,1,jeans,71,west virginia,0,white,3.4,0,1,1,7,12,True,False,False,False,False,True,False,False,True,False,False,False,False,False,False,False,medium,45-54,neutral
49,1,pants,21,louisiana,1,turquoise,2.7,0,1,1,2,52,True,False,False,False,False,True,False,True,False,False,False,False,False,False,True,False,low,45-54,negative
40,1,backpack,61,arizona,1,silver,3.8,0,1,1,33,26,False,False,False,True,False,False,False,False,True,False,False,False,False,False,True,False,medium,35-44,neutral
38,1,scarf,58,connecticut,1,violet,4.2,0,1,1,27,26,False,False,False,True,False,False,False,False,False,False,True,True,False,False,False,False,medium,35-44,positive
44,1,sweater,80,north carolina,2,lavender,4.7,0,1,1,6,26,True,False,False,True,False,False,False,False,False,False,True,False,True,False,False,False,high,35-44,positive
68,1,jewelry,50,south dakota,2,magenta,4.1,0,1,1,20,4,False,False,False,True,False,False,False,False,False,False,False,False,False,False,False,True,medium,65+,positive
60,1,sneakers,48,delaware,0,indigo,4.2,0,1,1,46,4,False,True,False,False,False,True,False,False,False,False,False,False,False,False,False,True,medium,55-64,positive
25,1,jewelry,40,connecticut,1,black,4.8,0,1,1,25,4,False,False,False,False,False,True,False,False,True,False,False,True,False,False,False,False,low,25-34,positive
19,1,coat,34,tennessee,0,peach,3.0,0,1,1,30,4,False,False,True,False,True,False,False,True,False,False,False,False,False,False,False,False,low,18-24,neutral
57,1,coat,46,new hampshire,0,beige,2.6,0,1,1,48,1,False,False,True,False,False,False,False,False,False,True,False,False,True,False,False,False,medium,55-64,negative
58,1,sunglasses,27,vermont,1,black,3.2,0,1,1,47,52,False,False,False,False,True,False,False,False,False,False,True,False,False,False,False,False,low,55-64,neutral
49,1,handbag,98,idaho,0,turquoise,3.6,0,1,1,27,52,False,False,False,True,False,False,False,False,True,False,False,False,True,False,False,False,high,45-54,neutral
19,1,sweater,73,north carolina,1,peach,2.6,0,1,1,45,26,True,False,False,False,False,False,False,False,True,False,False,False,False,False,False,False,medium,18-24,negative
50,1,pants,28,nevada,2,gold,4.4,0,1,1,2,52,True,False,False,True,False,False,True,False,False,False,False,False,True,False,False,False,low,45-54,positive
30,1,gloves,76,delaware,3,silver,3.0,0,1,1,39,26,False,False,False,False,False,False,False,True,False,False,False,True,False,False,False,False,high,25-34,neutral
52,1,sweater,83,texas,1,peach,2.9,0,1,1,24,26,True,False,False,False,False,False,True,False,False,False,False,True,False,False,False,False,high,45-54,negative
35,1,hoodie,23,tennessee,0,charcoal,4.3,0,1,1,8,26,True,False,False,True,False,False,False,True,False,False,False,False,False,True,False,False,low,35-44,positive
35,1,hat,28,delaware,1,beige,3.1,0,1,1,8,4,False,False,False,False,False,False,True,False,False,False,False,False,False,False,False,False,low,35-44,neutral
33,1,t-shirt,83,massachusetts,0,olive,3.0,0,1,1,6,4,True,False,False,True,False,False,False,False,True,False,False,False,False,False,False,True,high,25-34,neutral
52,1,skirt,96,minnesota,2,violet,3.6,0,1,1,12,26,True,False,False,False,False,True,False,False,False,False,True,False,False,False,False,True,high,45-54,neutral
69,1,sneakers,62,texas,1,peach,2.8,0,1,1,26,52,False,True,False,False,False,False,False,False,False,False,True,False,False,False,False,False,medium,65+,negative
27,1,shorts,25,nebraska,1,teal,2.8,0,1,1,50,26,True,False,False,False,False,False,False,False,False,True,False,True,False,False,False,False,low,25-34,negative
66,1,hoodie,97,oklahoma,2,violet,4.9,0,1,1,2,52,True,False,False,False,False,True,False,False,True,False,False,False,False,False,False,True,high,65+,positive
28,1,hoodie,61,texas,2,cyan,3.0,0,1,1,31,26,True,False,False,False,False,False,False,False,False,True,False,True,False,False,False,False,medium,25-34,neutral
22,1,shoes,66,new york,0,olive,4.1,0,1,1,4,26,False,True,False,False,True,False,False,False,True,False,False,False,True,False,False,False,medium,18-24,positive
69,1,hoodie,67,washington,3,pink,4.6,0,1,1,32,4,True,False,False,True,False,False,False,True,False,False,False,False,False,False,True,False,medium,65+,positive
28,1,sunglasses,80,maryland,1,purple,4.8,0,1,1,11,26,False,False,False,False,True,False,False,False,True,False,False,False,False,False,True,False,high,25-34,positive
55,1,skirt,25,new hampshire,2,violet,2.6,0,1,1,47,4,True,False,False,False,False,False,False,False,True,False,False,False,False,False,False,False,low,55-64,negative
30,1,hat,58,new york,0,peach,4.0,0,1,1,37,52,False,False,False,False,False,False,False,False,False,False,False,True,False,False,False,False,medium,25-34,positive
67,1,backpack,96,hawaii,1,charcoal,4.2,0,1,1,39,26,False,False,False,False,False,True,True,False,False,False,False,False,False,False,True,False,high,65+,positive
25,1,sunglasses,77,california,2,lavender,4.5,0,1,1,24,12,False,False,False,True,False,False,False,False,False,False,True,False,True,False,False,False,high,25-34,positive
49,1,belt,65,indiana,1,purple,4.9,0,1,1,11,4,False,False,False,False,True,False,False,False,False,True,False,False,False,False,True,False,medium,45-54,positive
34,1,jewelry,36,louisiana,1,indigo,3.1,0,1,1,36,52,False,False,False,True,False,False,False,False,False,True,False,False,True,False,False,False,low,25-34,neutral
22,1,sneakers,84,pennsylvania,1,magenta,4.0,0,1,1,40,12,False,True,False,False,False,True,False,False,True,False,False,False,False,True,False,False,high,18-24,positive
63,1,t-shirt,58,florida,3,peach,3.2,0,1,1,25,4,True,False,False,False,False,False,True,False,False,False,False,True,False,False,False,False,medium,55-64,neutral
70,1,handbag,62,north carolina,0,charcoal,4.3,0,1,1,12,1,False,False,False,True,False,False,False,False,False,False,False,False,True,False,False,False,medium,65+,positive
36,1,hat,67,massachusetts,0,purple,2.5,0,1,1,38,12,False,False,False,False,False,False,False,False,False,False,True,True,False,False,False,False,medium,35-44,negative
42,1,sweater,20,iowa,1,orange,4.9,0,1,1,40,4,True,False,False,True,False,False,True,False,False,False,False,True,False,False,False,False,low,35-44,positive
27,1,sandals,90,north dakota,1,lavender,2.7,0,1,1,10,52,False,True,False,False,True,False,False,False,False,False,False,False,False,False,False,False,high,25-34,negative
23,1,scarf,58,iowa,2,beige,3.4,0,1,1,47,26,False,False,False,False,False,True,False,False,False,True,False,False,False,False,False,True,medium,18-24,neutral
50,1,shirt,53,delaware,3,maroon,4.8,0,1,1,22,12,True,False,False,True,False,False,False,False,False,False,True,False,False,True,False,False,medium,45-54,positive
56,1,gloves,30,new york,2,charcoal,4.7,0,1,1,35,12,False,False,False,False,False,True,False,False,True,False,False,False,False,True,False,False,low,55-64,positive
37,1,hoodie,65,new hampshire,3,white,4.7,0,1,1,46,26,True,False,False,False,False,True,True,False,False,False,False,False,False,False,False,True,medium,35-44,positive
67,1,jewelry,41,kentucky,1,lavender,3.9,0,1,1,30,26,False,False,False,False,True,False,False,False,False,True,False,False,False,False,True,False,low,65+,neutral
67,1,shirt,73,illinois,1,black,3.7,0,1,1,20,12,True,False,False,True,False,False,True,False,False,False,False,False,False,False,False,False,medium,65+,neutral
50,1,hoodie,98,north carolina,0,teal,4.3,0,1,1,25,26,True,False,False,True,False,False,False,False,False,False,True,True,False,False,False,False,high,45-54,positive
36,1,shoes,36,connecticut,3,magenta,4.1,0,1,1,29,52,False,True,False,False,False,True,False,False,False,False,False,True,False,False,False,False,low,35-44,positive
62,1,t-shirt,81,wisconsin,1,brown,4.6,0,1,1,2,4,True,False,False,False,True,False,True,False,False,False,False,False,False,False,False,True,high,55-64,positive
65,1,skirt,90,massachusetts,2,peach,3.6,0,1,1,32,4,True,False,False,False,False,True,False,False,False,False,False,False,False,False,False,False,high,65+,neutral
23,1,handbag,83,illinois,0,cyan,4.8,0,1,1,37,12,False,False,False,False,True,False,False,True,False,False,False,True,False,False,False,False,high,18-24,positive
46,1,shirt,91,new mexico,3,pink,2.8,0,1,1,16,4,True,False,False,False,False,True,False,False,False,False,False,False,False,False,False,False,high,45-54,negative
18,1,pants,36,iowa,1,purple,4.7,0,1,1,32,26,True,False,False,False,True,False,True,False,False,False,False,False,False,False,False,True,low,18-24,positive
58,1,coat,53,alabama,2,purple,3.9,0,1,1,42,26,False,False,True,True,False,False,False,False,False,True,False,False,False,True,False,False,medium,55-64,neutral
31,1,jeans,39,maryland,1,white,2.6,0,1,1,6,4,True,False,False,False,False,True,False,False,False,False,True,False,True,False,False,False,low,25-34,negative
39,1,gloves,33,ohio,0,silver,4.7,0,1,1,23,26,False,False,False,False,False,True,False,False,True,False,False,False,False,False,True,False,low,35-44,positive
69,1,t-shirt,76,ohio,2,green,3.5,0,1,1,27,26,True,False,False,True,False,False,False,False,False,False,True,False,False,False,False,True,high,65+,neutral
68,1,boots,23,nevada,2,teal,4.4,0,1,1,43,4,False,True,False,False,False,True,False,False,False,True,False,False,False,False,True,False,low,65+,positive
41,1,jeans,54,south carolina,0,indigo,4.4,0,1,1,25,26,True,False,False,False,False,False,False,False,False,False,False,False,False,False,False,False,medium,35-44,positive
31,1,sneakers,89,nevada,2,pink,3.0,0,1,1,30,4,False,True,False,False,True,False,True,False,False,False,False,True,False,False,False,False,high,25-34,neutral
48,1,sneakers,38,wisconsin,1,indigo,4.2,0,1,1,7,4,False,True,False,False,True,False,False,False,False,True,False,False,False,False,False,False,low,45-54,positive
59,1,hat,36,tennessee,3,red,4.3,0,1,1,17,1,False,False,False,False,False,True,False,False,True,False,False,False,False,True,False,False,low,55-64,positive
34,1,pants,66,florida,1,violet,2.6,0,1,1,10,26,True,False,False,True,False,False,False,False,False,False,True,False,False,False,True,False,medium,25-34,negative
21,1,jewelry,42,georgia,2,cyan,3.3,0,1,1,40,1,False,False,False,True,False,False,False,False,False,False,True,False,False,False,False,True,low,18-24,neutral
29,1,jewelry,36,kentucky,0,red,2.7,0,1,1,50,26,False,False,False,False,False,True,False,False,True,False,False,False,False,False,False,True,low,25-34,negative
41,1,blouse,86,ohio,1,gray,4.2,0,1,1,24,52,True,False,False,True,False,False,True,False,False,False,False,False,True,False,False,False,high,35-44,positive
62,1,handbag,49,connecticut,1,gold,4.0,0,1,1,8,4,False,False,False,False,False,False,False,False,False,True,False,False,False,False,True,False,medium,55-64,positive
27,1,shirt,41,idaho,1,pink,4.0,0,1,1,6,4,True,False,False,False,True,False,False,True,False,False,False,False,False,False,False,False,low,25-34,positive
49,1,dress,82,georgia,2,cyan,2.9,0,1,1,44,26,True,False,False,True,False,False,False,False,False,False,False,False,True,False,False,False,high,45-54,negative
67,1,t-shirt,53,tennessee,0,red,2.6,0,1,1,47,4,True,False,False,False,False,False,True,False,False,False,False,False,False,False,True,False,medium,65+,negative
20,1,shoes,21,hawaii,1,gold,4.8,0,1,1,6,4,False,True,False,False,True,False,True,False,False,False,False,False,False,False,False,True,low,18-24,positive
37,1,belt,66,maryland,1,charcoal,4.4,0,1,1,11,4,False,False,False,False,False,False,False,False,False,True,False,True,False,False,False,False,medium,35-44,positive
69,1,belt,89,nevada,2,orange,4.0,0,1,1,41,1,False,False,False,False,True,False,False,False,False,False,False,False,False,False,False,False,high,65+,positive
66,1,handbag,55,new hampshire,2,blue,3.6,0,1,1,46,4,False,False,False,False,False,False,False,False,False,False,False,False,False,False,False,True,medium,65+,neutral
37,1,scarf,42,north dakota,0,blue,3.2,0,1,1,9,26,False,False,False,False,True,False,False,False,True,False,False,False,False,False,False,True,low,35-44,neutral
63,1,shorts,52,oklahoma,0,orange,3.1,0,1,1,37,12,True,False,False,False,False,False,False,False,False,False,False,False,False,False,True,False,medium,55-64,neutral
47,1,sandals,92,north carolina,1,blue,4.2,0,1,1,13,52,False,True,False,False,False,True,True,False,False,False,False,False,False,False,True,False,high,45-54,positive
26,1,pants,56,tennessee,2,white,3.0,0,1,1,24,12,True,False,False,False,True,False,False,False,False,False,False,False,False,True,False,False,medium,25-34,neutral
68,1,dress,96,montana,1,green,4.2,0,1,1,47,4,True,False,False,False,False,True,False,False,False,True,False,False,False,False,True,False,high,65+,positive
51,1,t-shirt,64,wisconsin,1,silver,2.9,0,1,1,21,4,True,False,False,False,False,True,False,False,True,False,False,False,False,False,False,True,medium,45-54,negative
48,1,dress,48,connecticut,0,lavender,3.7,0,1,1,22,26,True,False,False,False,False,True,False,False,False,False,True,False,False,False,False,True,medium,45-54,neutral
60,1,socks,83,new jersey,3,beige,3.6,0,1,1,16,4,True,False,False,False,True,False,False,True,False,False,False,False,False,False,True,False,high,55-64,neutral
68,1,scarf,91,mississippi,2,violet,3.6,0,1,1,37,26,False,False,False,False,True,False,False,False,False,True,False,False,False,True,False,False,high,65+,neutral
25,1,backpack,94,wyoming,0,gray,4.5,0,1,1,3,1,False,False,False,False,False,False,False,False,False,False,False,True,False,False,False,False,high,25-34,positive
57,1,skirt,62,illinois,0,red,3.2,0,1,1,33,26,True,False,False,True,False,False,True,False,False,False,False,True,False,False,False,False,medium,55-64,neutral
41,1,socks,55,louisiana,1,lavender,3.9,0,1,1,15,1,True,False,False,True,False,False,False,False,True,False,False,False,False,True,False,False,medium,35-44,neutral
59,1,coat,68,oregon,2,peach,4.6,0,1,1,42,26,False,False,True,True,False,False,False,False,False,False,True,False,False,False,False,False,medium,55-64,positive
44,1,jewelry,76,south dakota,1,indigo,2.5,0,1,1,42,26,False,False,False,False,False,True,True,False,False,False,False,True,False,False,False,False,high,35-44,negative
42,1,backpack,31,michigan,1,black,4.3,0,1,1,19,26,False,False,False,False,False,True,True,False,False,False,False,False,False,False,False,False,low,35-44,positive
35,1,belt,81,new jersey,1,beige,4.1,0,1,1,26,4,False,False,False,True,False,False,False,False,False,False,True,False,False,False,True,False,high,35-44,positive
36,1,dress,83,oregon,1,red,4.6,0,1,1,39,4,True,False,False,False,False,True,False,True,False,False,False,False,False,False,True,False,high,35-44,positive
54,1,skirt,21,iowa,1,black,4.8,0,1,1,24,12,True,False,False,True,False,False,False,False,False,True,False,False,False,True,False,False,low,45-54,positive
37,1,dress,22,south carolina,1,teal,4.9,0,1,1,23,1,True,False,False,True,False,False,True,False,False,False,False,False,False,True,False,False,low,35-44,positive
20,1,t-shirt,33,indiana,1,blue,2.8,0,1,1,44,1,True,False,False,False,True,False,False,True,False,False,False,False,False,False,False,False,low,18-24,negative
23,1,skirt,23,oregon,0,beige,4.9,0,1,1,34,12,True,False,False,True,False,False,False,False,False,True,False,True,False,False,False,False,low,18-24,positive
61,1,shorts,96,new york,2,teal,3.5,0,1,1,43,4,True,False,False,False,True,False,False,True,False,False,False,False,False,False,False,False,high,55-64,neutral
37,1,jewelry,21,new mexico,1,maroon,3.8,0,1,1,45,4,False,False,False,True,False,False,True,False,False,False,False,False,False,False,True,False,low,35-44,neutral
23,1,pants,39,louisiana,1,yellow,4.5,0,1,1,4,52,True,False,False,True,False,False,False,False,False,False,False,False,True,False,False,False,low,18-24,positive
63,1,belt,73,south carolina,0,indigo,3.4,0,1,1,19,1,False,False,False,False,False,False,True,False,False,False,False,False,True,False,False,False,medium,55-64,neutral
47,1,jeans,64,maine,1,magenta,3.9,0,1,1,29,12,True,False,False,True,False,False,False,False,False,True,False,False,True,False,False,False,medium,45-54,neutral
63,1,jeans,68,indiana,1,beige,4.1,0,1,1,27,1,True,False,False,False,True,False,False,False,False,False,False,False,True,False,False,False,medium,55-64,positive
56,1,hat,89,iowa,2,maroon,3.0,0,1,1,37,4,False,False,False,False,False,False,True,False,False,False,False,False,True,False,False,False,high,55-64,neutral
68,1,blouse,29,mississippi,1,magenta,3.3,0,1,1,11,52,True,False,False,False,True,False,False,False,True,False,False,False,True,False,False,False,low,65+,neutral
64,1,shirt,97,arkansas,3,teal,4.9,0,1,1,28,1,True,False,False,False,True,False,False,True,False,False,False,False,False,True,False,False,high,55-64,positive
62,1,shirt,45,south carolina,1,orange,4.3,0,1,1,31,52,True,False,False,False,False,True,False,False,True,False,False,False,True,False,False,False,low,55-64,positive
34,1,t-shirt,70,indiana,2,charcoal,4.1,0,1,1,50,4,True,False,False,False,False,True,False,True,False,False,False,False,False,False,False,True,medium,25-34,positive
49,1,coat,56,florida,1,turquoise,4.0,0,1,1,42,4,False,False,True,False,True,False,False,False,False,False,False,False,False,False,False,True,medium,45-54,positive
40,1,jacket,55,alaska,2,pink,5.0,0,1,1,18,26,False,False,True,False,False,False,False,False,False,False,False,False,True,False,False,False,medium,35-44,positive
50,1,hoodie,46,new york,0,teal,3.1,0,1,1,6,26,True,False,False,False,False,True,False,False,False,False,False,False,True,False,False,False,medium,45-54,neutral
25,1,scarf,95,texas,1,white,4.0,0,1,1,33,12,False,False,False,False,False,True,False,False,False,False,False,False,False,False,False,True,high,25-34,positive
30,1,belt,88,north dakota,1,maroon,3.2,0,1,1,13,26,False,False,False,False,False,True,False,False,False,False,False,False,False,False,False,False,high,25-34,neutral
54,1,sneakers,92,vermont,2,violet,3.9,0,1,1,26,1,False,True,False,False,False,False,False,False,False,True,False,False,False,False,True,False,high,45-54,neutral
40,1,socks,49,new jersey,1,brown,3.9,0,1,1,17,1,True,False,False,False,True,False,False,False,False,False,False,True,False,False,False,False,medium,35-44,neutral
49,1,sandals,89,maryland,1,indigo,4.5,0,1,1,3,52,False,True,False,False,False,False,False,True,False,False,False,False,False,True,False,False,high,45-54,positive
27,1,coat,22,connecticut,3,black,4.4,0,1,1,7,52,False,False,True,False,False,True,False,False,False,False,True,False,False,False,True,False,low,25-34,positive
27,1,shoes,61,illinois,3,black,3.1,0,1,1,46,26,False,True,False,False,True,False,False,False,False,False,False,False,False,False,False,True,medium,25-34,neutral
48,1,scarf,29,maryland,0,olive,2.9,0,1,1,14,4,False,False,False,True,False,False,False,False,False,True,False,False,False,False,False,True,low,45-54,negative
40,1,sneakers,82,minnesota,1,orange,3.7,0,1,1,23,1,False,True,False,False,False,True,False,True,False,False,False,False,False,False,False,False,high,35-44,neutral
67,1,belt,94,florida,1,pink,3.2,0,1,1,20,4,False,False,False,True,False,False,False,False,False,False,False,False,True,False,False,False,high,65+,neutral
52,1,handbag,99,california,1,olive,3.5,0,1,1,38,26,False,False,False,True,False,False,False,False,False,True,False,False,False,False,False,False,high,45-54,neutral
22,1,handbag,59,mississippi,0,cyan,3.0,0,1,1,16,4,False,False,False,False,False,False,False,True,False,False,False,False,False,False,False,True,medium,18-24,neutral
62,1,boots,90,washington,1,white,4.1,0,1,1,48,4,False,True,False,False,True,False,False,False,True,False,False,False,True,False,False,False,high,55-64,positive
20,1,boots,100,wisconsin,0,red,2.9,0,1,1,8,1,False,True,False,False,False,True,False,False,False,False,False,False,False,True,False,False,high,18-24,negative
41,1,pants,62,pennsylvania,1,blue,3.8,0,1,1,16,12,True,False,False,False,False,True,False,False,True,False,False,False,False,False,False,False,medium,35-44,neutral
34,1,sunglasses,78,missouri,1,olive,4.1,0,1,1,5,4,False,False,False,False,False,False,False,False,True,False,False,True,False,False,False,False,high,25-34,positive
23,1,hoodie,94,oklahoma,1,green,4.6,0,1,1,14,4,True,False,False,True,False,False,False,False,False,False,True,False,False,False,False,True,high,18-24,positive
32,1,shoes,74,pennsylvania,1,yellow,2.5,0,1,1,18,52,False,True,False,False,True,False,False,True,False,False,False,False,True,False,False,False,high,25-34,negative
68,1,handbag,52,kentucky,3,black,3.7,0,1,1,14,4,False,False,False,True,False,False,True,False,False,False,False,False,False,True,False,False,medium,65+,neutral
30,1,jacket,81,vermont,1,blue,3.8,0,1,1,5,4,False,False,True,False,False,False,False,True,False,False,False,True,False,False,False,False,high,25-34,neutral
66,1,blouse,20,oregon,2,pink,2.6,0,1,1,15,4,True,False,False,False,False,True,False,False,False,False,False,False,True,False,False,False,low,65+,negative
62,1,pants,32,utah,3,lavender,3.7,0,1,1,3,4,True,False,False,False,True,False,False,True,False,False,False,False,False,False,False,True,low,55-64,neutral
50,1,boots,63,nebraska,3,cyan,2.6,0,1,1,12,4,False,True,False,False,False,False,False,True,False,False,False,True,False,False,False,False,medium,45-54,negative
55,1,boots,79,pennsylvania,1,cyan,3.1,0,1,1,43,4,False,True,False,True,False,False,False,False,False,False,True,True,False,False,False,False,high,55-64,neutral
19,1,sweater,23,vermont,1,gold,2.5,0,1,1,35,26,True,False,False,False,False,True,False,False,True,False,False,False,True,False,False,False,low,18-24,negative
67,1,gloves,64,kentucky,1,green,4.9,0,1,1,36,4,False,False,False,False,False,True,True,False,False,False,False,False,False,False,False,False,medium,65+,positive
18,1,socks,69,iowa,1,red,4.5,0,1,1,3,4,True,False,False,False,False,True,False,False,False,True,False,True,False,False,False,False,medium,18-24,positive
58,1,jeans,69,indiana,2,magenta,3.4,0,1,1,27,1,True,False,False,False,False,False,False,False,False,False,True,False,False,False,False,False,medium,55-64,neutral
69,1,pants,24,kansas,2,red,3.9,0,1,1,21,52,True,False,False,False,False,True,False,True,False,False,False,False,False,False,False,False,low,65+,neutral
62,1,shorts,50,illinois,1,yellow,3.7,0,1,1,18,52,True,False,False,False,True,False,False,False,False,False,True,False,False,False,False,True,medium,55-64,neutral
28,1,gloves,97,north carolina,0,turquoise,2.6,0,1,1,16,52,False,False,False,False,False,False,False,True,False,False,False,False,False,True,False,False,high,25-34,negative
53,1,sandals,91,ohio,0,cyan,3.4,0,1,1,18,26,False,True,False,False,False,False,False,False,False,False,True,False,False,False,False,True,high,45-54,neutral
27,1,blouse,37,illinois,2,yellow,4.9,0,1,1,19,26,True,False,False,True,False,False,False,False,False,False,True,False,False,False,False,False,low,25-34,positive
55,1,jacket,55,indiana,0,yellow,3.9,0,1,1,1,1,False,False,True,False,False,True,True,False,False,False,False,True,False,False,False,False,medium,55-64,neutral
34,1,jewelry,52,kansas,3,maroon,3.6,0,1,1,39,1,False,False,False,False,False,True,True,False,False,False,False,False,False,False,False,False,medium,25-34,neutral
25,1,hat,80,illinois,2,brown,4.6,0,1,1,49,12,False,False,False,True,False,False,False,False,False,True,False,False,False,False,False,True,high,25-34,positive
66,1,socks,79,pennsylvania,1,gold,4.0,0,1,1,43,26,True,False,False,True,False,False,False,False,False,False,False,False,True,False,False,False,high,65+,positive
57,1,handbag,23,new york,1,charcoal,3.6,0,1,1,31,4,False,False,False,False,True,False,False,True,False,False,False,False,False,True,False,False,low,55-64,neutral
46,1,pants,73,utah,2,beige,3.5,0,1,1,40,4,True,False,False,False,False,True,False,False,True,False,False,False,False,False,False,True,medium,45-54,neutral
38,1,gloves,99,new jersey,1,indigo,4.1,0,1,1,2,26,False,False,False,False,False,False,False,False,False,False,True,False,False,False,False,False,high,35-44,positive
23,1,sweater,22,idaho,1,red,3.0,0,1,1,46,4,True,False,False,True,False,False,False,False,False,False,True,False,False,False,True,False,low,18-24,neutral
42,1,hat,68,new mexico,1,white,4.4,0,1,1,35,4,False,False,False,False,True,False,False,False,False,False,True,False,False,True,False,False,medium,35-44,positive
25,1,dress,92,michigan,0,charcoal,4.4,0,1,1,42,4,True,False,False,True,False,False,False,False,False,False,False,False,True,False,False,False,high,25-34,positive
55,1,pants,77,wyoming,1,violet,3.7,0,1,1,3,26,True,False,False,False,False,True,True,False,False,False,False,False,False,False,False,True,high,55-64,neutral
62,1,coat,37,new jersey,3,magenta,4.8,0,1,1,32,4,False,False,True,True,False,False,False,False,False,True,False,False,False,True,False,False,low,55-64,positive
41,1,scarf,79,new jersey,2,white,2.9,0,1,1,48,1,False,False,False,False,False,True,False,False,False,False,True,False,False,True,False,False,high,35-44,negative
58,1,hoodie,51,hawaii,3,pink,3.1,0,1,1,34,52,True,False,False,False,False,True,True,False,False,False,False,False,True,False,False,False,medium,55-64,neutral
56,1,socks,27,nevada,1,lavender,4.0,0,1,1,15,4,True,False,False,False,True,False,False,False,True,False,False,False,False,False,False,False,low,55-64,positive
25,1,blouse,23,new hampshire,0,pink,3.0,0,1,1,22,1,True,False,False,True,False,False,False,False,False,False,True,False,False,True,False,False,low,25-34,neutral
70,1,socks,76,indiana,0,silver,3.9,0,1,1,2,12,True,False,False,False,True,False,False,False,False,False,False,True,False,False,False,False,high,65+,neutral
42,1,dress,31,new york,1,violet,3.4,0,1,1,30,52,True,False,False,False,False,False,False,False,False,True,False,False,False,False,False,False,low,35-44,neutral
27,1,hoodie,60,louisiana,1,charcoal,2.7,0,1,1,27,12,True,False,False,False,False,True,False,False,False,True,False,True,False,False,False,False,medium,25-34,negative
65,1,t-shirt,99,virginia,1,charcoal,3.5,0,1,1,18,26,True,False,False,True,False,False,True,False,False,False,False,False,False,False,False,True,high,65+,neutral
62,1,hat,37,wisconsin,3,red,3.0,0,1,1,8,1,False,False,False,False,False,True,False,True,False,False,False,False,True,False,False,False,low,55-64,neutral
62,1,boots,50,oregon,1,peach,4.5,0,1,1,48,26,False,True,False,False,False,True,True,False,False,False,False,False,False,False,False,True,medium,55-64,positive
52,1,jeans,26,new hampshire,3,purple,4.1,0,1,1,24,12,True,False,False,False,False,True,False,True,False,False,False,True,False,False,False,False,low,45-54,positive
56,1,shorts,86,indiana,3,orange,5.0,0,1,1,43,12,True,False,False,True,False,False,False,False,True,False,False,False,True,False,False,False,high,55-64,positive
28,1,sandals,41,massachusetts,2,magenta,4.0,0,1,1,8,4,False,True,False,False,False,False,False,False,False,True,False,True,False,False,False,False,low,25-34,positive
39,1,sandals,23,montana,3,red,4.9,0,1,1,49,1,False,True,False,False,False,True,True,False,False,False,False,False,False,False,True,False,low,35-44,positive
54,1,sneakers,56,california,3,black,3.3,0,1,1,2,26,False,True,False,True,False,False,False,False,False,False,False,False,True,False,False,False,medium,45-54,neutral
30,1,hat,68,indiana,1,peach,4.1,0,1,1,38,26,False,False,False,False,False,False,False,False,False,True,False,True,False,False,False,False,medium,25-34,positive
45,1,coat,48,west virginia,0,olive,3.6,0,1,1,4,26,False,False,True,False,False,True,True,False,False,False,False,True,False,False,False,False,medium,45-54,neutral
68,1,dress,67,minnesota,2,gold,3.0,0,1,1,31,4,True,False,False,True,False,False,False,True,False,False,False,True,False,False,False,False,medium,65+,neutral
47,1,boots,87,ohio,3,gold,4.1,0,1,1,34,4,False,True,False,True,False,False,False,False,False,False,False,False,False,True,False,False,high,45-54,positive
68,1,skirt,64,minnesota,1,turquoise,3.9,0,1,1,45,12,True,False,False,False,False,False,False,False,False,True,False,False,True,False,False,False,medium,65+,neutral
63,1,shirt,93,virginia,3,green,4.1,0,1,1,30,4,True,False,False,True,False,False,False,False,False,False,True,False,False,True,False,False,high,55-64,positive
20,1,shirt,29,connecticut,2,maroon,2.8,0,1,1,2,26,True,False,False,False,True,False,False,False,True,False,False,False,True,False,False,False,low,18-24,negative
29,1,boots,62,tennessee,2,brown,4.8,0,1,1,44,12,False,True,False,False,False,True,False,False,False,False,True,False,False,False,False,True,medium,25-34,positive
41,1,hoodie,70,delaware,2,brown,4.6,0,1,1,1,26,True,False,False,False,False,True,False,False,False,False,False,False,True,False,False,False,medium,35-44,positive
52,1,sweater,92,vermont,0,blue,2.5,0,1,1,1,26,True,False,False,False,False,True,False,False,True,False,False,False,False,False,False,True,high,45-54,negative
32,1,shirt,79,louisiana,1,lavender,2.7,0,1,1,27,52,True,False,False,True,False,False,False,False,True,False,False,False,False,False,False,False,high,25-34,negative
20,1,blouse,31,north dakota,1,peach,4.0,0,1,1,14,4,True,False,False,False,False,False,False,False,False,True,False,False,False,True,False,False,low,18-24,positive
47,1,t-shirt,83,oregon,0,gray,2.7,0,1,1,41,52,True,False,False,True,False,False,False,False,False,True,False,True,False,False,False,False,high,45-54,negative
23,1,jacket,88,idaho,3,charcoal,2.9,0,1,1,25,26,False,False,True,False,False,True,False,False,True,False,False,False,False,True,False,False,high,18-24,negative
43,1,jewelry,53,vermont,1,lavender,3.0,0,1,1,47,4,False,False,False,True,False,False,False,False,False,True,False,False,False,False,True,False,medium,35-44,neutral
67,1,hoodie,98,west virginia,1,green,3.3,0,1,1,20,1,True,False,False,False,False,False,False,False,False,True,False,True,False,False,False,False,high,65+,neutral
70,1,jewelry,57,kentucky,0,gray,4.3,0,1,1,42,1,False,False,False,True,False,False,False,False,False,False,True,False,False,False,True,False,medium,65+,positive
35,1,sandals,80,wisconsin,1,orange,4.4,0,1,1,16,12,False,True,False,False,False,True,True,False,False,False,False,False,False,False,False,False,high,35-44,positive
41,1,jeans,29,mississippi,2,silver,4.1,0,1,1,32,4,True,False,False,True,False,False,False,False,True,False,False,False,True,False,False,False,low,35-44,positive
54,1,hat,73,missouri,1,olive,3.1,0,1,1,37,4,False,False,False,True,False,False,False,False,False,False,False,False,False,False,True,False,medium,45-54,neutral
55,1,sweater,32,arkansas,0,turquoise,4.5,0,1,1,1,12,True,False,False,False,False,False,False,False,False,True,False,False,False,False,True,False,low,55-64,positive
51,1,boots,68,wyoming,2,turquoise,4.8,0,1,1,37,52,False,True,False,True,False,False,False,False,True,False,False,False,False,False,False,False,medium,45-54,positive
19,1,blouse,97,rhode island,2,green,5.0,0,1,1,5,4,True,False,False,True,False,False,True,False,False,False,False,False,False,False,False,True,high,18-24,positive
28,1,shorts,98,utah,1,violet,2.8,0,1,1,31,26,True,False,False,False,False,False,False,False,True,False,False,False,False,False,False,True,high,25-34,negative
63,1,hoodie,56,maryland,2,charcoal,3.7,0,1,1,18,1,True,False,False,False,False,False,True,False,False,False,False,False,False,True,False,False,medium,55-64,neutral
30,1,pants,78,georgia,2,white,4.4,0,1,1,39,4,True,False,False,False,False,True,False,False,False,False,False,False,False,False,False,True,high,25-34,positive
29,1,belt,81,new jersey,1,olive,4.5,0,1,1,8,26,False,False,False,True,False,False,False,False,False,False,True,False,False,False,False,True,high,25-34,positive
24,1,shirt,68,new hampshire,2,violet,3.0,0,1,1,20,12,True,False,False,False,False,True,False,True,False,False,False,False,False,False,False,True,medium,18-24,neutral
69,1,shirt,94,oregon,1,violet,3.9,0,1,1,23,4,True,False,False,False,False,True,False,False,False,False,False,False,False,True,False,False,high,65+,neutral
65,1,dress,93,arkansas,1,black,3.9,0,1,1,38,26,True,False,False,True,False,False,True,False,False,False,False,False,False,False,True,False,high,65+,neutral
64,1,gloves,99,north carolina,1,charcoal,3.5,0,1,1,45,26,False,False,False,False,False,False,False,False,True,False,False,False,False,False,False,False,high,55-64,neutral
40,1,gloves,49,west virginia,2,yellow,4.9,0,1,1,44,26,False,False,False,False,False,True,False,False,True,False,False,False,False,True,False,False,medium,35-44,positive
24,1,jeans,28,utah,3,blue,3.4,0,1,1,20,12,True,False,False,False,False,True,False,False,False,True,False,False,False,False,True,False,low,18-24,neutral
66,1,belt,93,south dakota,3,charcoal,4.1,0,1,1,34,26,False,False,False,False,False,True,False,False,False,True,False,False,False,False,True,False,high,65+,positive
35,1,jacket,24,new hampshire,1,red,2.9,0,1,1,10,52,False,False,True,False,False,False,False,False,True,False,False,False,False,False,True,False,low,35-44,negative
67,1,skirt,35,maryland,1,indigo,3.4,0,1,1,3,1,True,False,False,True,False,False,False,True,False,False,False,False,False,False,True,False,low,65+,neutral
69,1,sandals,68,south dakota,0,beige,3.2,0,1,1,23,26,False,True,False,True,False,False,False,False,False,False,False,False,False,True,False,False,medium,65+,neutral
26,1,belt,61,kentucky,1,maroon,3.9,0,1,1,42,1,False,False,False,False,True,False,False,True,False,False,False,False,False,False,False,False,medium,25-34,neutral
23,1,sweater,74,florida,3,yellow,4.1,0,1,1,30,1,True,False,False,False,False,False,False,False,False,True,False,False,False,True,False,False,high,18-24,positive
27,1,shirt,64,texas,1,silver,4.5,0,1,1,21,4,True,False,False,False,True,False,False,False,False,True,False,True,False,False,False,False,medium,25-34,positive
30,1,sneakers,60,new mexico,1,olive,2.8,0,1,1,50,52,False,True,False,False,False,False,False,False,False,True,False,False,False,False,True,False,medium,25-34,negative
48,1,jeans,29,south dakota,0,teal,2.8,0,1,1,16,26,True,False,False,True,False,False,True,False,False,False,False,True,False,False,False,False,low,45-54,negative
44,1,sandals,85,new jersey,1,silver,4.6,0,1,1,32,1,False,True,False,False,True,False,False,False,False,True,False,False,False,False,False,True,high,35-44,positive
29,1,pants,81,indiana,0,indigo,3.0,0,1,1,14,26,True,False,False,False,True,False,False,True,False,False,False,False,False,False,False,False,high,25-34,neutral
29,1,belt,23,louisiana,2,teal,3.6,0,1,1,42,26,False,False,False,False,False,False,False,False,False,False,False,False,False,False,False,True,low,25-34,neutral
67,1,t-shirt,100,west virginia,1,charcoal,4.5,0,1,1,47,4,True,False,False,True,False,False,False,False,True,False,False,False,True,False,False,False,high,65+,positive
42,1,shirt,54,maine,1,orange,5.0,0,1,1,21,52,True,False,False,False,False,False,True,False,False,False,False,False,False,True,False,False,medium,35-44,positive
23,1,sneakers,25,idaho,1,gold,2.9,0,1,1,37,12,False,True,False,False,False,False,False,False,True,False,False,False,True,False,False,False,low,18-24,negative
34,1,blouse,32,new york,2,silver,3.1,0,1,1,10,1,True,False,False,False,True,False,False,False,True,False,False,False,True,False,False,False,low,25-34,neutral
64,1,backpack,63,montana,0,orange,4.0,0,1,1,18,4,False,False,False,True,False,False,False,False,False,False,False,False,False,False,True,False,medium,55-64,positive
31,1,pants,56,mississippi,3,peach,4.5,0,1,1,2,4,True,False,False,True,False,False,True,False,False,False,False,False,False,False,True,False,medium,25-34,positive
54,1,sweater,33,alaska,2,brown,4.5,0,1,1,40,1,True,False,False,False,False,True,False,False,True,False,False,False,False,False,True,False,low,45-54,positive
23,1,coat,32,missouri,2,black,3.1,0,1,1,43,1,False,False,True,False,True,False,True,False,False,False,False,False,False,False,True,False,low,18-24,neutral
59,1,dress,38,rhode island,2,red,4.4,0,1,1,14,4,True,False,False,False,True,False,False,False,True,False,False,False,True,False,False,False,low,55-64,positive
32,1,blouse,21,hawaii,2,lavender,4.7,0,1,1,41,4,True,False,False,False,True,False,False,False,False,False,True,True,False,False,False,False,low,25-34,positive
43,1,hoodie,59,south carolina,2,brown,3.1,0,1,1,38,4,True,False,False,False,False,True,False,False,False,False,True,False,True,False,False,False,medium,35-44,neutral
32,1,shoes,87,tennessee,1,maroon,4.2,0,1,1,12,1,False,True,False,False,False,False,True,False,False,False,False,False,False,False,False,True,high,25-34,positive
66,1,t-shirt,79,missouri,1,violet,3.0,0,1,1,19,12,True,False,False,False,False,True,False,False,False,False,True,False,False,False,False,False,high,65+,neutral
70,1,shoes,28,missouri,1,lavender,2.6,0,1,1,23,26,False,True,False,False,True,False,False,True,False,False,False,False,True,False,False,False,low,65+,negative
42,1,boots,67,missouri,0,magenta,3.4,0,1,1,49,1,False,True,False,False,True,False,False,True,False,False,False,False,False,True,False,False,medium,35-44,neutral
56,1,shorts,75,mississippi,2,green,4.2,0,1,1,29,4,True,False,False,True,False,False,False,False,False,False,False,False,False,True,False,False,high,55-64,positive
28,1,belt,32,arkansas,0,lavender,4.6,0,1,1,14,26,False,False,False,True,False,False,False,False,False,True,False,False,False,True,False,False,low,25-34,positive
28,1,pants,43,kentucky,1,green,2.8,0,1,1,19,12,True,False,False,True,False,False,False,True,False,False,False,True,False,False,False,False,low,25-34,negative
52,1,shorts,93,connecticut,1,maroon,2.7,0,1,1,19,26,True,False,False,True,False,False,True,False,False,False,False,False,True,False,False,False,high,45-54,negative
65,1,sunglasses,24,oklahoma,1,magenta,4.0,0,1,1,48,52,False,False,False,True,False,False,False,False,False,True,False,False,False,False,False,False,low,65+,positive
56,1,hat,31,california,3,teal,3.1,0,1,1,19,1,False,False,False,False,False,False,False,True,False,False,False,False,False,True,False,False,low,55-64,neutral
59,1,t-shirt,84,missouri,2,orange,3.7,0,1,1,45,4,True,False,False,False,False,True,True,False,False,False,False,False,False,False,False,False,high,55-64,neutral
23,1,pants,74,washington,1,violet,4.0,0,1,1,17,4,True,False,False,False,False,True,False,False,True,False,False,False,False,False,False,False,high,18-24,positive
58,1,shorts,62,new york,1,yellow,4.6,0,1,1,15,4,True,False,False,True,False,False,False,False,False,True,False,False,False,True,False,False,medium,55-64,positive
39,1,jewelry,77,indiana,0,orange,3.8,0,1,1,11,26,False,False,False,False,True,False,False,True,False,False,False,False,True,False,False,False,high,35-44,neutral
28,1,backpack,73,oregon,2,gold,3.5,0,1,1,1,12,False,False,False,False,True,False,True,False,False,False,False,True,False,False,False,False,medium,25-34,neutral
40,1,shoes,50,texas,1,indigo,4.6,0,1,1,17,12,False,True,False,True,False,False,False,True,False,False,False,True,False,False,False,False,medium,35-44,positive
52,1,coat,40,florida,1,turquoise,2.8,0,1,1,37,52,False,False,True,False,False,True,False,False,False,True,False,True,False,False,False,False,low,45-54,negative
37,1,sweater,97,rhode island,1,orange,3.7,0,1,1,40,52,True,False,False,False,False,True,False,False,False,True,False,False,False,False,False,False,high,35-44,neutral
70,1,gloves,63,texas,1,indigo,3.3,0,1,1,50,4,False,False,False,False,False,False,True,False,False,False,False,False,False,False,True,False,medium,65+,neutral
30,1,handbag,65,vermont,1,charcoal,2.9,0,1,1,20,26,False,False,False,False,False,False,False,False,False,True,False,False,False,False,True,False,medium,25-34,negative
38,1,socks,91,maryland,1,lavender,3.2,0,1,1,8,26,True,False,False,True,False,False,False,False,False,True,False,False,False,False,True,False,high,35-44,neutral
66,1,hoodie,60,alaska,0,gold,4.3,0,1,1,16,4,True,False,False,True,False,False,False,False,False,False,True,False,False,False,False,False,medium,65+,positive
29,1,pants,69,idaho,1,lavender,2.7,0,1,1,9,4,True,False,False,False,False,True,False,False,True,False,False,False,False,False,False,False,medium,25-34,negative
46,1,coat,52,west virginia,0,white,4.2,0,1,1,12,12,False,False,True,True,False,False,False,False,False,False,True,False,False,False,False,True,medium,45-54,positive
56,1,boots,49,nevada,1,lavender,4.8,0,1,1,26,52,False,True,False,False,False,False,False,False,False,False,False,False,True,False,False,False,medium,55-64,positive
23,1,sneakers,85,oregon,1,charcoal,4.8,0,1,1,44,26,False,True,False,True,False,False,False,False,False,False,True,False,False,True,False,False,high,18-24,positive
37,1,sweater,86,tennessee,2,silver,3.4,0,1,1,19,26,True,False,False,True,False,False,True,False,False,False,False,False,True,False,False,False,high,35-44,neutral
56,1,handbag,51,alabama,0,yellow,2.6,0,1,1,43,26,False,False,False,False,False,True,False,False,False,True,False,False,False,False,True,False,medium,55-64,negative
36,1,belt,56,indiana,2,olive,5.0,0,1,1,5,4,False,False,False,False,False,True,False,False,True,False,False,False,False,False,False,False,medium,35-44,positive
40,1,belt,72,idaho,1,peach,4.4,0,1,1,5,4,False,False,False,False,False,False,False,False,True,False,False,False,False,True,False,False,medium,35-44,positive
26,1,hoodie,27,rhode island,3,yellow,2.9,0,1,1,31,4,True,False,False,False,False,False,False,False,False,True,False,False,False,False,False,False,low,25-34,negative
57,1,sunglasses,43,arizona,3,yellow,3.4,0,1,1,11,12,False,False,False,False,True,False,False,False,False,False,False,False,False,False,False,False,low,55-64,neutral
68,1,sneakers,56,florida,1,indigo,3.4,0,1,1,34,12,False,True,False,True,False,False,False,False,False,True,False,False,False,False,False,False,medium,65+,neutral
56,1,t-shirt,37,new york,0,violet,4.9,0,1,1,14,1,True,False,False,False,False,False,False,False,True,False,False,True,False,False,False,False,low,55-64,positive
40,1,dress,21,nebraska,1,white,3.6,0,1,1,42,52,True,False,False,False,False,False,False,False,False,True,False,False,False,False,False,True,low,35-44,neutral
44,1,hoodie,91,mississippi,2,white,3.0,0,1,1,15,26,True,False,False,False,False,True,False,True,False,False,False,False,False,False,False,True,high,35-44,neutral
44,1,sweater,95,vermont,1,cyan,3.9,0,1,1,47,12,True,False,False,False,True,False,False,False,False,False,False,False,False,False,False,False,high,35-44,neutral
19,1,belt,54,nebraska,3,purple,3.2,0,1,1,23,26,False,False,False,True,False,False,False,False,False,True,False,False,True,False,False,False,medium,18-24,neutral
21,1,socks,36,south carolina,3,black,3.2,0,1,1,23,26,True,False,False,True,False,False,False,False,True,False,False,True,False,False,False,False,low,18-24,neutral
31,1,sunglasses,71,delaware,1,orange,4.3,0,1,1,1,4,False,False,False,False,False,False,False,False,True,False,False,True,False,False,False,False,medium,25-34,positive
30,1,coat,31,vermont,2,maroon,2.8,0,1,1,28,4,False,False,True,False,True,False,False,False,False,False,False,False,False,False,False,False,low,25-34,negative
65,1,hat,89,indiana,3,orange,4.5,0,1,1,37,26,False,False,False,True,False,False,False,False,True,False,False,False,True,False,False,False,high,65+,positive
39,1,pants,83,oregon,1,teal,4.1,0,1,1,4,4,True,False,False,False,False,True,False,False,True,False,False,True,False,False,False,False,high,35-44,positive
64,1,backpack,42,maryland,1,gray,3.6,0,1,1,21,4,False,False,False,True,False,False,False,False,False,False,False,False,False,False,False,False,low,55-64,neutral
59,1,shorts,91,florida,1,blue,3.0,0,1,1,50,26,True,False,False,False,True,False,False,False,False,False,False,False,False,False,True,False,high,55-64,neutral
49,1,jacket,61,indiana,1,cyan,4.0,0,1,1,34,1,False,False,True,True,False,False,False,True,False,False,False,False,False,False,False,False,medium,45-54,positive
24,1,backpack,66,texas,0,red,3.5,0,1,1,20,4,False,False,False,False,True,False,False,False,True,False,False,True,False,False,False,False,medium,18-24,neutral
19,1,scarf,22,nebraska,3,pink,2.5,0,1,1,25,4,False,False,False,True,False,False,False,False,False,False,True,False,False,False,False,True,low,18-24,negative
27,1,hoodie,68,north carolina,0,cyan,4.3,0,1,1,26,26,True,False,False,False,False,True,False,False,False,False,True,False,False,False,False,False,medium,25-34,positive
56,1,skirt,43,alabama,2,black,2.8,0,1,1,4,1,True,False,False,False,False,False,True,False,False,False,False,False,False,False,False,False,low,55-64,negative
49,1,dress,32,alabama,1,beige,3.7,0,1,1,39,12,True,False,False,False,False,False,False,False,True,False,False,False,False,True,False,False,low,45-54,neutral
41,1,coat,46,colorado,1,gray,4.3,0,1,1,29,52,False,False,True,False,False,False,True,False,False,False,False,True,False,False,False,False,medium,35-44,positive
36,1,blouse,90,wisconsin,2,red,4.0,0,1,1,47,4,True,False,False,False,True,False,True,False,False,False,False,False,False,False,True,False,high,35-44,positive
68,1,hat,75,delaware,2,yellow,4.7,0,1,1,5,4,False,False,False,False,False,False,True,False,False,False,False,True,False,False,False,False,high,65+,positive
28,1,handbag,69,indiana,1,magenta,4.5,0,1,1,18,26,False,False,False,False,False,True,False,False,False,False,True,False,False,False,False,False,medium,25-34,positive
45,1,belt,40,iowa,1,magenta,3.1,0,1,1,10,26,False,False,False,False,False,False,False,True,False,False,False,False,True,False,False,False,low,45-54,neutral
60,1,belt,63,iowa,0,black,3.8,0,1,1,25,4,False,False,False,False,False,False,True,False,False,False,False,True,False,False,False,False,medium,55-64,neutral
21,1,shirt,36,wisconsin,2,orange,4.9,0,1,1,2,52,True,False,False,False,True,False,True,False,False,False,False,True,False,False,False,False,low,18-24,positive
32,1,shoes,75,iowa,1,green,3.2,0,1,1,48,26,False,True,False,False,False,True,False,False,False,True,False,False,False,False,False,True,high,25-34,neutral
27,1,scarf,67,montana,2,peach,2.9,0,1,1,41,4,False,False,False,False,True,False,False,False,False,False,False,False,False,False,False,False,medium,25-34,negative
40,1,pants,64,mississippi,1,charcoal,2.8,0,1,1,42,12,True,False,False,True,False,False,False,False,False,False,True,False,True,False,False,False,medium,35-44,negative
64,1,blouse,61,michigan,1,gray,4.0,0,1,1,44,26,True,False,False,False,False,False,False,False,False,False,False,False,False,False,True,False,medium,55-64,positive
18,1,gloves,40,virginia,2,turquoise,2.6,0,1,1,6,4,False,False,False,False,False,True,False,False,False,False,True,True,False,False,False,False,low,18-24,negative
22,1,handbag,97,new york,1,red,2.7,0,1,1,5,4,False,False,False,False,False,False,False,True,False,False,False,False,False,False,False,False,high,18-24,negative
42,1,sneakers,31,maine,2,brown,4.1,0,1,1,8,1,False,True,False,True,False,False,False,False,False,False,False,False,True,False,False,False,low,35-44,positive
57,1,sandals,65,new jersey,2,pink,5.0,0,1,1,24,1,False,True,False,True,False,False,False,True,False,False,False,False,False,False,True,False,medium,55-64,positive
33,1,sunglasses,54,maryland,2,olive,3.0,0,1,1,42,12,False,False,False,True,False,False,False,False,True,False,False,False,False,False,False,True,medium,25-34,neutral
37,1,jacket,49,kentucky,3,lavender,3.6,0,1,1,24,52,False,False,True,False,False,False,False,True,False,False,False,False,False,False,False,True,medium,35-44,neutral
21,1,t-shirt,64,minnesota,2,purple,2.8,0,1,1,38,26,True,False,False,False,False,False,False,False,False,False,False,False,False,False,False,True,medium,18-24,negative
51,1,sneakers,35,massachusetts,0,beige,4.6,0,1,1,41,26,False,True,False,False,False,True,False,False,False,True,False,True,False,False,False,False,low,45-54,positive
30,1,shoes,86,illinois,2,green,2.9,0,1,1,48,4,False,True,False,False,False,True,False,False,False,True,False,False,False,False,False,True,high,25-34,negative
68,1,jacket,55,michigan,2,brown,4.8,0,1,1,16,4,False,False,True,False,False,True,True,False,False,False,False,False,False,False,False,False,medium,65+,positive
36,1,scarf,58,wisconsin,1,beige,3.3,0,1,1,4,12,False,False,False,True,False,False,True,False,False,False,False,False,False,False,False,True,medium,35-44,neutral
46,1,sneakers,96,alaska,1,beige,4.6,0,1,1,8,52,False,True,False,False,False,False,False,False,False,True,False,False,False,False,False,False,high,45-54,positive
41,1,jewelry,64,mississippi,1,indigo,2.6,0,1,1,1,26,False,False,False,False,False,False,False,False,False,False,True,False,False,False,False,False,medium,35-44,negative
68,1,jacket,56,oregon,1,silver,4.0,0,1,1,4,4,False,False,True,False,False,False,False,False,True,False,False,False,False,True,False,False,medium,65+,positive
21,1,blouse,85,maryland,1,gold,3.8,0,1,1,20,12,True,False,False,False,False,True,False,False,False,True,False,False,True,False,False,False,high,18-24,neutral
62,1,dress,23,arkansas,1,lavender,3.9,0,1,1,40,4,True,False,False,True,False,False,True,False,False,False,False,True,False,False,False,False,low,55-64,neutral
59,1,scarf,72,illinois,2,orange,2.6,0,1,1,8,26,False,False,False,False,False,False,False,False,False,False,True,False,False,True,False,False,medium,55-64,negative
25,1,hat,38,arkansas,1,maroon,4.3,0,1,1,42,52,False,False,False,False,True,False,False,False,False,True,False,False,False,True,False,False,low,25-34,positive
53,1,blouse,29,mississippi,0,white,3.6,0,1,1,38,1,True,False,False,False,False,True,True,False,False,False,False,False,True,False,False,False,low,45-54,neutral
31,1,gloves,46,arkansas,1,yellow,4.2,0,1,1,34,4,False,False,False,True,False,False,True,False,False,False,False,False,False,False,False,True,medium,25-34,positive
46,1,gloves,58,idaho,2,yellow,3.9,0,1,1,14,26,False,False,False,True,False,False,True,False,False,False,False,False,False,False,True,False,medium,45-54,neutral
26,1,coat,43,iowa,2,magenta,4.7,0,1,1,39,52,False,False,True,False,False,False,False,False,True,False,False,True,False,False,False,False,low,25-34,positive
47,1,scarf,32,west virginia,2,turquoise,2.8,0,1,1,40,26,False,False,False,True,False,False,False,False,True,False,False,False,False,False,True,False,low,45-54,negative
37,1,pants,30,wisconsin,3,lavender,3.0,0,1,1,49,12,True,False,False,False,False,True,False,False,True,False,False,False,False,True,False,False,low,35-44,neutral
55,1,sunglasses,67,massachusetts,0,magenta,4.7,0,1,1,33,1,False,False,False,False,True,False,False,False,False,False,True,False,False,False,True,False,medium,55-64,positive
30,1,dress,45,texas,1,cyan,2.5,0,1,1,25,52,True,False,False,False,True,False,False,True,False,False,False,False,True,False,False,False,low,25-34,negative
19,1,hat,81,nebraska,1,olive,3.1,0,1,1,48,1,False,False,False,False,False,True,False,False,False,False,True,False,False,False,False,True,high,18-24,neutral
36,1,backpack,23,nevada,1,red,3.6,0,1,1,22,4,False,False,False,False,False,False,False,False,True,False,False,False,True,False,False,False,low,35-44,neutral
23,1,sandals,59,indiana,1,blue,3.5,0,1,1,1,52,False,True,False,False,False,False,False,False,False,False,False,False,False,False,True,False,medium,18-24,neutral
62,1,sunglasses,21,north dakota,2,white,3.1,0,1,1,47,12,False,False,False,False,True,False,True,False,False,False,False,False,False,False,True,False,low,55-64,neutral
26,1,backpack,20,georgia,1,peach,3.6,0,1,1,20,26,False,False,False,True,False,False,False,False,False,False,True,False,True,False,False,False,low,25-34,neutral
36,1,jewelry,28,new mexico,1,charcoal,3.5,0,1,1,10,52,False,False,False,False,False,True,False,False,True,False,False,False,False,True,False,False,low,35-44,neutral
33,1,socks,100,new hampshire,1,peach,2.7,0,1,1,39,12,True,False,False,False,False,True,False,False,False,False,True,False,True,False,False,False,high,25-34,negative
32,1,shirt,46,washington,2,turquoise,3.6,0,1,1,15,12,True,False,False,True,False,False,True,False,False,False,False,False,False,True,False,False,medium,25-34,neutral
56,1,handbag,61,nevada,3,charcoal,4.5,0,1,1,11,1,False,False,False,True,False,False,True,False,False,False,False,False,True,False,False,False,medium,55-64,positive
58,1,blouse,58,maine,1,yellow,4.1,0,1,1,38,52,True,False,False,False,False,True,False,True,False,False,False,False,False,False,False,True,medium,55-64,positive
34,1,backpack,50,idaho,1,blue,4.2,0,1,1,41,26,False,False,False,True,False,False,False,False,False,True,False,True,False,False,False,False,medium,25-34,positive
61,1,hat,93,tennessee,1,purple,4.0,0,1,1,18,1,False,False,False,False,True,False,False,False,False,False,True,False,False,True,False,False,high,55-64,positive
48,1,skirt,24,louisiana,2,green,2.8,0,1,1,13,4,True,False,False,False,True,False,False,False,False,False,True,False,False,False,False,True,low,45-54,negative
25,1,shorts,100,michigan,1,charcoal,2.6,0,1,1,43,1,True,False,False,False,True,False,False,False,False,False,False,False,False,False,False,True,high,25-34,negative
51,1,blouse,79,new hampshire,0,indigo,2.7,0,1,1,12,4,True,False,False,False,False,False,False,False,False,False,True,False,False,False,False,False,high,45-54,negative
29,1,socks,51,minnesota,1,black,4.5,0,1,1,3,26,True,False,False,False,True,False,False,False,False,False,True,False,True,False,False,False,medium,25-34,positive
54,1,belt,90,illinois,1,blue,3.7,0,1,1,12,4,False,False,False,False,False,True,False,True,False,False,False,False,True,False,False,False,high,45-54,neutral
48,1,boots,56,idaho,2,silver,3.4,0,1,1,46,4,False,True,False,False,True,False,False,True,False,False,False,True,False,False,False,False,medium,45-54,neutral
62,1,shorts,25,montana,0,brown,4.6,0,1,1,21,26,True,False,False,True,False,False,False,False,False,True,False,False,False,True,False,False,low,55-64,positive
18,1,shirt,75,alabama,1,violet,4.1,0,1,1,23,4,True,False,False,False,True,False,False,False,False,False,False,False,False,False,False,True,high,18-24,positive
43,1,handbag,75,montana,1,orange,2.6,0,1,1,4,4,False,False,False,False,True,False,False,True,False,False,False,False,False,True,False,False,high,35-44,negative
22,1,jeans,53,california,3,gray,4.6,0,1,1,45,4,True,False,False,False,True,False,False,False,False,False,True,False,False,False,True,False,medium,18-24,positive
68,1,dress,100,pennsylvania,0,gold,3.0,0,1,1,24,26,True,False,False,True,False,False,False,False,False,True,False,False,False,False,False,False,high,65+,neutral
44,1,dress,27,texas,2,charcoal,3.4,0,1,1,3,26,True,False,False,False,False,False,False,True,False,False,False,False,False,False,True,False,low,35-44,neutral
51,1,sandals,60,michigan,0,black,3.5,0,1,1,12,4,False,True,False,False,False,False,False,True,False,False,False,False,False,False,False,True,medium,45-54,neutral
66,1,jacket,23,connecticut,0,indigo,3.5,0,1,1,34,4,False,False,True,False,False,False,False,False,False,True,False,False,False,False,False,False,low,65+,neutral
59,1,coat,40,wyoming,0,white,3.7,0,1,1,39,1,False,False,True,False,False,True,False,False,True,False,False,False,True,False,False,False,low,55-64,neutral
60,1,pants,38,michigan,1,yellow,4.8,0,1,1,35,4,True,False,False,False,True,False,False,True,False,False,False,False,False,False,True,False,low,55-64,positive
31,1,backpack,90,south dakota,0,orange,4.9,0,1,1,8,1,False,False,False,False,True,False,False,False,False,False,True,False,True,False,False,False,high,25-34,positive
20,1,blouse,97,north dakota,0,green,4.9,0,1,1,42,4,True,False,False,False,True,False,True,False,False,False,False,False,False,False,True,False,high,18-24,positive
24,1,skirt,38,maryland,2,gold,4.7,0,1,1,6,4,True,False,False,False,False,False,False,False,False,True,False,False,True,False,False,False,low,18-24,positive
48,1,sandals,30,michigan,0,orange,4.9,0,1,1,3,26,False,True,False,False,True,False,False,True,False,False,False,False,True,False,False,False,low,45-54,positive
39,1,pants,88,south dakota,1,cyan,2.9,0,1,1,29,4,True,False,False,False,False,False,True,False,False,False,False,False,False,False,False,True,high,35-44,negative
34,1,hat,33,florida,2,black,4.4,0,1,1,32,4,False,False,False,False,False,True,True,False,False,False,False,False,False,True,False,False,low,25-34,positive
70,1,hoodie,60,minnesota,2,yellow,3.2,0,1,1,45,52,True,False,False,False,False,True,False,False,True,False,False,False,False,True,False,False,medium,65+,neutral
59,1,sweater,64,new york,2,maroon,4.6,0,1,1,21,26,True,False,False,False,True,False,False,True,False,False,False,False,False,True,False,False,medium,55-64,positive
45,1,scarf,95,oregon,3,black,4.0,0,1,1,41,52,False,False,False,False,False,False,False,False,False,True,False,True,False,False,False,False,high,45-54,positive
35,1,sneakers,83,minnesota,1,gray,3.7,0,1,1,23,26,False,True,False,False,False,True,False,True,False,False,False,False,False,False,True,False,high,35-44,neutral
69,1,boots,97,montana,3,orange,4.2,0,1,1,14,1,False,True,False,False,False,True,False,True,False,False,False,True,False,False,False,False,high,65+,positive
58,1,coat,38,washington,1,cyan,2.9,0,1,1,24,12,False,False,True,True,False,False,False,False,False,True,False,False,False,True,False,False,low,55-64,negative
25,1,boots,48,new mexico,1,magenta,4.8,0,1,1,25,26,False,True,False,False,True,False,False,False,True,False,False,True,False,False,False,False,medium,25-34,positive
27,1,sandals,76,arizona,1,pink,4.4,0,1,1,13,12,False,True,False,True,False,False,False,False,False,True,False,False,False,False,False,True,high,25-34,positive
34,1,pants,25,nebraska,0,turquoise,3.4,0,1,1,3,4,True,False,False,False,True,False,False,True,False,False,False,False,False,False,False,True,low,25-34,neutral
53,1,hoodie,92,idaho,0,violet,2.8,0,1,1,42,1,True,False,False,True,False,False,False,False,False,False,False,False,True,False,False,False,high,45-54,negative
58,1,sandals,47,idaho,2,teal,4.2,0,1,1,2,12,False,True,False,False,False,False,False,False,True,False,False,True,False,False,False,False,medium,55-64,positive
32,1,sweater,36,vermont,2,pink,3.8,0,1,1,26,4,True,False,False,False,False,False,True,False,False,False,False,True,False,False,False,False,low,25-34,neutral
64,1,belt,51,arkansas,1,gold,3.1,0,1,1,24,1,False,False,False,False,False,False,False,False,False,False,False,False,True,False,False,False,medium,55-64,neutral
63,1,jeans,35,wyoming,3,red,3.2,0,1,1,6,4,True,False,False,False,True,False,True,False,False,False,False,False,True,False,False,False,low,55-64,neutral
23,1,hoodie,57,new mexico,0,beige,3.0,0,1,1,25,12,True,False,False,False,True,False,False,False,True,False,False,False,False,False,True,False,medium,18-24,neutral
64,1,boots,95,west virginia,1,black,3.6,0,1,1,11,4,False,True,False,False,True,False,False,True,False,False,False,False,True,False,False,False,high,55-64,neutral
18,1,socks,41,new york,2,lavender,2.5,0,1,1,20,4,True,False,False,False,False,True,False,False,False,False,True,True,False,False,False,False,low,18-24,negative
25,1,dress,44,illinois,0,teal,3.4,0,1,1,25,4,True,False,False,False,False,True,False,True,False,False,False,True,False,False,False,False,low,25-34,neutral
54,1,jacket,34,utah,1,maroon,2.5,0,1,1,35,4,False,False,True,False,False,False,False,False,True,False,False,False,False,False,True,False,low,45-54,negative
60,1,jacket,25,colorado,2,blue,4.7,0,1,1,11,4,False,False,True,True,False,False,False,False,False,False,False,False,False,False,False,False,low,55-64,positive
36,1,boots,93,virginia,0,teal,3.2,0,1,1,41,26,False,True,False,False,False,True,False,False,False,False,False,False,False,False,False,False,high,35-44,neutral
66,1,sneakers,50,georgia,2,maroon,2.9,0,1,1,17,1,False,True,False,False,False,True,False,True,False,False,False,False,True,False,False,False,medium,65+,negative
60,1,pants,79,alabama,2,silver,4.9,0,1,1,1,4,True,False,False,False,False,False,True,False,False,False,False,False,False,False,True,False,high,55-64,positive
59,1,coat,100,montana,0,olive,2.7,0,1,1,30,4,False,False,True,True,False,False,False,False,False,False,True,False,False,False,True,False,high,55-64,negative
58,1,shirt,57,pennsylvania,0,gray,4.7,0,1,1,47,26,True,False,False,True,False,False,True,False,False,False,False,False,False,False,False,True,medium,55-64,positive
35,1,sweater,28,missouri,1,peach,2.9,0,1,1,34,52,True,False,False,True,False,False,False,False,False,False,False,False,False,False,False,True,low,35-44,negative
20,1,shoes,35,maine,2,yellow,4.8,0,1,1,18,26,False,True,False,False,False,True,True,False,False,False,False,False,False,False,False,True,low,18-24,positive
70,1,boots,85,pennsylvania,2,violet,4.6,0,1,1,33,26,False,True,False,False,False,False,False,False,False,True,False,False,False,False,False,True,high,65+,positive
54,1,sunglasses,95,oregon,0,red,5.0,0,1,1,42,4,False,False,False,False,True,False,False,False,False,False,False,False,False,False,False,True,high,45-54,positive
38,1,sneakers,90,utah,0,charcoal,4.8,0,1,1,2,4,False,True,False,False,True,False,False,False,False,False,False,False,False,False,False,True,high,35-44,positive
54,1,jewelry,49,oklahoma,1,beige,4.9,0,1,1,1,12,False,False,False,False,True,False,False,False,False,False,True,False,False,False,False,False,medium,45-54,positive
33,1,belt,92,montana,1,peach,4.6,0,1,1,23,4,False,False,False,False,False,True,False,False,False,False,False,False,False,False,False,False,high,25-34,positive
46,1,gloves,72,nebraska,3,violet,3.9,0,1,1,42,26,False,False,False,False,False,True,False,False,False,False,True,True,False,False,False,False,medium,45-54,neutral
58,1,shorts,71,alabama,1,green,4.5,0,1,1,3,1,True,False,False,False,True,False,False,False,False,False,True,False,False,False,True,False,medium,55-64,positive
30,1,jewelry,27,ohio,3,olive,4.7,0,1,1,16,26,False,False,False,False,False,True,False,False,False,False,True,False,False,True,False,False,low,25-34,positive
42,1,gloves,39,arkansas,0,silver,3.9,0,1,1,46,26,False,False,False,False,False,False,True,False,False,False,False,True,False,False,False,False,low,35-44,neutral
28,1,jewelry,98,mississippi,1,purple,4.4,0,1,1,31,4,False,False,False,False,False,True,False,False,False,True,False,False,False,False,True,False,high,25-34,positive
43,1,sandals,27,california,1,silver,3.9,0,1,1,15,4,False,True,False,True,False,False,False,False,True,False,False,True,False,False,False,False,low,35-44,neutral
31,1,jewelry,71,alaska,0,gray,2.8,0,1,1,48,4,False,False,False,True,False,False,False,False,False,False,False,False,False,False,False,True,medium,25-34,negative
39,1,hat,24,indiana,2,turquoise,3.5,0,1,1,11,52,False,False,False,True,False,False,False,False,False,False,True,True,False,False,False,False,low,35-44,neutral
69,1,shorts,63,wisconsin,1,violet,4.3,0,1,1,20,4,True,False,False,False,False,False,True,False,False,False,False,False,True,False,False,False,medium,65+,positive
31,1,sweater,72,new jersey,0,pink,3.9,0,1,1,6,12,True,False,False,False,False,False,False,False,True,False,False,False,True,False,False,False,medium,25-34,neutral
44,1,blouse,61,rhode island,1,teal,4.0,0,1,1,24,12,True,False,False,True,False,False,True,False,False,False,False,True,False,False,False,False,medium,35-44,positive
39,1,hat,56,wyoming,1,magenta,4.1,0,1,1,18,12,False,False,False,False,False,False,False,False,True,False,False,False,True,False,False,False,medium,35-44,positive
24,1,belt,32,oregon,3,silver,4.3,0,1,1,1,4,False,False,False,False,True,False,False,False,False,True,False,False,False,False,True,False,low,18-24,positive
28,1,gloves,23,washington,1,blue,4.2,0,1,1,13,26,False,False,False,False,True,False,False,True,False,False,False,False,False,False,False,True,low,25-34,positive
48,1,coat,100,washington,2,black,4.0,0,1,1,2,52,False,False,True,True,False,False,False,False,False,True,False,False,False,False,False,False,high,45-54,positive
39,1,jewelry,74,new hampshire,1,gold,3.6,0,1,1,26,4,False,False,False,False,False,False,True,False,False,False,False,True,False,False,False,False,high,35-44,neutral
64,1,skirt,33,maryland,0,gray,3.3,0,1,1,31,4,True,False,False,True,False,False,False,False,False,True,False,False,False,False,True,False,low,55-64,neutral
28,1,gloves,67,wisconsin,0,magenta,4.1,0,1,1,43,52,False,False,False,True,False,False,False,False,False,False,False,False,False,False,False,False,medium,25-34,positive
39,1,jewelry,61,massachusetts,0,yellow,4.7,0,1,1,12,26,False,False,False,False,True,False,False,False,True,False,False,False,False,True,False,False,medium,35-44,positive
49,1,shorts,46,nebraska,1,teal,4.4,0,1,1,22,4,True,False,False,False,True,False,False,False,False,False,True,False,False,False,False,True,medium,45-54,positive
22,1,gloves,56,nebraska,2,red,3.4,0,1,1,3,26,False,False,False,True,False,False,False,False,False,True,False,True,False,False,False,False,medium,18-24,neutral
25,1,sneakers,73,idaho,0,yellow,5.0,0,1,1,23,4,False,True,False,True,False,False,False,True,False,False,False,False,False,False,False,True,medium,25-34,positive
40,1,skirt,44,arizona,2,black,4.6,0,1,1,26,1,True,False,False,False,True,False,False,False,False,False,True,False,False,False,True,False,low,35-44,positive
23,1,hat,44,hawaii,2,pink,4.0,0,1,1,37,52,False,False,False,False,False,True,False,False,False,True,False,False,True,False,False,False,low,18-24,positive
24,1,jewelry,26,missouri,3,magenta,4.1,0,1,1,42,4,False,False,False,False,True,False,False,False,True,False,False,False,False,False,False,True,low,18-24,positive
66,1,sneakers,52,louisiana,2,olive,4.9,0,1,1,15,26,False,True,False,True,False,False,True,False,False,False,False,False,False,False,False,True,medium,65+,positive
27,1,shirt,54,arkansas,0,black,2.7,0,1,1,10,4,True,False,False,False,True,False,False,True,False,False,False,False,False,False,False,False,medium,25-34,negative
62,1,jacket,38,north carolina,1,maroon,4.5,0,1,1,3,4,False,False,True,False,True,False,False,True,False,False,False,False,False,False,False,True,low,55-64,positive
70,1,belt,44,north dakota,0,gold,2.7,0,1,1,44,4,False,False,False,False,False,False,False,False,False,True,False,False,True,False,False,False,low,65+,negative
43,1,t-shirt,76,montana,1,gray,3.0,0,1,1,23,26,True,False,False,True,False,False,False,False,True,False,False,False,False,False,False,False,high,35-44,neutral
45,1,jewelry,23,rhode island,1,brown,4.5,0,1,1,6,52,False,False,False,False,False,True,False,False,True,False,False,False,False,False,True,False,low,45-54,positive
63,1,t-shirt,98,idaho,1,purple,5.0,0,1,1,9,26,True,False,False,False,False,True,False,False,False,True,False,False,False,False,False,True,high,55-64,positive
69,1,jacket,33,michigan,0,magenta,3.8,0,1,1,16,4,False,False,True,True,False,False,False,False,False,False,False,False,False,True,False,False,low,65+,neutral
59,1,sweater,32,illinois,1,teal,3.1,0,1,1,46,26,True,False,False,False,True,False,False,False,False,True,False,False,False,False,False,True,low,55-64,neutral
19,1,boots,85,georgia,0,olive,3.4,0,1,1,24,4,False,True,False,False,False,False,False,True,False,False,False,False,True,False,False,False,high,18-24,neutral
63,1,jeans,69,alabama,2,maroon,4.8,0,1,1,22,12,True,False,False,False,True,False,False,False,True,False,False,False,False,True,False,False,medium,55-64,positive
37,1,jeans,55,alaska,3,silver,2.7,0,1,1,13,4,True,False,False,True,False,False,False,False,False,True,False,False,False,True,False,False,medium,35-44,negative
37,1,pants,66,massachusetts,1,black,3.2,0,1,1,20,26,True,False,False,False,True,False,False,False,False,False,True,True,False,False,False,False,medium,35-44,neutral
50,1,jacket,30,michigan,1,maroon,3.9,0,1,1,46,4,False,False,True,False,False,False,False,False,False,False,False,True,False,False,False,False,low,45-54,neutral
60,1,jacket,80,alaska,1,teal,4.2,0,1,1,10,12,False,False,True,False,False,True,False,False,True,False,False,False,False,False,False,False,high,55-64,positive
46,1,belt,20,north dakota,1,teal,3.0,0,1,1,39,12,False,False,False,False,True,False,True,False,False,False,False,True,False,False,False,False,low,45-54,neutral
35,1,shirt,30,south carolina,2,beige,3.0,0,1,1,44,4,True,False,False,False,False,False,False,False,False,False,False,False,False,False,True,False,low,35-44,neutral
66,1,dress,86,pennsylvania,0,maroon,3.7,0,1,1,7,1,True,False,False,False,False,True,False,False,False,False,False,False,False,False,False,True,high,65+,neutral
35,1,blouse,84,colorado,2,beige,4.4,0,1,1,3,4,True,False,False,True,False,False,False,False,False,False,True,True,False,False,False,False,high,35-44,positive
20,1,dress,54,new hampshire,3,white,4.6,0,1,1,44,1,True,False,False,False,True,False,False,True,False,False,False,False,False,True,False,False,medium,18-24,positive
55,1,blouse,30,maryland,3,gray,3.0,0,1,1,31,1,True,False,False,False,False,False,False,True,False,False,False,False,False,False,False,True,low,55-64,neutral
34,1,dress,91,georgia,1,violet,3.6,0,1,1,48,52,True,False,False,False,False,True,True,False,False,False,False,False,True,False,False,False,high,25-34,neutral
60,1,sneakers,23,wisconsin,2,silver,3.9,0,1,1,18,26,False,True,False,False,False,True,False,False,False,True,False,False,False,False,True,False,low,55-64,neutral
22,1,socks,35,texas,1,red,4.1,0,1,1,27,12,True,False,False,True,False,False,False,True,False,False,False,True,False,False,False,False,low,18-24,positive
26,1,shoes,90,utah,2,brown,3.9,0,1,1,1,52,False,True,False,False,False,True,False,False,False,False,False,False,False,False,False,True,high,25-34,neutral
39,1,jeans,93,indiana,0,turquoise,3.9,0,1,1,34,52,True,False,False,False,False,False,False,False,False,False,False,True,False,False,False,False,high,35-44,neutral
20,1,jeans,68,nevada,2,indigo,4.5,0,1,1,5,26,True,False,False,False,False,True,True,False,False,False,False,False,False,False,False,False,medium,18-24,positive
57,1,gloves,41,new hampshire,1,violet,3.4,0,1,1,12,4,False,False,False,True,False,False,False,False,False,True,False,True,False,False,False,False,low,55-64,neutral
68,1,belt,73,new york,1,yellow,4.1,0,1,1,14,26,False,False,False,False,False,True,False,False,True,False,False,False,False,False,False,True,medium,65+,positive
50,1,sunglasses,73,texas,2,cyan,4.9,0,1,1,40,52,False,False,False,False,False,False,False,False,True,False,False,False,False,False,True,False,medium,45-54,positive
21,1,hat,66,iowa,1,brown,4.4,0,1,1,39,4,False,False,False,False,True,False,False,False,False,False,False,True,False,False,False,False,medium,18-24,positive
29,1,backpack,59,washington,1,white,2.7,0,1,1,50,52,False,False,False,False,True,False,False,False,False,False,False,False,False,False,False,False,medium,25-34,negative
38,1,shorts,72,tennessee,2,yellow,4.8,0,1,1,5,12,True,False,False,True,False,False,False,True,False,False,False,False,False,True,False,False,medium,35-44,positive
54,1,socks,88,georgia,1,white,3.3,0,1,1,35,1,True,False,False,False,True,False,False,False,False,False,False,False,False,True,False,False,high,45-54,neutral
22,1,socks,76,massachusetts,2,pink,4.4,0,1,1,6,26,True,False,False,False,True,False,False,True,False,False,False,True,False,False,False,False,high,18-24,positive
29,1,belt,31,oregon,1,indigo,4.6,0,1,1,22,26,False,False,False,False,False,True,False,False,False,False,False,True,False,False,False,False,low,25-34,positive
41,1,jacket,22,oklahoma,2,white,3.1,0,1,1,27,12,False,False,True,False,True,False,False,False,True,False,False,False,False,False,True,False,low,35-44,neutral
26,1,hat,75,wisconsin,2,red,4.5,0,1,1,33,26,False,False,False,False,False,False,False,False,False,False,False,False,False,True,False,False,high,25-34,positive
69,1,t-shirt,75,oregon,0,red,4.0,0,1,1,47,26,True,False,False,True,False,False,False,False,False,False,True,False,False,False,False,True,high,65+,positive
20,1,backpack,63,georgia,1,lavender,3.1,0,1,1,48,26,False,False,False,False,False,True,False,True,False,False,False,False,True,False,False,False,medium,18-24,neutral
59,1,coat,21,new mexico,1,teal,3.9,0,1,1,22,4,False,False,True,True,False,False,False,False,True,False,False,False,False,False,False,False,low,55-64,neutral
63,1,backpack,83,mississippi,0,violet,4.5,0,1,1,8,26,False,False,False,True,False,False,False,False,True,False,False,False,False,False,True,False,high,55-64,positive
68,1,jacket,46,wisconsin,0,silver,4.4,0,1,1,5,4,False,False,True,False,False,True,False,False,True,False,False,False,False,False,True,False,medium,65+,positive
50,1,shoes,59,new hampshire,1,gold,3.6,0,1,1,16,4,False,True,False,False,True,False,False,False,False,False,False,False,False,False,False,False,medium,45-54,neutral
55,1,blouse,66,wyoming,1,green,3.4,0,1,1,26,26,True,False,False,False,True,False,False,True,False,False,False,False,False,False,False,True,medium,55-64,neutral
36,1,sandals,74,west virginia,0,turquoise,4.0,0,1,1,8,12,False,True,False,False,False,False,False,False,False,False,False,False,False,False,False,True,high,35-44,positive
18,1,sunglasses,82,michigan,1,indigo,2.6,0,1,1,17,4,False,False,False,False,True,False,False,False,False,False,True,True,False,False,False,False,high,18-24,negative
68,1,shoes,89,alaska,2,black,3.2,0,1,1,50,1,False,True,False,True,False,False,False,False,True,False,False,False,False,False,False,True,high,65+,neutral
56,1,dress,65,illinois,2,charcoal,3.2,0,1,1,22,26,True,False,False,False,False,False,False,False,False,True,False,False,False,False,False,True,medium,55-64,neutral
32,1,belt,55,hawaii,1,turquoise,5.0,0,1,1,19,4,False,False,False,True,False,False,False,False,False,False,False,True,False,False,False,False,medium,25-34,positive
28,1,shorts,95,colorado,1,red,2.9,0,1,1,14,12,True,False,False,False,False,True,False,False,True,False,False,False,False,False,False,False,high,25-34,negative
24,1,handbag,77,illinois,0,indigo,2.9,0,1,1,35,26,False,False,False,False,False,True,False,False,False,False,True,True,False,False,False,False,high,18-24,negative
59,1,blouse,44,hawaii,1,maroon,3.5,0,1,1,43,52,True,False,False,False,False,True,False,False,True,False,False,False,False,False,True,False,low,55-64,neutral
56,1,jeans,89,wisconsin,1,indigo,4.0,0,1,1,24,1,True,False,False,False,False,False,False,False,False,True,False,False,False,False,False,True,high,55-64,positive
30,1,jewelry,24,arkansas,1,maroon,3.9,0,1,1,17,26,False,False,False,True,False,False,False,False,False,True,False,False,False,True,False,False,low,25-34,neutral
48,1,belt,43,delaware,1,black,4.9,0,1,1,49,1,False,False,False,False,False,True,False,False,False,False,True,False,False,False,False,False,low,45-54,positive
60,1,sneakers,51,oregon,3,purple,3.8,0,1,1,17,1,False,True,False,False,True,False,True,False,False,False,False,False,False,False,False,False,medium,55-64,neutral
46,1,hat,46,south carolina,2,teal,3.5,0,1,1,40,4,False,False,False,False,True,False,False,False,False,True,False,True,False,False,False,False,medium,45-54,neutral
69,1,dress,32,maryland,1,silver,3.7,0,1,1,43,52,True,False,False,False,True,False,False,False,False,False,True,False,False,False,False,False,low,65+,neutral
19,1,sneakers,55,kansas,1,black,2.9,0,1,1,19,4,False,True,False,True,False,False,False,False,False,False,False,False,False,True,False,False,medium,18-24,negative
66,1,sunglasses,26,arkansas,0,black,2.8,0,1,1,40,4,False,False,False,False,True,False,False,True,False,False,False,False,False,False,False,False,low,65+,negative
64,1,handbag,29,minnesota,1,olive,3.7,0,1,1,13,12,False,False,False,False,True,False,False,False,False,False,False,False,True,False,False,False,low,55-64,neutral
54,1,blouse,49,new mexico,2,purple,3.0,0,1,1,20,12,True,False,False,True,False,False,True,False,False,False,False,False,True,False,False,False,medium,45-54,neutral
27,1,blouse,45,delaware,1,indigo,4.8,0,1,1,21,4,True,False,False,True,False,False,False,True,False,False,False,False,False,True,False,False,low,25-34,positive
64,1,shorts,48,utah,0,lavender,2.7,0,1,1,18,26,True,False,False,False,False,True,False,False,False,True,False,True,False,False,False,False,medium,55-64,negative
43,1,shorts,47,ohio,0,cyan,4.5,0,1,1,44,4,True,False,False,False,False,True,False,True,False,False,False,True,False,False,False,False,medium,35-44,positive
43,1,hoodie,57,alabama,1,gold,2.7,0,1,1,26,4,True,False,False,False,False,False,False,False,False,True,False,False,True,False,False,False,medium,35-44,negative
27,1,backpack,34,south dakota,2,magenta,3.5,0,1,1,34,4,False,False,False,False,False,False,False,False,True,False,False,False,False,False,True,False,low,25-34,neutral
35,1,sunglasses,75,new mexico,3,teal,3.5,0,1,1,24,4,False,False,False,False,False,False,True,False,False,False,False,False,True,False,False,False,high,35-44,neutral
43,1,scarf,94,oregon,2,beige,4.5,0,1,1,23,26,False,False,False,False,False,False,False,False,False,False,True,False,False,False,True,False,high,35-44,positive
57,1,hat,84,oregon,1,teal,3.8,0,1,1,3,52,False,False,False,False,False,True,False,True,False,False,False,False,False,True,False,False,high,55-64,neutral
50,1,scarf,38,mississippi,1,indigo,3.8,0,1,1,2,4,False,False,False,False,True,False,False,False,False,True,False,False,False,False,False,False,low,45-54,neutral
37,1,scarf,75,alabama,1,purple,3.2,0,1,1,23,26,False,False,False,False,False,True,False,False,True,False,False,False,False,False,False,True,high,35-44,neutral
68,1,pants,44,kansas,1,teal,4.3,0,1,1,8,52,True,False,False,False,False,False,False,False,True,False,False,True,False,False,False,False,low,65+,positive
22,1,backpack,33,california,3,turquoise,4.5,0,1,1,30,4,False,False,False,False,True,False,False,False,True,False,False,False,False,True,False,False,low,18-24,positive
58,1,sunglasses,93,idaho,2,peach,4.2,0,1,1,48,1,False,False,False,False,False,False,False,True,False,False,False,False,False,False,True,False,high,55-64,positive
48,1,sneakers,99,wyoming,0,green,3.0,0,1,1,21,26,False,True,False,False,False,True,False,True,False,False,False,True,False,False,False,False,high,45-54,neutral
30,1,backpack,33,minnesota,1,turquoise,4.1,0,1,1,9,12,False,False,False,True,False,False,False,False,False,True,False,True,False,False,False,False,low,25-34,positive
51,1,sneakers,76,washington,2,yellow,4.6,0,1,1,8,12,False,True,False,True,False,False,False,False,False,False,True,False,False,True,False,False,high,45-54,positive
20,1,skirt,63,hawaii,1,orange,2.9,0,1,1,29,52,True,False,False,False,True,False,False,False,False,True,False,False,False,True,False,False,medium,18-24,negative
30,1,pants,41,missouri,2,brown,4.8,0,1,1,3,4,True,False,False,False,False,True,False,False,True,False,False,False,False,False,False,False,low,25-34,positive
28,1,jewelry,88,colorado,2,silver,4.5,0,1,1,11,26,False,False,False,False,False,True,False,False,True,False,False,False,False,False,False,False,high,25-34,positive
37,1,skirt,92,washington,2,white,3.4,0,1,1,16,12,True,False,False,False,True,False,False,False,False,False,False,False,False,True,False,False,high,35-44,neutral
36,1,t-shirt,31,north dakota,2,indigo,4.3,0,1,1,25,52,True,False,False,False,True,False,False,False,False,False,False,False,False,True,False,False,low,35-44,positive
18,1,skirt,25,minnesota,0,magenta,4.2,0,1,1,32,26,True,False,False,True,False,False,False,True,False,False,False,False,False,False,True,False,low,18-24,positive
52,1,shirt,28,california,1,turquoise,3.6,0,1,1,28,26,True,False,False,True,False,False,False,False,True,False,False,True,False,False,False,False,low,45-54,neutral
56,1,dress,75,michigan,1,white,3.7,0,1,1,36,12,True,False,False,True,False,False,False,False,False,False,False,False,False,False,True,False,high,55-64,neutral
68,1,boots,34,delaware,0,olive,4.0,0,1,1,7,26,False,True,False,True,False,False,False,False,False,True,False,False,False,False,False,True,low,65+,positive
62,1,pants,97,california,0,maroon,4.9,0,1,1,2,4,True,False,False,False,False,True,False,False,False,False,False,False,False,False,True,False,high,55-64,positive
35,1,jacket,80,oklahoma,1,violet,3.1,0,1,1,6,12,False,False,True,False,True,False,False,True,False,False,False,False,False,False,False,False,high,35-44,neutral
65,1,sneakers,71,north dakota,2,cyan,3.7,0,1,1,30,1,False,True,False,False,True,False,False,False,False,True,False,True,False,False,False,False,medium,65+,neutral
69,1,jewelry,77,ohio,2,teal,4.2,0,1,1,46,4,False,False,False,False,False,False,False,True,False,False,False,True,False,False,False,False,high,65+,positive
28,1,belt,41,hawaii,2,red,2.5,0,1,1,39,12,False,False,False,True,False,False,False,False,True,False,False,True,False,False,False,False,low,25-34,negative
37,1,scarf,92,maryland,3,yellow,4.3,0,1,1,8,1,False,False,False,False,True,False,False,False,True,False,False,False,False,False,False,True,high,35-44,positive
41,1,blouse,95,hawaii,0,silver,3.1,0,1,1,46,4,True,False,False,True,False,False,False,False,False,False,True,False,True,False,False,False,high,35-44,neutral
37,1,sweater,25,alabama,1,charcoal,3.0,0,1,1,40,26,True,False,False,False,False,False,False,False,True,False,False,False,False,True,False,False,low,35-44,neutral
25,1,boots,77,oklahoma,1,purple,4.0,0,1,1,21,52,False,True,False,False,False,False,True,False,False,False,False,False,False,False,False,False,high,25-34,positive
41,1,socks,99,alabama,1,beige,3.5,0,1,1,33,26,True,False,False,False,True,False,False,True,False,False,False,False,True,False,False,False,high,35-44,neutral
48,1,belt,24,vermont,2,cyan,3.2,0,1,1,3,12,False,False,False,False,False,True,False,False,True,False,False,False,False,False,False,True,low,45-54,neutral
42,1,sneakers,72,ohio,1,silver,2.7,0,1,1,48,52,False,True,False,False,True,False,False,False,False,False,True,True,False,False,False,False,medium,35-44,negative
54,1,jeans,80,wisconsin,0,pink,3.0,0,1,1,8,1,True,False,False,False,False,True,False,True,False,False,False,False,False,False,True,False,high,45-54,neutral
18,1,skirt,100,south dakota,2,gold,2.9,0,1,1,24,1,True,False,False,False,False,True,False,False,True,False,False,False,False,False,True,False,high,18-24,negative
56,1,shoes,83,iowa,1,cyan,3.3,0,1,1,10,4,False,True,False,False,True,False,False,True,False,False,False,False,False,False,False,False,high,55-64,neutral
61,1,dress,95,maryland,1,black,4.9,0,1,1,25,12,True,False,False,True,False,False,False,False,False,False,False,False,False,False,False,False,high,55-64,positive
40,1,handbag,41,colorado,3,charcoal,3.7,0,1,1,3,26,False,False,False,False,True,False,False,False,False,False,True,True,False,False,False,False,low,35-44,neutral
34,1,backpack,35,wisconsin,0,magenta,3.5,0,1,1,45,26,False,False,False,True,False,False,False,False,False,True,False,False,False,True,False,False,low,25-34,neutral
42,1,jewelry,30,mississippi,0,pink,4.7,0,1,1,15,12,False,False,False,False,False,False,False,False,False,False,True,False,False,True,False,False,low,35-44,positive
43,1,hat,21,mississippi,3,maroon,2.6,0,1,1,34,4,False,False,False,False,False,True,False,False,False,False,True,False,False,False,False,False,low,35-44,negative
47,1,jewelry,85,california,1,teal,4.1,0,1,1,21,26,False,False,False,False,False,False,True,False,False,False,False,False,False,False,False,True,high,45-54,positive
48,1,shirt,54,delaware,1,orange,2.8,0,1,1,22,26,True,False,False,False,False,True,False,False,False,False,False,False,False,True,False,False,medium,45-54,negative
20,1,boots,26,montana,0,yellow,4.7,0,1,1,24,52,False,True,False,True,False,False,False,False,True,False,False,False,False,False,True,False,low,18-24,positive
65,1,shirt,59,indiana,3,red,2.9,0,1,1,33,12,True,False,False,True,False,False,False,False,False,False,True,False,True,False,False,False,medium,65+,negative
54,1,sunglasses,48,west virginia,0,charcoal,2.8,0,1,1,13,26,False,False,False,False,False,True,False,True,False,False,False,False,False,False,False,True,medium,45-54,negative
23,1,shorts,98,iowa,2,black,4.3,0,1,1,17,26,True,False,False,False,True,False,False,False,True,False,False,False,False,True,False,False,high,18-24,positive
18,1,sweater,92,maine,1,white,4.8,0,1,1,25,4,True,False,False,False,True,False,False,False,False,False,False,False,True,False,False,False,high,18-24,positive
70,1,belt,46,connecticut,1,lavender,3.4,0,1,1,15,26,False,False,False,False,False,True,False,False,True,False,False,False,True,False,False,False,medium,65+,neutral
55,1,t-shirt,21,kansas,0,white,4.3,0,1,1,4,26,True,False,False,True,False,False,False,False,False,True,False,False,False,False,True,False,low,55-64,positive
49,1,shorts,72,vermont,0,gray,2.7,0,1,1,43,4,True,False,False,False,False,False,False,True,False,False,False,False,False,True,False,False,medium,45-54,negative
26,1,sandals,58,nebraska,3,cyan,4.6,0,1,1,12,26,False,True,False,False,False,False,False,False,True,False,False,False,False,False,False,False,medium,25-34,positive
33,1,shirt,93,nevada,0,brown,4.1,0,1,1,3,12,True,False,False,False,False,False,False,False,False,True,False,False,False,False,False,True,high,25-34,positive
20,1,socks,31,tennessee,2,purple,3.4,0,1,1,1,1,True,False,False,True,False,False,False,False,False,False,False,False,False,False,True,False,low,18-24,neutral
41,1,pants,26,arkansas,2,yellow,4.5,0,1,1,6,12,True,False,False,False,False,True,False,False,True,False,False,False,False,True,False,False,low,35-44,positive
18,1,skirt,68,wisconsin,1,indigo,4.4,0,1,1,26,12,True,False,False,False,True,False,False,False,False,True,False,False,False,False,False,True,medium,18-24,positive
26,1,jewelry,31,illinois,0,black,4.0,0,1,1,6,26,False,False,False,False,True,False,False,False,True,False,False,False,True,False,False,False,low,25-34,positive
30,1,t-shirt,41,kansas,0,gray,3.4,0,1,1,22,26,True,False,False,False,True,False,False,True,False,False,False,True,False,False,False,False,low,25-34,neutral
64,1,jewelry,62,new york,1,indigo,3.2,0,1,1,45,26,False,False,False,False,False,False,False,False,False,True,False,True,False,False,False,False,medium,55-64,neutral
26,1,hat,41,colorado,1,green,3.4,0,1,1,50,4,False,False,False,True,False,False,False,False,False,True,False,True,False,False,False,False,low,25-34,neutral
43,1,blouse,64,wisconsin,1,peach,4.3,0,1,1,50,26,True,False,False,False,False,True,False,False,False,True,False,False,True,False,False,False,medium,35-44,positive
63,1,sandals,72,michigan,2,purple,5.0,0,1,1,39,4,False,True,False,False,True,False,False,False,False,True,False,False,False,True,False,False,medium,55-64,positive
57,1,handbag,78,hawaii,2,beige,3.5,0,1,1,50,26,False,False,False,False,False,True,False,False,False,False,True,False,False,False,False,True,high,55-64,neutral
25,1,hat,47,virginia,1,charcoal,3.1,0,1,1,27,4,False,False,False,False,False,True,False,False,False,False,False,False,False,False,True,False,medium,25-34,neutral
68,1,scarf,46,ohio,2,gray,3.9,0,1,1,38,26,False,False,False,False,True,False,False,False,False,False,False,False,False,True,False,False,medium,65+,neutral
31,1,shorts,43,missouri,0,brown,4.0,0,1,1,37,4,True,False,False,False,False,True,False,False,False,False,True,False,False,False,False,False,low,25-34,positive
64,1,backpack,58,indiana,1,cyan,3.5,0,1,1,50,1,False,False,False,False,True,False,False,False,True,False,False,False,False,True,False,False,medium,55-64,neutral
38,1,sweater,32,florida,1,white,3.6,0,1,1,40,4,True,False,False,False,False,True,False,True,False,False,False,False,False,False,True,False,low,35-44,neutral
34,1,skirt,45,minnesota,2,beige,3.0,0,1,1,3,26,True,False,False,False,False,True,False,False,True,False,False,False,False,False,True,False,low,25-34,neutral
32,1,sneakers,35,nevada,2,orange,2.6,0,1,1,45,26,False,True,False,False,True,False,False,False,True,False,False,False,True,False,False,False,low,25-34,negative
69,1,sunglasses,21,maine,1,olive,2.9,0,1,1,8,1,False,False,False,False,False,True,False,False,True,False,False,False,True,False,False,False,low,65+,negative
45,1,dress,64,massachusetts,0,teal,3.1,0,1,1,7,12,True,False,False,False,False,True,False,False,True,False,False,True,False,False,False,False,medium,45-54,neutral
35,1,blouse,88,north dakota,0,silver,3.3,0,1,1,13,4,True,False,False,True,False,False,False,False,True,False,False,False,False,False,False,True,high,35-44,neutral
63,1,shoes,48,new jersey,1,gold,2.9,0,1,1,29,4,False,True,False,False,True,False,False,False,False,False,True,False,False,False,False,True,medium,55-64,negative
65,1,sweater,36,indiana,2,violet,3.9,0,1,1,7,26,True,False,False,False,True,False,False,False,False,False,False,False,False,False,False,False,low,65+,neutral
35,1,gloves,28,oregon,0,white,4.7,0,1,1,50,4,False,False,False,False,True,False,False,False,False,False,False,False,False,True,False,False,low,35-44,positive
54,1,socks,80,north dakota,1,peach,4.4,0,1,1,33,26,True,False,False,True,False,False,False,False,False,False,False,False,False,True,False,False,high,45-54,positive
28,1,coat,23,south carolina,0,orange,3.6,0,1,1,30,4,False,False,True,False,True,False,False,False,False,False,True,True,False,False,False,False,low,25-34,neutral
68,1,sunglasses,24,north carolina,2,violet,3.2,0,1,1,40,1,False,False,False,False,True,False,False,False,False,True,False,True,False,False,False,False,low,65+,neutral
58,1,boots,22,north dakota,2,green,4.0,0,1,1,49,26,False,True,False,False,False,False,False,True,False,False,False,True,False,False,False,False,low,55-64,positive
35,1,dress,21,massachusetts,1,peach,3.5,0,1,1,32,26,True,False,False,True,False,False,False,False,True,False,False,False,False,False,False,True,low,35-44,neutral
68,1,jacket,51,tennessee,1,black,4.6,0,1,1,18,52,False,False,True,True,False,False,False,True,False,False,False,False,False,False,False,True,medium,65+,positive
41,1,gloves,65,missouri,2,blue,3.3,0,1,1,50,1,False,False,False,False,True,False,False,True,False,False,False,False,False,False,True,False,medium,35-44,neutral
65,1,scarf,51,tennessee,0,magenta,4.0,0,1,1,13,52,False,False,False,True,False,False,False,False,False,False,False,False,False,False,True,False,medium,65+,positive
50,1,hoodie,32,colorado,2,violet,3.4,0,1,1,1,4,True,False,False,False,True,False,False,True,False,False,False,False,False,False,False,False,low,45-54,neutral
18,1,coat,70,mississippi,1,beige,4.2,0,1,1,16,26,False,False,True,True,False,False,False,False,False,False,True,False,False,False,True,False,medium,18-24,positive
38,1,scarf,77,ohio,2,pink,3.9,0,1,1,6,12,False,False,False,False,True,False,False,False,False,False,False,False,False,False,True,False,high,35-44,neutral
68,1,coat,90,north carolina,0,beige,3.9,0,1,1,21,12,False,False,True,False,True,False,False,False,True,False,False,False,False,True,False,False,high,65+,neutral
53,1,scarf,36,ohio,2,green,2.8,0,1,1,36,4,False,False,False,False,True,False,False,False,False,True,False,False,False,False,False,True,low,45-54,negative
58,1,handbag,77,nebraska,0,silver,3.7,0,1,1,20,4,False,False,False,False,True,False,False,False,False,True,False,False,False,False,False,False,high,55-64,neutral
34,1,boots,78,hawaii,1,purple,4.9,0,1,1,8,4,False,True,False,False,True,False,False,False,False,False,True,False,False,True,False,False,high,25-34,positive
36,1,pants,69,oklahoma,1,gray,2.6,0,1,1,22,12,True,False,False,False,True,False,True,False,False,False,False,False,True,False,False,False,medium,35-44,negative
58,1,t-shirt,63,wisconsin,1,white,4.9,0,1,1,3,4,True,False,False,False,True,False,False,True,False,False,False,False,True,False,False,False,medium,55-64,positive
60,1,scarf,36,arkansas,1,silver,3.4,0,1,1,46,26,False,False,False,False,False,True,False,False,True,False,False,False,True,False,False,False,low,55-64,neutral
59,1,coat,80,texas,1,blue,3.9,0,1,1,42,12,False,False,True,False,False,True,False,False,False,True,False,False,False,True,False,False,high,55-64,neutral
65,1,sweater,35,new mexico,1,orange,4.0,0,1,1,1,26,True,False,False,False,True,False,False,False,True,False,False,False,False,False,False,False,low,65+,positive
31,1,belt,93,colorado,2,silver,3.0,0,1,1,29,26,False,False,False,False,False,True,False,False,False,False,False,False,False,True,False,False,high,25-34,neutral
43,1,belt,25,indiana,2,gray,2.6,0,1,1,14,4,False,False,False,True,False,False,False,False,False,False,True,False,True,False,False,False,low,35-44,negative
37,1,sweater,81,arizona,2,gold,3.2,0,1,1,4,12,True,False,False,True,False,False,False,False,True,False,False,False,False,False,True,False,high,35-44,neutral
21,1,blouse,42,indiana,2,brown,2.6,0,1,1,41,4,True,False,False,True,False,False,False,False,False,False,False,False,False,False,True,False,low,18-24,negative
69,1,skirt,36,indiana,2,turquoise,3.2,0,1,1,4,26,True,False,False,True,False,False,False,False,False,False,True,False,False,True,False,False,low,65+,neutral
32,1,jewelry,66,alaska,0,pink,4.1,0,1,1,47,52,False,False,False,True,False,False,False,False,False,False,True,True,False,False,False,False,medium,25-34,positive
53,1,gloves,37,utah,1,black,3.9,0,1,1,44,1,False,False,False,False,False,False,False,False,True,False,False,False,False,False,False,True,low,45-54,neutral
59,1,t-shirt,45,louisiana,2,yellow,4.1,0,1,1,37,12,True,False,False,False,False,True,False,False,False,True,False,False,False,False,False,True,low,55-64,positive
64,1,gloves,86,iowa,0,beige,2.7,0,1,1,21,4,False,False,False,False,True,False,False,False,False,False,False,False,False,True,False,False,high,55-64,negative
63,1,sunglasses,24,new mexico,1,olive,4.6,0,1,1,46,26,False,False,False,False,False,True,False,True,False,False,False,False,False,True,False,False,low,55-64,positive
43,1,shirt,22,maine,3,gold,3.5,0,1,1,1,26,True,False,False,False,True,False,False,False,False,True,False,True,False,False,False,False,low,35-44,neutral
19,1,handbag,53,minnesota,1,purple,5.0,0,1,1,35,52,False,False,False,True,False,False,False,False,True,False,False,False,False,False,True,False,medium,18-24,positive
40,1,jacket,41,new mexico,2,pink,3.4,0,1,1,49,12,False,False,True,False,False,False,False,False,True,False,False,False,False,False,False,True,low,35-44,neutral
51,1,skirt,64,arkansas,1,blue,3.1,0,1,1,47,1,True,False,False,False,True,False,False,False,False,False,True,False,False,False,True,False,medium,45-54,neutral
51,1,handbag,40,oklahoma,2,brown,3.4,0,1,1,24,4,False,False,False,False,False,True,False,False,False,False,False,False,False,False,False,False,low,45-54,neutral
66,1,blouse,33,utah,2,charcoal,4.0,0,1,1,28,26,True,False,False,False,True,False,False,False,False,True,False,False,False,True,False,False,low,65+,positive
42,1,t-shirt,59,wisconsin,2,maroon,2.7,0,1,1,22,4,True,False,False,False,False,True,False,False,False,False,True,False,False,False,False,False,medium,35-44,negative
22,1,pants,73,utah,2,cyan,3.6,0,1,1,20,52,True,False,False,False,False,False,False,True,False,False,False,True,False,False,False,False,medium,18-24,neutral
31,1,hoodie,22,utah,1,olive,4.0,0,1,1,25,52,True,False,False,False,False,True,False,True,False,False,False,False,False,False,False,False,low,25-34,positive
18,1,boots,73,south carolina,2,gold,3.8,0,1,1,15,4,False,True,False,False,False,False,False,True,False,False,False,False,False,False,False,True,medium,18-24,neutral
21,1,blouse,62,hawaii,1,violet,3.4,0,1,1,49,26,True,False,False,False,False,False,False,False,True,False,False,False,False,False,False,True,medium,18-24,neutral
35,1,coat,56,alaska,1,peach,3.2,0,1,1,10,26,False,False,True,False,False,True,False,True,False,False,False,False,False,True,False,False,medium,35-44,neutral
35,1,pants,90,colorado,1,beige,4.7,0,1,1,21,1,True,False,False,True,False,False,False,False,True,False,False,False,True,False,False,False,high,35-44,positive
27,1,sunglasses,44,west virginia,1,cyan,3.1,0,1,1,34,52,False,False,False,False,False,True,False,False,True,False,False,False,False,False,False,False,low,25-34,neutral
65,1,jeans,35,oregon,2,silver,3.3,0,0,0,41,52,True,False,False,False,True,False,False,False,True,False,False,False,False,True,False,False,low,65+,neutral
41,1,pants,71,ohio,0,magenta,4.8,0,0,0,30,26,True,False,False,False,True,False,False,False,False,False,False,False,False,False,False,True,medium,35-44,positive
60,1,dress,52,massachusetts,0,black,4.5,0,0,0,24,26,True,False,False,False,False,False,False,False,True,False,False,False,False,True,False,False,medium,55-64,positive
61,1,shoes,37,louisiana,1,olive,3.4,0,0,0,6,1,False,True,False,False,True,False,False,False,False,False,True,False,True,False,False,False,low,55-64,neutral
24,1,sneakers,95,virginia,2,green,3.7,0,0,0,14,26,False,True,False,False,False,True,False,False,False,False,False,False,True,False,False,False,high,18-24,neutral
65,1,socks,97,new york,1,yellow,4.9,0,0,0,37,26,True,False,False,False,False,False,False,False,False,False,False,False,True,False,False,False,high,65+,positive
23,1,coat,57,arkansas,0,lavender,3.5,0,0,0,37,4,False,False,True,True,False,False,False,False,True,False,False,False,False,False,False,True,medium,18-24,neutral
30,1,shirt,93,new mexico,1,indigo,4.6,0,0,0,28,52,True,False,False,True,False,False,False,False,False,True,False,False,False,False,True,False,high,25-34,positive
33,1,blouse,48,minnesota,1,pink,4.6,0,0,0,43,26,True,False,False,False,False,True,False,False,False,True,False,False,False,False,True,False,medium,25-34,positive
22,1,gloves,75,illinois,2,red,4.2,0,0,0,25,1,False,False,False,False,False,False,False,False,False,False,True,True,False,False,False,False,high,18-24,positive
67,1,skirt,70,georgia,0,magenta,3.7,0,0,0,4,1,True,False,False,False,False,True,False,True,False,False,False,False,False,False,True,False,medium,65+,neutral
28,1,handbag,26,mississippi,0,peach,3.0,0,0,0,13,26,False,False,False,False,False,True,False,False,True,False,False,False,False,False,False,True,low,25-34,neutral
32,1,shirt,73,north carolina,2,turquoise,4.6,0,0,0,32,12,True,False,False,False,False,True,False,False,False,False,True,False,False,False,False,False,medium,25-34,positive
40,1,coat,30,nevada,1,black,3.2,0,0,0,1,1,False,False,True,False,True,False,False,True,False,False,False,True,False,False,False,False,low,35-44,neutral
64,1,shoes,61,connecticut,2,blue,3.5,0,0,0,4,1,False,True,False,False,True,False,False,False,True,False,False,True,False,False,False,False,medium,55-64,neutral
56,1,handbag,75,utah,1,beige,2.6,0,0,0,33,26,False,False,False,False,False,True,False,False,False,True,False,True,False,False,False,False,high,55-64,negative
63,1,jacket,88,tennessee,3,olive,4.9,0,0,0,45,26,False,False,True,False,False,False,False,False,False,True,False,False,False,False,False,False,high,55-64,positive
20,1,shirt,67,mississippi,1,turquoise,2.7,0,0,0,20,26,True,False,False,False,True,False,True,False,False,False,False,False,False,True,False,False,medium,18-24,negative
54,1,hat,95,nebraska,0,yellow,4.7,0,0,0,1,26,False,False,False,False,False,False,False,False,False,False,False,False,False,False,True,False,high,45-54,positive
31,1,sunglasses,69,west virginia,0,turquoise,4.0,0,0,0,7,26,False,False,False,True,False,False,False,True,False,False,False,False,True,False,False,False,medium,25-34,positive
36,1,shirt,87,south carolina,2,lavender,3.5,0,0,0,48,4,True,False,False,False,False,False,False,False,True,False,False,False,True,False,False,False,high,35-44,neutral
25,1,belt,41,iowa,3,turquoise,4.8,0,0,0,46,4,False,False,False,False,False,True,False,False,False,True,False,False,False,False,False,False,low,25-34,positive
20,1,sweater,67,north dakota,2,teal,4.0,0,0,0,34,1,True,False,False,True,False,False,False,True,False,False,False,False,False,True,False,False,medium,18-24,positive
62,1,hoodie,70,west virginia,2,black,4.1,0,0,0,36,12,True,False,False,False,False,False,True,False,False,False,False,False,False,False,False,False,medium,55-64,positive
69,1,handbag,41,mississippi,3,blue,3.8,0,0,0,44,4,False,False,False,False,False,True,False,False,True,False,False,False,False,True,False,False,low,65+,neutral
54,1,jeans,83,alabama,3,yellow,5.0,0,0,0,48,52,True,False,False,False,True,False,True,False,False,False,False,False,False,False,False,False,high,45-54,positive
39,1,backpack,22,california,1,black,4.0,0,0,0,12,1,False,False,False,True,False,False,False,False,True,False,False,False,False,False,False,False,low,35-44,positive
56,1,sneakers,20,idaho,1,lavender,3.9,0,0,0,19,4,False,True,False,False,True,False,False,False,False,False,True,True,False,False,False,False,low,55-64,neutral
39,1,jewelry,29,south dakota,2,cyan,3.4,0,0,0,49,26,False,False,False,False,True,False,False,False,False,False,False,False,False,False,False,True,low,35-44,neutral
37,1,sunglasses,87,north dakota,1,brown,3.0,0,0,0,25,26,False,False,False,True,False,False,False,False,False,True,False,False,False,False,False,True,high,35-44,neutral
25,1,shorts,81,nevada,2,maroon,4.9,0,0,0,25,26,True,False,False,False,False,False,False,False,False,False,False,True,False,False,False,False,high,25-34,positive
35,1,boots,58,florida,2,cyan,3.2,0,0,0,1,4,False,True,False,True,False,False,True,False,False,False,False,False,True,False,False,False,medium,35-44,neutral
45,1,skirt,83,indiana,1,pink,3.8,0,0,0,19,1,True,False,False,False,False,True,False,False,False,True,False,False,False,False,False,False,high,45-54,neutral
19,1,pants,59,arkansas,3,orange,3.8,0,0,0,7,4,True,False,False,False,False,False,False,False,False,False,True,False,True,False,False,False,medium,18-24,neutral
21,1,t-shirt,93,north carolina,1,lavender,4.7,0,0,0,19,12,True,False,False,True,False,False,True,False,False,False,False,False,True,False,False,False,high,18-24,positive
65,1,t-shirt,87,illinois,0,beige,3.8,0,0,0,9,26,True,False,False,False,False,False,False,False,False,False,False,True,False,False,False,False,high,65+,neutral
49,1,jacket,22,missouri,1,pink,4.6,0,0,0,37,4,False,False,True,False,False,True,False,True,False,False,False,False,False,False,True,False,low,45-54,positive
30,1,jeans,71,south dakota,0,charcoal,4.4,0,0,0,15,12,True,False,False,False,True,False,False,False,False,True,False,True,False,False,False,False,medium,25-34,positive
23,1,dress,69,idaho,3,gray,3.4,0,0,0,30,26,True,False,False,True,False,False,False,False,False,False,False,False,False,False,True,False,medium,18-24,neutral
69,1,blouse,47,connecticut,1,cyan,4.7,0,0,0,30,4,True,False,False,False,False,True,False,False,False,True,False,True,False,False,False,False,medium,65+,positive
29,1,hoodie,50,hawaii,2,orange,2.9,0,0,0,16,26,True,False,False,False,True,False,True,False,False,False,False,False,False,True,False,False,medium,25-34,negative
54,1,t-shirt,96,maryland,2,pink,3.4,0,0,0,14,4,True,False,False,False,False,True,False,False,False,False,False,False,False,False,True,False,high,45-54,neutral
45,1,sweater,39,maryland,1,white,3.2,0,0,0,8,4,True,False,False,False,False,True,False,True,False,False,False,False,False,False,False,True,low,45-54,neutral
25,1,shorts,84,massachusetts,0,beige,2.8,0,0,0,40,26,True,False,False,False,False,True,True,False,False,False,False,False,False,True,False,False,high,25-34,negative
34,1,jewelry,28,delaware,0,magenta,4.3,0,0,0,24,12,False,False,False,True,False,False,False,True,False,False,False,False,True,False,False,False,low,25-34,positive
46,1,t-shirt,51,massachusetts,2,violet,3.3,0,0,0,14,26,True,False,False,False,True,False,False,False,False,True,False,True,False,False,False,False,medium,45-54,neutral
70,1,scarf,20,new york,3,gold,3.3,0,0,0,39,1,False,False,False,True,False,False,False,False,False,True,False,False,False,False,True,False,low,65+,neutral
42,1,shoes,72,delaware,0,teal,3.3,0,0,0,21,52,False,True,False,False,False,True,False,True,False,False,False,False,False,False,True,False,medium,35-44,neutral
45,1,sunglasses,33,massachusetts,1,indigo,3.0,0,0,0,32,4,False,False,False,True,False,False,False,False,True,False,False,False,False,False,False,True,low,45-54,neutral
57,1,coat,28,indiana,0,olive,2.8,0,0,0,45,52,False,False,True,False,True,False,True,False,False,False,False,False,False,True,False,False,low,55-64,negative
49,1,blouse,53,virginia,0,violet,4.0,0,0,0,19,12,True,False,False,True,False,False,True,False,False,False,False,False,False,False,True,False,medium,45-54,positive
23,1,jeans,48,wyoming,2,black,4.3,0,0,0,1,4,True,False,False,False,False,False,True,False,False,False,False,False,False,True,False,False,medium,18-24,positive
47,1,shorts,21,illinois,1,brown,3.8,0,0,0,12,26,True,False,False,False,False,True,False,False,False,False,True,False,False,False,False,True,low,45-54,neutral
23,1,shirt,22,alabama,0,silver,4.2,0,0,0,26,52,True,False,False,False,False,False,False,True,False,False,False,False,True,False,False,False,low,18-24,positive
21,1,backpack,87,idaho,1,gray,3.1,0,0,0,12,12,False,False,False,False,False,False,False,False,True,False,False,True,False,False,False,False,high,18-24,neutral
45,1,belt,50,rhode island,0,charcoal,2.6,0,0,0,36,4,False,False,False,False,False,True,False,True,False,False,False,True,False,False,False,False,medium,45-54,negative
67,1,blouse,85,new york,2,black,3.4,0,0,0,22,1,True,False,False,False,True,False,True,False,False,False,False,False,True,False,False,False,high,65+,neutral
31,1,jeans,98,missouri,2,brown,3.1,0,0,0,16,4,True,False,False,True,False,False,False,False,True,False,False,False,False,False,True,False,high,25-34,neutral
58,1,dress,34,texas,1,purple,3.6,0,0,0,31,1,True,False,False,False,False,True,True,False,False,False,False,False,False,False,False,True,low,55-64,neutral
57,1,shorts,61,tennessee,1,purple,2.6,0,0,0,43,4,True,False,False,False,True,False,False,False,False,False,False,True,False,False,False,False,medium,55-64,negative
42,1,jewelry,98,ohio,2,gray,4.2,0,0,0,50,26,False,False,False,False,True,False,False,False,False,False,True,False,False,False,False,True,high,35-44,positive
60,1,handbag,61,tennessee,1,green,2.9,0,0,0,37,52,False,False,False,True,False,False,False,False,False,False,False,False,True,False,False,False,medium,55-64,negative
21,1,jewelry,98,minnesota,2,silver,4.2,0,0,0,23,52,False,False,False,False,False,True,True,False,False,False,False,True,False,False,False,False,high,18-24,positive
69,1,pants,21,wisconsin,2,charcoal,3.3,0,0,0,10,4,True,False,False,False,False,False,False,False,True,False,False,False,False,False,False,False,low,65+,neutral
41,1,pants,51,delaware,3,teal,3.6,0,0,0,20,12,True,False,False,False,False,True,False,False,True,False,False,False,False,False,False,False,medium,35-44,neutral
51,1,sandals,80,kansas,3,white,4.3,0,0,0,18,4,False,True,False,True,False,False,True,False,False,False,False,False,False,False,False,True,high,45-54,positive
23,1,skirt,72,missouri,3,brown,3.3,0,0,0,3,52,True,False,False,False,False,True,False,False,False,True,False,False,False,False,False,False,medium,18-24,neutral
57,1,sunglasses,63,michigan,2,teal,3.0,0,0,0,23,52,False,False,False,False,False,True,False,False,False,True,False,False,False,False,True,False,medium,55-64,neutral
40,1,skirt,27,west virginia,2,red,3.6,0,0,0,27,52,True,False,False,False,False,True,False,False,False,False,True,True,False,False,False,False,low,35-44,neutral
65,1,handbag,44,alabama,2,brown,3.1,0,0,0,44,26,False,False,False,False,True,False,False,False,False,False,True,False,False,False,False,False,low,65+,neutral
61,1,coat,23,new hampshire,1,yellow,2.9,0,0,0,41,4,False,False,True,False,False,True,True,False,False,False,False,False,False,False,False,True,low,55-64,negative
34,1,skirt,93,montana,2,teal,3.9,0,0,0,41,1,True,False,False,False,False,True,False,False,False,False,False,False,False,False,False,False,high,25-34,neutral
43,1,hoodie,70,wyoming,2,pink,3.2,0,0,0,36,4,True,False,False,False,False,False,False,False,False,False,False,False,False,True,False,False,medium,35-44,neutral
31,1,sunglasses,85,missouri,1,white,3.1,0,0,0,38,4,False,False,False,False,False,False,True,False,False,False,False,False,False,False,False,True,high,25-34,neutral
57,1,sweater,40,ohio,1,silver,3.2,0,0,0,34,1,True,False,False,False,False,True,False,False,False,False,False,True,False,False,False,False,low,55-64,neutral
34,1,boots,29,south dakota,2,blue,3.3,0,0,0,14,4,False,True,False,False,False,True,False,False,False,False,True,False,False,False,False,True,low,25-34,neutral
25,1,skirt,27,colorado,2,black,4.8,0,0,0,23,26,True,False,False,False,False,False,False,False,True,False,False,False,True,False,False,False,low,25-34,positive
66,1,dress,93,massachusetts,0,beige,3.8,0,0,0,18,26,True,False,False,False,False,False,False,False,False,False,False,False,True,False,False,False,high,65+,neutral
56,1,belt,20,delaware,3,charcoal,4.6,0,0,0,45,12,False,False,False,True,False,False,False,False,True,False,False,True,False,False,False,False,low,55-64,positive
49,1,jewelry,55,new hampshire,0,cyan,2.8,0,0,0,14,52,False,False,False,False,False,False,False,True,False,False,False,False,False,False,False,False,medium,45-54,negative
19,1,dress,94,michigan,2,yellow,3.6,0,0,0,48,1,True,False,False,False,False,False,False,False,False,True,False,False,False,True,False,False,high,18-24,neutral
27,1,hat,56,pennsylvania,1,silver,4.3,0,0,0,17,26,False,False,False,False,False,True,False,True,False,False,False,False,False,False,False,True,medium,25-34,positive
68,1,sweater,58,louisiana,2,green,4.0,0,0,0,1,52,True,False,False,True,False,False,False,False,True,False,False,False,False,False,True,False,medium,65+,positive
20,1,skirt,44,minnesota,3,peach,3.5,0,0,0,39,52,True,False,False,True,False,False,False,False,False,True,False,False,False,False,True,False,low,18-24,neutral
21,1,hoodie,95,hawaii,0,green,4.9,0,0,0,24,52,True,False,False,False,False,False,False,False,False,False,False,True,False,False,False,False,high,18-24,positive
36,1,sandals,42,idaho,1,brown,3.1,0,0,0,41,26,False,True,False,False,True,False,True,False,False,False,False,False,False,False,False,False,low,35-44,neutral
37,1,jewelry,93,vermont,1,lavender,3.9,0,0,0,28,1,False,False,False,False,False,True,False,False,False,False,True,False,False,False,True,False,high,35-44,neutral
61,1,dress,56,delaware,1,charcoal,3.0,0,0,0,34,4,True,False,False,False,True,False,False,False,False,False,True,False,False,False,False,True,medium,55-64,neutral
68,1,hoodie,88,new mexico,1,orange,4.1,0,0,0,41,4,True,False,False,True,False,False,False,False,False,False,False,False,False,False,False,True,high,65+,positive
60,1,sweater,54,alaska,0,cyan,4.3,0,0,0,27,26,True,False,False,False,False,True,False,False,False,False,False,True,False,False,False,False,medium,55-64,positive
69,1,jewelry,89,minnesota,2,lavender,3.8,0,0,0,46,26,False,False,False,False,False,False,False,False,False,False,False,False,False,True,False,False,high,65+,neutral
25,1,sandals,45,nebraska,1,indigo,3.9,0,0,0,2,4,False,True,False,False,True,False,False,False,False,False,False,False,False,False,True,False,low,25-34,neutral
32,1,socks,75,alaska,2,brown,4.3,0,0,0,45,12,True,False,False,False,False,True,False,True,False,False,False,True,False,False,False,False,high,25-34,positive
53,1,backpack,22,michigan,1,pink,4.3,0,0,0,34,52,False,False,False,False,False,False,True,False,False,False,False,False,False,False,False,False,low,45-54,positive
46,1,shirt,82,indiana,3,turquoise,4.7,0,0,0,9,1,True,False,False,False,False,False,False,False,False,False,True,False,True,False,False,False,high,45-54,positive
58,1,shoes,34,hawaii,1,gold,3.1,0,0,0,1,1,False,True,False,False,True,False,False,False,False,False,False,False,False,False,False,False,low,55-64,neutral
21,1,coat,92,west virginia,1,blue,2.7,0,0,0,17,1,False,False,True,False,True,False,False,True,False,False,False,False,False,False,True,False,high,18-24,negative
46,1,sweater,78,new york,1,lavender,3.7,0,0,0,6,52,True,False,False,True,False,False,True,False,False,False,False,False,False,False,True,False,high,45-54,neutral
18,1,jacket,47,iowa,1,violet,3.3,0,0,0,12,26,False,False,True,True,False,False,False,False,False,False,False,True,False,False,False,False,medium,18-24,neutral
56,1,jacket,64,arizona,2,cyan,3.4,0,0,0,10,4,False,False,True,False,True,False,False,True,False,False,False,False,False,False,False,True,medium,55-64,neutral
18,1,sneakers,44,minnesota,2,purple,4.7,0,0,0,4,26,False,True,False,False,False,True,False,True,False,False,False,True,False,False,False,False,low,18-24,positive
49,1,belt,94,texas,1,red,4.9,0,0,0,8,26,False,False,False,False,False,True,False,False,False,False,True,False,False,True,False,False,high,45-54,positive
29,1,scarf,62,virginia,1,charcoal,4.3,0,0,0,41,52,False,False,False,False,False,True,False,True,False,False,False,False,False,False,False,True,medium,25-34,positive
67,1,jewelry,81,north dakota,0,gray,4.2,0,0,0,49,52,False,False,False,False,True,False,False,False,True,False,False,False,True,False,False,False,high,65+,positive
31,1,t-shirt,33,iowa,1,pink,3.7,0,0,0,49,4,True,False,False,False,False,False,True,False,False,False,False,False,False,False,False,False,low,25-34,neutral
52,1,pants,88,utah,1,lavender,2.7,0,0,0,40,26,True,False,False,False,False,False,False,False,True,False,False,False,False,False,False,False,high,45-54,negative
42,1,handbag,49,ohio,2,lavender,3.3,0,0,0,30,12,False,False,False,False,False,True,False,True,False,False,False,False,True,False,False,False,medium,35-44,neutral
32,1,backpack,31,louisiana,2,yellow,4.8,0,0,0,4,4,False,False,False,False,True,False,False,False,False,True,False,False,False,True,False,False,low,25-34,positive
47,1,gloves,29,iowa,0,peach,4.1,0,0,0,22,12,False,False,False,False,False,False,False,False,True,False,False,False,False,False,False,True,low,45-54,positive
45,1,jacket,34,maryland,1,brown,4.6,0,0,0,22,12,False,False,True,True,False,False,False,False,False,False,False,False,False,False,False,True,low,45-54,positive
20,1,sweater,38,montana,2,gold,4.9,0,0,0,10,4,True,False,False,False,False,False,False,False,False,False,False,False,False,False,False,False,low,18-24,positive
66,1,blouse,41,illinois,2,pink,3.1,0,0,0,23,26,True,False,False,False,True,False,False,False,False,False,True,True,False,False,False,False,low,65+,neutral
52,1,blouse,34,arizona,2,peach,3.0,0,0,0,43,4,True,False,False,True,False,False,False,False,False,False,False,False,False,True,False,False,low,45-54,neutral
50,1,gloves,26,north carolina,0,violet,3.7,0,0,0,31,26,False,False,False,False,True,False,False,False,False,False,True,False,False,False,True,False,low,45-54,neutral
62,1,jeans,98,montana,0,purple,4.0,0,0,0,38,1,True,False,False,False,False,True,False,False,False,False,True,True,False,False,False,False,high,55-64,positive
38,1,sneakers,59,iowa,1,peach,3.0,0,0,0,22,4,False,True,False,False,False,False,True,False,False,False,False,False,False,True,False,False,medium,35-44,neutral
65,1,hat,92,iowa,0,white,3.8,0,0,0,45,4,False,False,False,False,False,False,False,False,False,False,True,True,False,False,False,False,high,65+,neutral
60,1,backpack,40,ohio,2,indigo,3.7,0,0,0,21,26,False,False,False,True,False,False,True,False,False,False,False,False,False,True,False,False,low,55-64,neutral
68,1,jeans,20,wisconsin,0,violet,4.0,0,0,0,9,26,True,False,False,False,False,False,False,False,False,False,False,False,False,True,False,False,low,65+,positive
62,1,skirt,35,south carolina,0,brown,3.1,0,0,0,34,52,True,False,False,True,False,False,False,False,False,False,True,False,False,False,False,True,low,55-64,neutral
62,1,belt,35,oregon,2,maroon,3.9,0,0,0,26,52,False,False,False,True,False,False,False,False,False,False,False,False,False,False,False,True,low,55-64,neutral
40,1,dress,82,north dakota,2,magenta,3.7,0,0,0,1,52,True,False,False,False,False,True,True,False,False,False,False,True,False,False,False,False,high,35-44,neutral
32,1,hoodie,48,california,1,charcoal,3.9,0,0,0,47,52,True,False,False,False,False,False,True,False,False,False,False,False,False,False,False,True,medium,25-34,neutral
22,1,coat,58,mississippi,3,indigo,2.7,0,0,0,30,52,False,False,True,False,False,True,True,False,False,False,False,False,True,False,False,False,medium,18-24,negative
33,1,sweater,57,new jersey,1,turquoise,3.9,0,0,0,48,26,True,False,False,True,False,False,True,False,False,False,False,False,False,True,False,False,medium,25-34,neutral
57,1,shorts,96,rhode island,2,turquoise,2.6,0,0,0,31,26,True,False,False,False,False,True,False,False,False,False,True,False,False,False,False,True,high,55-64,negative
60,1,sneakers,97,new hampshire,0,gray,3.5,0,0,0,33,26,False,True,False,False,True,False,False,True,False,False,False,False,False,False,False,True,high,55-64,neutral
30,1,sweater,42,louisiana,2,peach,4.4,0,0,0,39,52,True,False,False,False,False,True,False,False,True,False,False,False,True,False,False,False,low,25-34,positive
41,1,t-shirt,62,arizona,2,gold,4.9,0,0,0,46,52,True,False,False,True,False,False,False,False,False,False,True,False,False,True,False,False,medium,35-44,positive
58,1,handbag,67,rhode island,1,green,3.9,0,0,0,24,1,False,False,False,False,False,False,False,False,False,True,False,False,False,False,False,True,medium,55-64,neutral
34,1,sneakers,46,vermont,2,gold,3.5,0,0,0,37,26,False,True,False,False,True,False,False,False,False,True,False,False,False,False,False,True,medium,25-34,neutral
67,1,jacket,71,tennessee,1,lavender,4.3,0,0,0,7,12,False,False,True,True,False,False,False,False,True,False,False,False,False,True,False,False,medium,65+,positive
58,1,backpack,99,alaska,0,blue,3.4,0,0,0,6,26,False,False,False,False,False,False,False,True,False,False,False,False,False,True,False,False,high,55-64,neutral
41,1,jeans,28,maryland,1,magenta,2.7,0,0,0,16,26,True,False,False,False,False,False,False,False,False,True,False,True,False,False,False,False,low,35-44,negative
42,1,belt,77,wisconsin,2,blue,3.6,0,0,0,33,1,False,False,False,False,True,False,False,False,False,True,False,False,False,False,False,False,high,35-44,neutral
50,1,boots,63,nevada,0,blue,4.9,0,0,0,18,26,False,True,False,False,True,False,True,False,False,False,False,False,False,False,True,False,medium,45-54,positive
40,1,shorts,62,illinois,1,olive,3.5,0,0,0,24,52,True,False,False,True,False,False,False,True,False,False,False,False,False,False,True,False,medium,35-44,neutral
32,1,jeans,92,montana,1,white,3.8,0,0,0,24,4,True,False,False,False,True,False,False,True,False,False,False,True,False,False,False,False,high,25-34,neutral
51,1,shoes,72,new mexico,2,white,4.5,0,0,0,48,4,False,True,False,False,False,True,False,False,False,False,False,False,True,False,False,False,medium,45-54,positive
26,1,hat,79,virginia,1,purple,4.0,0,0,0,4,52,False,False,False,False,True,False,True,False,False,False,False,True,False,False,False,False,high,25-34,positive
32,1,t-shirt,27,delaware,1,white,4.7,0,0,0,20,52,True,False,False,False,True,False,False,True,False,False,False,True,False,False,False,False,low,25-34,positive
58,1,sunglasses,39,north carolina,1,white,3.8,0,0,0,47,4,False,False,False,False,False,False,True,False,False,False,False,False,False,True,False,False,low,55-64,neutral
51,1,socks,86,nevada,0,peach,4.5,0,0,0,50,4,True,False,False,True,False,False,False,False,True,False,False,True,False,False,False,False,high,45-54,positive
19,1,shirt,94,washington,3,gold,5.0,0,0,0,31,12,True,False,False,False,False,False,True,False,False,False,False,False,False,False,True,False,high,18-24,positive
57,1,shorts,53,maine,1,teal,2.8,0,0,0,29,4,True,False,False,True,False,False,True,False,False,False,False,False,False,False,True,False,medium,55-64,negative
66,1,shirt,85,connecticut,0,cyan,4.4,0,0,0,4,1,True,False,False,False,True,False,False,False,False,True,False,True,False,False,False,False,high,65+,positive
62,1,socks,50,louisiana,2,pink,4.7,0,0,0,40,26,True,False,False,False,False,False,False,True,False,False,False,False,False,False,False,False,medium,55-64,positive
58,1,pants,47,illinois,3,magenta,3.8,0,0,0,31,12,True,False,False,False,False,True,True,False,False,False,False,True,False,False,False,False,medium,55-64,neutral
23,1,boots,75,south dakota,1,pink,4.9,0,0,0,41,52,False,True,False,False,False,True,False,False,True,False,False,False,True,False,False,False,high,18-24,positive
45,1,t-shirt,60,indiana,1,turquoise,4.2,0,0,0,44,1,True,False,False,False,False,True,True,False,False,False,False,False,False,True,False,False,medium,45-54,positive
20,1,t-shirt,36,vermont,0,pink,4.9,0,0,0,31,52,True,False,False,True,False,False,False,False,False,False,False,False,False,False,False,False,low,18-24,positive
33,1,coat,80,new hampshire,2,gray,3.9,0,0,0,45,4,False,False,True,True,False,False,True,False,False,False,False,True,False,False,False,False,high,25-34,neutral
30,1,hat,96,oregon,1,white,4.9,0,0,0,50,4,False,False,False,True,False,False,False,False,False,False,False,False,True,False,False,False,high,25-34,positive
50,1,sunglasses,80,kansas,1,blue,4.8,0,0,0,7,1,False,False,False,False,False,True,True,False,False,False,False,False,False,False,False,True,high,45-54,positive
62,1,blouse,71,maine,1,cyan,3.3,0,0,0,5,4,True,False,False,False,True,False,False,True,False,False,False,False,False,False,False,False,medium,55-64,neutral
69,1,jewelry,29,louisiana,1,blue,4.6,0,0,0,48,12,False,False,False,False,False,False,False,True,False,False,False,True,False,False,False,False,low,65+,positive
34,1,jewelry,53,louisiana,1,yellow,4.5,0,0,0,19,26,False,False,False,True,False,False,False,False,False,False,False,False,False,False,True,False,medium,25-34,positive
49,1,skirt,35,indiana,1,charcoal,4.1,0,0,0,39,26,True,False,False,False,True,False,False,False,False,False,False,False,False,False,False,True,low,45-54,positive
65,1,scarf,75,kentucky,1,lavender,3.2,0,0,0,45,4,False,False,False,False,False,False,False,False,False,False,False,False,True,False,False,False,high,65+,neutral
66,1,pants,52,south carolina,1,teal,4.2,0,0,0,35,12,True,False,False,False,False,False,False,False,False,False,False,False,True,False,False,False,medium,65+,positive
41,1,hat,77,montana,1,beige,4.8,0,0,0,8,12,False,False,False,False,False,True,False,True,False,False,False,False,False,False,False,True,high,35-44,positive
37,1,gloves,24,vermont,2,blue,4.1,0,0,0,11,4,False,False,False,False,False,False,False,False,True,False,False,False,True,False,False,False,low,35-44,positive
32,1,shirt,78,mississippi,3,purple,3.7,0,0,0,32,1,True,False,False,False,False,True,False,False,False,False,True,True,False,False,False,False,high,25-34,neutral
42,1,sandals,98,wyoming,1,gold,2.6,0,0,0,46,4,False,True,False,False,False,True,False,False,False,False,True,False,False,False,False,False,high,35-44,negative
31,1,socks,57,vermont,2,blue,3.0,0,0,0,7,4,True,False,False,False,False,True,False,False,False,True,False,False,False,False,True,False,medium,25-34,neutral
61,1,handbag,78,alabama,1,black,4.4,0,0,0,1,1,False,False,False,False,True,False,True,False,False,False,False,False,False,True,False,False,high,55-64,positive
36,1,jacket,76,kentucky,1,charcoal,4.7,0,0,0,32,12,False,False,True,False,False,False,False,False,True,False,False,False,True,False,False,False,high,35-44,positive
60,1,shorts,26,south dakota,1,purple,2.7,0,0,0,31,1,True,False,False,True,False,False,False,False,False,False,False,False,True,False,False,False,low,55-64,negative
51,1,sandals,78,delaware,1,orange,2.8,0,0,0,39,4,False,True,False,False,False,True,False,False,False,False,False,False,False,False,False,False,high,45-54,negative
68,1,scarf,53,wisconsin,1,yellow,2.9,0,0,0,9,4,False,False,False,False,True,False,False,False,False,True,False,False,False,False,False,True,medium,65+,negative
46,1,sandals,100,arizona,3,cyan,4.4,0,0,0,49,52,False,True,False,False,True,False,False,True,False,False,False,False,True,False,False,False,high,45-54,positive
19,1,jeans,73,maine,3,yellow,2.7,0,0,0,34,4,True,False,False,False,False,True,True,False,False,False,False,True,False,False,False,False,medium,18-24,negative
30,1,skirt,40,new mexico,1,maroon,4.5,0,0,0,35,12,True,False,False,False,False,True,False,False,False,False,True,False,False,False,False,False,low,25-34,positive
51,1,gloves,76,wyoming,0,black,2.8,0,0,0,50,52,False,False,False,False,False,True,False,False,False,False,True,False,False,True,False,False,high,45-54,negative
28,1,skirt,80,delaware,0,lavender,3.1,0,0,0,4,26,True,False,False,False,False,False,False,True,False,False,False,False,False,False,False,False,high,25-34,neutral
41,1,sweater,80,pennsylvania,3,violet,3.8,0,0,0,32,52,True,False,False,False,False,True,False,False,False,False,True,True,False,False,False,False,high,35-44,neutral
29,1,blouse,67,north dakota,3,olive,2.9,0,0,0,11,26,True,False,False,True,False,False,True,False,False,False,False,False,False,False,True,False,medium,25-34,negative
25,1,sweater,61,kentucky,1,teal,3.8,0,0,0,49,1,True,False,False,True,False,False,True,False,False,False,False,False,True,False,False,False,medium,25-34,neutral
60,1,shirt,76,rhode island,3,teal,4.7,0,0,0,9,1,True,False,False,True,False,False,False,False,False,True,False,True,False,False,False,False,high,55-64,positive
63,1,jewelry,55,arizona,3,beige,3.2,0,0,0,30,26,False,False,False,False,True,False,False,True,False,False,False,False,False,False,True,False,medium,55-64,neutral
51,1,t-shirt,85,colorado,2,maroon,4.0,0,0,0,33,12,True,False,False,False,True,False,False,False,True,False,False,True,False,False,False,False,high,45-54,positive
22,1,scarf,69,maine,0,peach,4.9,0,0,0,8,1,False,False,False,True,False,False,False,False,False,False,False,False,False,True,False,False,medium,18-24,positive
54,1,belt,26,new jersey,2,beige,3.7,0,0,0,29,26,False,False,False,False,True,False,False,False,False,False,True,False,False,True,False,False,low,45-54,neutral
18,1,t-shirt,64,kansas,1,silver,4.8,0,0,0,4,12,True,False,False,False,True,False,False,False,True,False,False,False,True,False,False,False,medium,18-24,positive
29,1,sneakers,60,south dakota,0,peach,3.6,0,0,0,19,12,False,True,False,False,False,False,False,False,False,True,False,False,False,True,False,False,medium,25-34,neutral
59,1,gloves,36,new hampshire,1,turquoise,4.6,0,0,0,10,26,False,False,False,False,False,True,True,False,False,False,False,False,False,False,True,False,low,55-64,positive
25,1,sandals,21,connecticut,2,orange,4.3,0,0,0,39,12,False,True,False,True,False,False,False,False,False,False,False,False,False,True,False,False,low,25-34,positive
19,1,backpack,72,wyoming,0,cyan,3.2,0,0,0,21,4,False,False,False,False,False,False,False,False,False,False,False,False,False,False,False,True,medium,18-24,neutral
56,1,pants,62,missouri,0,silver,3.8,0,0,0,12,12,True,False,False,False,True,False,False,False,False,False,True,False,False,False,False,False,medium,55-64,neutral
31,1,t-shirt,44,alaska,3,gold,4.2,0,0,0,9,26,True,False,False,False,False,True,False,False,False,True,False,False,True,False,False,False,low,25-34,positive
45,1,skirt,52,delaware,1,brown,3.4,0,0,0,20,4,True,False,False,False,False,False,False,False,False,False,False,False,False,False,False,True,medium,45-54,neutral
23,1,gloves,58,indiana,1,silver,4.7,0,0,0,44,26,False,False,False,True,False,False,False,False,True,False,False,True,False,False,False,False,medium,18-24,positive
18,1,blouse,77,west virginia,0,beige,3.9,0,0,0,16,4,True,False,False,True,False,False,False,False,False,False,False,False,False,True,False,False,high,18-24,neutral
43,1,blouse,99,wyoming,2,violet,4.3,0,0,0,27,26,True,False,False,True,False,False,False,False,False,False,True,False,False,True,False,False,high,35-44,positive
56,1,jeans,96,illinois,3,violet,2.7,0,0,0,14,4,True,False,False,False,False,False,False,False,False,True,False,True,False,False,False,False,high,55-64,negative
43,1,t-shirt,64,alaska,1,lavender,4.6,0,0,0,24,12,True,False,False,False,True,False,False,False,False,True,False,False,True,False,False,False,medium,35-44,positive
64,1,sweater,44,wisconsin,3,red,2.9,0,0,0,49,52,True,False,False,False,False,False,True,False,False,False,False,False,False,False,False,False,low,55-64,negative
67,1,pants,33,indiana,2,purple,3.6,0,0,0,14,52,True,False,False,False,False,False,False,True,False,False,False,True,False,False,False,False,low,65+,neutral
63,1,boots,71,tennessee,1,brown,3.9,0,0,0,6,4,False,True,False,False,False,True,False,False,True,False,False,False,True,False,False,False,medium,55-64,neutral
54,1,skirt,36,illinois,1,gray,2.6,0,0,0,20,4,True,False,False,False,False,False,False,False,False,True,False,False,False,False,False,True,low,45-54,negative
69,1,gloves,62,pennsylvania,2,pink,3.6,0,0,0,3,1,False,False,False,False,False,False,True,False,False,False,False,False,True,False,False,False,medium,65+,neutral
34,1,socks,29,oklahoma,2,magenta,3.4,0,0,0,5,12,True,False,False,False,True,False,False,False,False,False,True,False,True,False,False,False,low,25-34,neutral
56,1,t-shirt,33,tennessee,2,charcoal,3.5,0,0,0,46,26,True,False,False,True,False,False,True,False,False,False,False,True,False,False,False,False,low,55-64,neutral
34,1,blouse,33,new jersey,2,yellow,3.1,0,0,0,8,12,True,False,False,False,False,False,False,False,False,False,False,False,False,True,False,False,low,25-34,neutral
58,1,blouse,41,new jersey,1,red,4.3,0,0,0,13,26,True,False,False,False,False,True,False,False,False,True,False,True,False,False,False,False,low,55-64,positive
44,1,scarf,54,tennessee,2,blue,5.0,0,0,0,25,4,False,False,False,False,False,True,False,False,False,False,True,False,False,False,False,False,medium,35-44,positive
25,1,backpack,58,georgia,1,cyan,4.9,0,0,0,39,26,False,False,False,True,False,False,False,False,False,False,True,False,False,True,False,False,medium,25-34,positive
27,1,shorts,30,arizona,0,pink,4.3,0,0,0,15,26,True,False,False,False,True,False,False,False,True,False,False,False,False,False,False,False,low,25-34,positive
26,1,jewelry,53,nevada,0,maroon,4.4,0,0,0,35,12,False,False,False,False,False,True,False,False,False,True,False,True,False,False,False,False,medium,25-34,positive
18,1,gloves,91,arkansas,2,beige,4.4,0,0,0,46,26,False,False,False,True,False,False,False,False,True,False,False,True,False,False,False,False,high,18-24,positive
64,1,hoodie,44,north dakota,3,gold,3.5,0,0,0,3,12,True,False,False,False,False,False,True,False,False,False,False,False,False,False,True,False,low,55-64,neutral
62,1,hoodie,89,south dakota,3,turquoise,3.4,0,0,0,48,52,True,False,False,False,False,True,False,True,False,False,False,False,True,False,False,False,high,55-64,neutral
59,1,skirt,57,north carolina,2,peach,2.5,0,0,0,27,52,True,False,False,True,False,False,False,False,True,False,False,False,False,False,False,False,medium,55-64,negative
36,1,sunglasses,57,hawaii,1,lavender,3.4,0,0,0,5,52,False,False,False,True,False,False,False,False,False,False,True,False,True,False,False,False,medium,35-44,neutral
69,1,jewelry,74,new hampshire,1,gray,2.6,0,0,0,48,4,False,False,False,False,True,False,False,False,True,False,False,False,False,True,False,False,high,65+,negative
39,1,jacket,30,california,1,blue,4.6,0,0,0,12,52,False,False,True,False,False,False,False,False,False,False,False,False,False,False,False,True,low,35-44,positive
28,1,dress,20,delaware,2,red,3.7,0,0,0,10,26,True,False,False,False,True,False,True,False,False,False,False,False,False,False,True,False,low,25-34,neutral
42,1,hoodie,90,arizona,1,purple,2.5,0,0,0,48,26,True,False,False,False,False,False,False,True,False,False,False,False,False,True,False,False,high,35-44,negative
31,1,jeans,61,washington,2,indigo,4.5,0,0,0,3,12,True,False,False,False,False,False,True,False,False,False,False,False,False,True,False,False,medium,25-34,positive
57,1,sandals,51,nevada,1,gold,2.9,0,0,0,19,12,False,True,False,False,False,False,False,False,False,True,False,False,False,False,False,True,medium,55-64,negative
53,1,sunglasses,97,alaska,2,teal,2.9,0,0,0,11,26,False,False,False,False,False,True,False,True,False,False,False,False,False,True,False,False,high,45-54,negative
59,1,pants,97,texas,2,magenta,3.5,0,0,0,25,12,True,False,False,False,False,False,False,False,True,False,False,False,False,False,False,True,high,55-64,neutral
32,1,shorts,40,new york,2,maroon,4.2,0,0,0,42,52,True,False,False,False,False,True,False,False,False,False,True,False,False,False,True,False,low,25-34,positive
65,1,jewelry,85,iowa,0,blue,3.3,0,0,0,34,4,False,False,False,False,True,False,False,True,False,False,False,True,False,False,False,False,high,65+,neutral
56,1,socks,76,arizona,0,beige,3.9,0,0,0,50,4,True,False,False,False,False,True,False,False,False,False,True,True,False,False,False,False,high,55-64,neutral
31,1,sandals,22,new mexico,0,olive,5.0,0,0,0,21,12,False,True,False,True,False,False,False,False,False,False,True,False,False,False,False,True,low,25-34,positive
59,1,pants,63,north carolina,1,gold,3.3,0,0,0,37,52,True,False,False,False,True,False,False,False,False,True,False,False,False,False,False,False,medium,55-64,neutral
22,1,t-shirt,71,nevada,0,silver,4.2,0,0,0,46,12,True,False,False,True,False,False,False,True,False,False,False,True,False,False,False,False,medium,18-24,positive
47,1,boots,35,idaho,1,teal,4.9,0,0,0,14,26,False,True,False,False,True,False,False,False,False,False,False,False,False,False,False,False,low,45-54,positive
23,1,backpack,30,vermont,1,green,4.6,0,0,0,24,26,False,False,False,True,False,False,False,False,False,False,False,False,False,False,True,False,low,18-24,positive
69,1,skirt,74,new mexico,2,orange,4.8,0,0,0,36,4,True,False,False,False,False,False,False,False,False,False,True,False,True,False,False,False,high,65+,positive
18,1,scarf,71,georgia,3,charcoal,2.7,0,0,0,19,26,False,False,False,False,False,True,False,False,True,False,False,False,False,True,False,False,medium,18-24,negative
50,1,sweater,84,kentucky,0,black,4.3,0,0,0,12,12,True,False,False,True,False,False,False,False,False,False,True,False,True,False,False,False,high,45-54,positive
29,1,sandals,38,new york,0,yellow,3.8,0,0,0,13,4,False,True,False,False,False,False,True,False,False,False,False,False,False,True,False,False,low,25-34,neutral
65,1,jewelry,81,arizona,1,gray,4.9,0,0,0,32,26,False,False,False,True,False,False,True,False,False,False,False,False,False,True,False,False,high,65+,positive
29,1,sweater,56,colorado,0,charcoal,3.4,0,0,0,5,26,True,False,False,False,False,True,False,False,False,False,False,False,True,False,False,False,medium,25-34,neutral
49,1,skirt,48,kentucky,1,peach,3.6,0,0,0,29,1,True,False,False,False,False,True,True,False,False,False,False,True,False,False,False,False,medium,45-54,neutral
28,1,shorts,97,alaska,2,green,3.4,0,0,0,40,26,True,False,False,False,False,False,False,False,False,True,False,False,True,False,False,False,high,25-34,neutral
51,1,backpack,74,alabama,1,magenta,4.7,0,0,0,44,52,False,False,False,False,False,False,False,False,False,False,False,True,False,False,False,False,high,45-54,positive
26,1,hoodie,50,connecticut,0,beige,3.0,0,0,0,3,26,True,False,False,False,False,True,False,False,True,False,False,False,False,True,False,False,medium,25-34,neutral
38,1,skirt,71,hawaii,2,black,3.4,0,0,0,35,26,True,False,False,False,False,True,False,True,False,False,False,False,False,False,True,False,medium,35-44,neutral
35,1,skirt,33,idaho,0,purple,4.6,0,0,0,33,12,True,False,False,False,True,False,False,False,False,True,False,False,False,True,False,False,low,35-44,positive
34,1,backpack,56,virginia,1,olive,3.1,0,0,0,20,26,False,False,False,False,True,False,True,False,False,False,False,False,False,False,True,False,medium,25-34,neutral
51,1,blouse,84,connecticut,1,purple,2.8,0,0,0,40,4,True,False,False,True,False,False,False,False,False,True,False,True,False,False,False,False,high,45-54,negative
47,1,shirt,36,michigan,1,green,3.5,0,0,0,13,1,True,False,False,False,False,False,False,False,False,False,True,False,False,False,False,True,low,45-54,neutral
18,1,gloves,63,kentucky,0,peach,4.6,0,0,0,9,12,False,False,False,False,True,False,False,False,False,True,False,False,False,False,True,False,medium,18-24,positive
64,1,sandals,36,nebraska,3,blue,4.3,0,0,0,7,1,False,True,False,False,True,False,False,False,False,True,False,True,False,False,False,False,low,55-64,positive
30,1,jacket,63,michigan,1,gray,4.8,0,0,0,42,4,False,False,True,False,False,False,False,True,False,False,False,False,False,False,True,False,medium,25-34,positive
59,1,sneakers,32,utah,2,black,2.9,0,0,0,44,26,False,True,False,False,False,True,True,False,False,False,False,False,True,False,False,False,low,55-64,negative
66,1,backpack,93,new mexico,1,silver,3.0,0,0,0,6,1,False,False,False,True,False,False,True,False,False,False,False,False,False,False,True,False,high,65+,neutral
40,1,pants,29,florida,1,pink,2.9,0,0,0,8,4,True,False,False,False,True,False,False,False,False,True,False,True,False,False,False,False,low,35-44,negative
25,1,sunglasses,92,mississippi,0,lavender,3.7,0,0,0,10,52,False,False,False,False,True,False,False,False,False,True,False,False,False,False,True,False,high,25-34,neutral
59,1,jeans,33,hawaii,2,brown,4.7,0,0,0,46,4,True,False,False,False,False,False,False,False,False,True,False,False,False,False,False,True,low,55-64,positive
66,1,pants,52,north carolina,2,turquoise,3.5,0,0,0,26,52,True,False,False,True,False,False,False,False,False,False,True,True,False,False,False,False,medium,65+,neutral
54,1,jewelry,42,illinois,0,olive,2.7,0,0,0,6,4,False,False,False,True,False,False,False,False,False,False,True,False,False,True,False,False,low,45-54,negative
42,1,hoodie,36,maryland,1,white,5.0,0,0,0,47,4,True,False,False,True,False,False,False,True,False,False,False,False,True,False,False,False,low,35-44,positive
48,1,sandals,67,montana,2,violet,4.1,0,0,0,28,1,False,True,False,False,True,False,False,False,True,False,False,False,False,False,False,True,medium,45-54,positive
34,1,jacket,43,michigan,2,gold,2.7,0,0,0,23,1,False,False,True,False,False,True,False,True,False,False,False,False,False,False,False,False,low,25-34,negative
19,1,blouse,68,north carolina,3,violet,4.8,0,0,0,45,26,True,False,False,True,False,False,False,True,False,False,False,True,False,False,False,False,medium,18-24,positive
70,1,jewelry,60,minnesota,0,teal,4.3,0,0,0,44,4,False,False,False,False,True,False,False,False,False,False,False,False,False,False,True,False,medium,65+,positive
43,1,socks,53,delaware,1,olive,4.5,0,0,0,11,12,True,False,False,False,True,False,False,False,False,False,False,False,False,False,False,False,medium,35-44,positive
46,1,jeans,23,kentucky,2,blue,3.8,0,0,0,39,26,True,False,False,True,False,False,False,False,False,True,False,False,False,True,False,False,low,45-54,neutral
66,1,gloves,57,ohio,2,magenta,3.7,0,0,0,20,4,False,False,False,False,False,True,False,False,False,False,True,False,False,False,True,False,medium,65+,neutral
50,1,hat,89,alaska,2,gray,3.9,0,0,0,48,26,False,False,False,False,False,False,False,False,False,False,False,False,False,False,True,False,high,45-54,neutral
55,1,shoes,99,vermont,3,peach,3.3,0,0,0,46,4,False,True,False,False,False,True,False,False,False,True,False,False,True,False,False,False,high,55-64,neutral
63,1,pants,28,alabama,1,cyan,3.4,0,0,0,22,12,True,False,False,False,False,False,True,False,False,False,False,False,False,False,True,False,low,55-64,neutral
32,1,socks,53,wisconsin,2,violet,3.8,0,0,0,45,1,True,False,False,False,True,False,False,False,True,False,False,True,False,False,False,False,medium,25-34,neutral
30,1,hoodie,45,arkansas,1,gold,2.7,0,0,0,49,4,True,False,False,False,False,True,False,True,False,False,False,True,False,False,False,False,low,25-34,negative
35,1,hoodie,38,georgia,1,gold,2.9,0,0,0,9,4,True,False,False,False,False,True,False,False,False,False,False,False,True,False,False,False,low,35-44,negative
59,1,pants,49,louisiana,1,white,4.5,0,0,0,41,4,True,False,False,False,True,False,False,False,False,True,False,False,True,False,False,False,medium,55-64,positive
59,1,shirt,32,new york,1,gray,2.6,0,0,0,2,12,True,False,False,False,True,False,False,False,False,False,True,False,False,False,True,False,low,55-64,negative
54,1,t-shirt,37,connecticut,2,brown,3.1,0,0,0,39,26,True,False,False,False,False,True,False,False,True,False,False,False,False,False,True,False,low,45-54,neutral
63,1,dress,80,nebraska,2,gray,4.7,0,0,0,12,4,True,False,False,False,False,True,False,False,False,False,True,False,False,False,True,False,high,55-64,positive
43,1,backpack,78,arkansas,2,blue,4.6,0,0,0,26,4,False,False,False,False,True,False,False,True,False,False,False,False,False,False,True,False,high,35-44,positive
33,1,gloves,53,connecticut,2,gold,2.7,0,0,0,32,26,False,False,False,False,True,False,False,False,True,False,False,False,False,False,False,False,medium,25-34,negative
57,1,shoes,82,maryland,2,yellow,4.6,0,0,0,50,26,False,True,False,False,True,False,False,False,False,False,False,True,False,False,False,False,high,55-64,positive
25,1,skirt,33,colorado,3,green,4.8,0,0,0,3,26,True,False,False,True,False,False,False,False,False,True,False,False,False,False,True,False,low,25-34,positive
26,1,gloves,77,colorado,1,pink,4.2,0,0,0,3,4,False,False,False,False,False,True,False,True,False,False,False,False,False,False,False,True,high,25-34,positive
50,1,hoodie,56,maine,1,pink,4.9,0,0,0,37,12,True,False,False,False,False,True,True,False,False,False,False,True,False,False,False,False,medium,45-54,positive
70,1,socks,37,oklahoma,1,pink,4.9,0,0,0,20,26,True,False,False,False,False,True,True,False,False,False,False,False,True,False,False,False,low,65+,positive
68,1,gloves,54,south carolina,1,cyan,4.5,0,0,0,26,26,False,False,False,True,False,False,False,False,False,False,True,True,False,False,False,False,medium,65+,positive
39,1,shorts,67,nevada,1,gray,2.7,0,0,0,47,4,True,False,False,False,False,True,False,False,False,False,True,True,False,False,False,False,medium,35-44,negative
46,1,shoes,90,colorado,1,white,3.1,0,0,0,7,4,False,True,False,False,False,False,False,False,False,False,True,False,True,False,False,False,high,45-54,neutral
57,1,jeans,72,massachusetts,2,red,3.3,0,0,0,40,1,True,False,False,False,True,False,False,False,False,False,False,False,True,False,False,False,medium,55-64,neutral
47,1,boots,59,nevada,2,black,2.6,0,0,0,45,4,False,True,False,False,True,False,False,True,False,False,False,False,False,True,False,False,medium,45-54,negative
40,1,hat,45,iowa,1,silver,4.4,0,0,0,20,26,False,False,False,False,False,False,False,False,False,True,False,False,False,False,True,False,low,35-44,positive
52,1,shorts,30,michigan,2,pink,3.9,0,0,0,11,52,True,False,False,True,False,False,False,False,False,True,False,False,True,False,False,False,low,45-54,neutral
40,1,pants,51,west virginia,0,cyan,4.6,0,0,0,50,12,True,False,False,False,True,False,True,False,False,False,False,False,False,True,False,False,medium,35-44,positive
67,1,sweater,90,indiana,1,white,4.9,0,0,0,25,4,True,False,False,False,False,False,True,False,False,False,False,False,False,True,False,False,high,65+,positive
67,1,jacket,95,indiana,3,purple,3.7,0,0,0,5,26,False,False,True,False,False,True,True,False,False,False,False,False,True,False,False,False,high,65+,neutral
37,1,dress,81,georgia,2,yellow,3.7,0,0,0,4,1,True,False,False,False,False,False,False,False,False,True,False,False,False,False,False,True,high,35-44,neutral
67,1,shirt,70,minnesota,0,blue,4.2,0,0,0,25,52,True,False,False,True,False,False,False,False,False,True,False,False,True,False,False,False,medium,65+,positive
64,1,dress,32,louisiana,0,cyan,3.5,0,0,0,11,26,True,False,False,False,False,True,False,False,True,False,False,False,False,False,False,False,low,55-64,neutral
28,1,belt,94,maryland,1,indigo,2.9,0,0,0,4,26,False,False,False,True,False,False,False,False,True,False,False,False,True,False,False,False,high,25-34,negative
54,1,hat,29,pennsylvania,3,indigo,3.4,0,0,0,1,12,False,False,False,True,False,False,False,False,True,False,False,False,False,False,False,True,low,45-54,neutral
54,1,backpack,31,louisiana,1,silver,3.3,0,0,0,48,4,False,False,False,False,True,False,True,False,False,False,False,False,False,False,True,False,low,45-54,neutral
24,1,skirt,20,maryland,3,red,4.5,0,0,0,9,4,True,False,False,False,False,False,False,False,False,True,False,False,False,False,False,True,low,18-24,positive
27,1,gloves,44,tennessee,1,peach,4.6,0,0,0,2,26,False,False,False,False,False,True,False,False,False,False,False,False,False,False,True,False,low,25-34,positive
53,1,jacket,77,illinois,2,turquoise,2.9,0,0,0,4,4,False,False,True,False,False,False,True,False,False,False,False,True,False,False,False,False,high,45-54,negative
32,1,handbag,51,wyoming,1,pink,3.2,0,0,0,43,26,False,False,False,True,False,False,False,False,True,False,False,False,False,False,True,False,medium,25-34,neutral
24,1,sandals,49,florida,1,teal,2.6,0,0,0,32,1,False,True,False,False,True,False,False,True,False,False,False,False,False,False,False,False,medium,18-24,negative
45,1,sunglasses,78,massachusetts,2,magenta,3.8,0,0,0,1,4,False,False,False,True,False,False,False,False,False,False,True,True,False,False,False,False,high,45-54,neutral
49,1,jeans,98,tennessee,2,blue,2.8,0,0,0,38,26,True,False,False,True,False,False,False,False,False,False,True,False,False,True,False,False,high,45-54,negative
51,1,sandals,94,iowa,1,green,4.4,0,0,0,25,26,False,True,False,False,False,True,False,False,False,False,True,False,False,False,True,False,high,45-54,positive
69,1,shoes,91,michigan,2,violet,4.7,0,0,0,42,4,False,True,False,False,True,False,True,False,False,False,False,False,False,False,True,False,high,65+,positive
41,1,sunglasses,77,kansas,1,turquoise,2.7,0,0,0,32,12,False,False,False,False,True,False,False,False,False,False,False,False,False,False,True,False,high,35-44,negative
59,1,scarf,97,georgia,1,pink,2.6,0,0,0,21,4,False,False,False,False,True,False,False,False,True,False,False,False,False,True,False,False,high,55-64,negative
26,1,skirt,58,west virginia,1,black,3.4,0,0,0,26,26,True,False,False,False,True,False,False,False,False,False,False,False,False,False,True,False,medium,25-34,neutral
23,1,gloves,97,tennessee,1,gold,3.9,0,0,0,6,26,False,False,False,True,False,False,False,False,False,False,False,False,True,False,False,False,high,18-24,neutral
62,1,coat,48,arkansas,2,green,3.4,0,0,0,14,4,False,False,True,False,True,False,False,False,False,False,False,False,False,False,False,True,medium,55-64,neutral
69,1,belt,23,vermont,3,white,3.4,0,0,0,4,4,False,False,False,False,True,False,True,False,False,False,False,True,False,False,False,False,low,65+,neutral
46,1,pants,79,virginia,1,gold,3.9,0,0,0,26,52,True,False,False,False,False,True,False,True,False,False,False,False,False,False,False,False,high,45-54,neutral
35,1,jewelry,42,maryland,0,charcoal,4.0,0,0,0,39,26,False,False,False,True,False,False,True,False,False,False,False,False,False,False,True,False,low,35-44,positive
32,1,backpack,95,connecticut,2,white,3.4,0,0,0,15,1,False,False,False,True,False,False,False,False,False,False,False,False,False,False,True,False,high,25-34,neutral
46,1,sneakers,29,missouri,1,brown,3.7,0,0,0,1,4,False,True,False,False,True,False,False,False,True,False,False,False,False,False,False,True,low,45-54,neutral
33,1,hoodie,98,new jersey,2,gold,4.9,0,0,0,28,12,True,False,False,False,False,True,False,False,False,False,False,False,False,False,False,True,high,25-34,positive
32,1,blouse,96,arkansas,0,purple,5.0,0,0,0,17,52,True,False,False,True,False,False,True,False,False,False,False,True,False,False,False,False,high,25-34,positive
33,1,sunglasses,66,nevada,1,brown,2.9,0,0,0,24,52,False,False,False,False,False,False,False,False,True,False,False,False,True,False,False,False,medium,25-34,negative
67,1,boots,80,missouri,0,teal,3.0,0,0,0,29,4,False,True,False,True,False,False,False,False,False,True,False,False,False,True,False,False,high,65+,neutral
67,1,sneakers,27,south dakota,2,indigo,3.3,0,0,0,18,4,False,True,False,False,True,False,False,False,True,False,False,True,False,False,False,False,low,65+,neutral
42,1,backpack,25,connecticut,1,purple,4.7,0,0,0,10,26,False,False,False,False,False,False,True,False,False,False,False,False,False,True,False,False,low,35-44,positive
20,1,pants,45,vermont,1,orange,3.4,0,0,0,19,4,True,False,False,False,False,False,False,False,False,False,False,True,False,False,False,False,low,18-24,neutral
39,1,socks,89,tennessee,2,indigo,4.6,0,0,0,26,12,True,False,False,False,False,True,False,False,False,False,False,False,False,True,False,False,high,35-44,positive
26,1,belt,27,california,1,lavender,3.6,0,0,0,25,26,False,False,False,False,False,True,False,False,False,False,False,True,False,False,False,False,low,25-34,neutral
51,1,sunglasses,90,wyoming,0,purple,2.6,0,0,0,2,26,False,False,False,False,False,True,False,True,False,False,False,False,False,True,False,False,high,45-54,negative
31,1,shirt,65,new york,1,red,2.7,0,0,0,19,4,True,False,False,False,True,False,True,False,False,False,False,False,False,False,True,False,medium,25-34,negative
68,1,sneakers,72,maine,0,blue,3.1,0,0,0,32,4,False,True,False,True,False,False,True,False,False,False,False,True,False,False,False,False,medium,65+,neutral
44,1,shoes,70,georgia,2,blue,3.2,0,0,0,13,26,False,True,False,False,False,False,False,False,False,False,False,True,False,False,False,False,medium,35-44,neutral
18,1,sandals,82,tennessee,1,cyan,3.4,0,0,0,30,26,False,True,False,False,False,True,False,False,False,False,True,False,False,False,True,False,high,18-24,neutral
58,1,scarf,97,new mexico,0,pink,4.4,0,0,0,2,1,False,False,False,False,False,False,True,False,False,False,False,False,True,False,False,False,high,55-64,positive
26,1,shirt,25,virginia,1,silver,3.2,0,0,0,8,4,True,False,False,False,True,False,False,False,False,False,False,False,False,False,True,False,low,25-34,neutral
57,1,skirt,48,florida,1,gray,2.5,0,0,0,27,4,True,False,False,True,False,False,False,True,False,False,False,False,False,False,True,False,medium,55-64,negative
37,1,boots,99,alabama,1,indigo,3.8,0,0,0,26,26,False,True,False,False,True,False,False,False,True,False,False,False,False,False,False,True,high,35-44,neutral
24,1,sweater,21,texas,1,maroon,4.4,0,0,0,3,26,True,False,False,False,True,False,False,False,False,False,False,False,False,True,False,False,low,18-24,positive
57,1,sandals,94,west virginia,1,beige,3.7,0,0,0,4,12,False,True,False,True,False,False,True,False,False,False,False,False,False,False,False,False,high,55-64,neutral
48,1,jeans,53,nevada,2,green,3.2,0,0,0,5,26,True,False,False,False,False,False,False,False,False,False,True,True,False,False,False,False,medium,45-54,neutral
39,1,backpack,70,virginia,1,peach,4.9,0,0,0,25,4,False,False,False,False,False,True,False,False,False,True,False,False,False,True,False,False,medium,35-44,positive
51,1,skirt,26,wisconsin,2,black,3.9,0,0,0,47,26,True,False,False,False,True,False,False,False,False,True,False,False,False,False,True,False,low,45-54,neutral
57,1,belt,82,virginia,0,pink,4.5,0,0,0,8,26,False,False,False,False,True,False,False,False,True,False,False,False,True,False,False,False,high,55-64,positive
53,1,shoes,47,maine,0,violet,3.4,0,0,0,20,26,False,True,False,False,False,True,False,False,False,True,False,False,False,True,False,False,medium,45-54,neutral
70,1,socks,32,massachusetts,0,green,4.1,0,0,0,42,4,True,False,False,False,False,True,False,False,True,False,False,False,False,False,False,False,low,65+,positive
60,1,backpack,97,arkansas,0,gold,4.5,0,0,0,20,52,False,False,False,False,False,False,False,False,False,False,True,False,False,False,False,False,high,55-64,positive
31,1,shirt,68,idaho,0,red,4.7,0,0,0,23,26,True,False,False,False,False,True,False,False,False,False,True,True,False,False,False,False,medium,25-34,positive
41,1,sweater,23,pennsylvania,1,beige,4.8,0,0,0,26,4,True,False,False,False,False,True,False,False,True,False,False,True,False,False,False,False,low,35-44,positive
62,1,handbag,33,maine,1,green,4.4,0,0,0,48,4,False,False,False,False,False,True,False,False,False,True,False,False,False,False,False,True,low,55-64,positive
59,1,jewelry,38,alabama,0,black,4.0,0,0,0,16,26,False,False,False,False,False,True,False,False,False,False,True,True,False,False,False,False,low,55-64,positive
46,1,socks,68,idaho,0,teal,4.1,0,0,0,28,26,True,False,False,False,False,True,False,False,False,False,True,True,False,False,False,False,medium,45-54,positive
62,1,socks,23,arkansas,2,silver,3.7,0,0,0,39,52,True,False,False,False,False,False,True,False,False,False,False,False,False,False,True,False,low,55-64,neutral
42,1,shirt,29,delaware,1,turquoise,3.0,0,0,0,43,26,True,False,False,False,True,False,True,False,False,False,False,False,False,True,False,False,low,35-44,neutral
37,1,scarf,35,maine,1,orange,3.6,0,0,0,45,4,False,False,False,False,False,True,True,False,False,False,False,False,False,False,False,False,low,35-44,neutral
50,1,shoes,73,nebraska,0,gold,4.8,0,0,0,50,4,False,True,False,False,False,False,False,False,False,True,False,False,True,False,False,False,medium,45-54,positive
29,1,shoes,84,ohio,3,purple,3.7,0,0,0,10,26,False,True,False,False,False,False,False,False,False,False,False,False,False,False,False,True,high,25-34,neutral
25,1,scarf,23,montana,1,pink,4.6,0,0,0,40,4,False,False,False,True,False,False,False,False,True,False,False,False,False,False,True,False,low,25-34,positive
66,1,sunglasses,67,new mexico,0,green,2.8,0,0,0,38,12,False,False,False,False,True,False,False,False,False,True,False,False,True,False,False,False,medium,65+,negative
21,1,socks,51,north carolina,2,charcoal,4.0,0,0,0,2,12,True,False,False,True,False,False,False,False,False,True,False,False,True,False,False,False,medium,18-24,positive
46,1,blouse,36,south carolina,1,maroon,4.2,0,0,0,13,1,True,False,False,False,False,True,False,False,True,False,False,True,False,False,False,False,low,45-54,positive
57,1,jeans,55,illinois,2,olive,3.6,0,0,0,33,1,True,False,False,False,True,False,True,False,False,False,False,False,False,False,False,True,medium,55-64,neutral
61,1,shorts,30,alabama,1,peach,2.9,0,0,0,27,12,True,False,False,True,False,False,False,False,False,False,True,False,False,False,True,False,low,55-64,negative
53,1,t-shirt,70,oklahoma,0,yellow,4.1,0,0,0,43,52,True,False,False,False,True,False,True,False,False,False,False,False,False,False,False,False,medium,45-54,positive
37,1,blouse,63,minnesota,0,lavender,3.1,0,0,0,46,52,True,False,False,False,False,True,False,False,True,False,False,True,False,False,False,False,medium,35-44,neutral
39,1,belt,87,illinois,0,green,4.3,0,0,0,7,26,False,False,False,False,True,False,True,False,False,False,False,False,False,False,False,True,high,35-44,positive
53,1,blouse,70,arkansas,2,orange,4.4,0,0,0,35,26,True,False,False,True,False,False,False,False,True,False,False,False,True,False,False,False,medium,45-54,positive
35,1,t-shirt,51,minnesota,1,olive,3.1,0,0,0,31,26,True,False,False,True,False,False,False,False,True,False,False,False,False,True,False,False,medium,35-44,neutral
69,1,jewelry,25,south carolina,3,gray,2.9,0,0,0,42,4,False,False,False,True,False,False,False,True,False,False,False,False,False,False,False,True,low,65+,negative
66,1,jacket,32,new york,0,lavender,3.2,0,0,0,14,26,False,False,True,False,False,True,False,False,True,False,False,False,False,False,True,False,low,65+,neutral
19,1,shoes,52,alabama,1,red,4.0,0,0,0,35,12,False,True,False,True,False,False,False,False,False,False,False,False,False,False,False,True,medium,18-24,positive
47,1,gloves,33,new york,1,charcoal,2.7,0,0,0,49,52,False,False,False,False,True,False,False,False,False,True,False,False,False,False,True,False,low,45-54,negative
49,1,jeans,68,missouri,2,orange,3.0,0,0,0,17,26,True,False,False,True,False,False,False,True,False,False,False,False,False,False,True,False,medium,45-54,neutral
31,1,jewelry,20,georgia,1,red,4.4,0,0,0,26,4,False,False,False,False,False,False,True,False,False,False,False,False,False,False,True,False,low,25-34,positive
39,1,pants,32,oklahoma,1,maroon,2.8,0,0,0,30,4,True,False,False,False,False,True,False,True,False,False,False,True,False,False,False,False,low,35-44,negative
58,1,jewelry,82,connecticut,1,silver,3.1,0,0,0,32,1,False,False,False,False,True,False,False,False,False,False,True,True,False,False,False,False,high,55-64,neutral
45,1,sneakers,64,michigan,3,pink,3.9,0,0,0,35,4,False,True,False,False,False,True,True,False,False,False,False,False,False,False,False,False,medium,45-54,neutral
68,1,boots,24,rhode island,2,blue,2.7,0,0,0,15,1,False,True,False,False,False,False,False,False,False,True,False,False,False,False,False,True,low,65+,negative
35,1,hat,96,mississippi,1,teal,3.4,0,0,0,10,1,False,False,False,False,True,False,False,False,False,False,True,False,False,True,False,False,high,35-44,neutral
65,1,t-shirt,94,massachusetts,2,black,3.8,0,0,0,14,12,True,False,False,True,False,False,False,True,False,False,False,False,True,False,False,False,high,65+,neutral
45,1,backpack,48,new hampshire,1,gray,3.7,0,0,0,30,1,False,False,False,False,False,True,False,False,False,False,False,False,False,False,False,False,medium,45-54,neutral
19,1,sunglasses,60,wyoming,0,purple,4.5,0,0,0,16,26,False,False,False,True,False,False,False,False,False,False,False,False,True,False,False,False,medium,18-24,positive
65,1,sweater,56,new jersey,3,gold,2.9,0,0,0,14,1,True,False,False,True,False,False,True,False,False,False,False,False,False,False,True,False,medium,65+,negative
28,1,handbag,33,texas,1,silver,3.4,0,0,0,28,52,False,False,False,False,False,False,False,False,False,False,False,False,False,False,False,False,low,25-34,neutral
55,1,backpack,46,minnesota,2,blue,4.4,0,0,0,29,12,False,False,False,True,False,False,False,False,False,False,False,False,False,False,True,False,medium,55-64,positive
66,1,socks,37,south dakota,2,yellow,4.2,0,0,0,5,4,True,False,False,True,False,False,False,False,False,True,False,False,False,False,True,False,low,65+,positive
29,1,shirt,98,washington,1,brown,3.3,0,0,0,17,4,True,False,False,False,False,True,False,False,False,False,True,False,False,False,False,False,high,25-34,neutral
56,1,shorts,50,california,3,beige,3.7,0,0,0,50,52,True,False,False,True,False,False,True,False,False,False,False,False,False,False,True,False,medium,55-64,neutral
21,1,belt,63,wisconsin,1,blue,3.2,0,0,0,23,4,False,False,False,False,False,False,False,False,True,False,False,False,False,False,False,False,medium,18-24,neutral
32,1,sweater,70,michigan,0,magenta,2.6,0,0,0,22,1,True,False,False,False,True,False,False,False,False,False,True,False,False,True,False,False,medium,25-34,negative
54,1,coat,63,south carolina,2,silver,2.8,0,0,0,15,4,False,False,True,False,False,False,False,False,False,True,False,True,False,False,False,False,medium,45-54,negative
61,1,shorts,86,indiana,1,cyan,2.9,0,0,0,32,12,True,False,False,False,False,False,False,False,False,True,False,True,False,False,False,False,high,55-64,negative
31,1,shoes,99,arkansas,1,green,4.0,0,0,0,5,12,False,True,False,False,True,False,False,False,False,False,False,False,False,False,False,False,high,25-34,positive
27,1,sneakers,40,oregon,1,blue,2.9,0,0,0,6,26,False,True,False,True,False,False,False,True,False,False,False,False,False,False,False,False,low,25-34,negative
64,1,sneakers,92,illinois,1,olive,4.7,0,0,0,44,26,False,True,False,False,False,False,False,False,False,False,True,False,False,True,False,False,high,55-64,positive
60,1,pants,21,maryland,3,beige,3.1,0,0,0,23,26,True,False,False,False,False,False,False,False,False,False,False,True,False,False,False,False,low,55-64,neutral
70,1,jewelry,81,vermont,3,black,3.9,0,0,0,44,12,False,False,False,False,True,False,False,False,False,False,True,False,False,False,False,True,high,65+,neutral
36,1,t-shirt,82,texas,1,indigo,3.4,0,0,0,3,4,True,False,False,False,False,False,False,True,False,False,False,False,False,True,False,False,high,35-44,neutral
56,1,jewelry,88,nebraska,3,red,3.1,0,0,0,14,12,False,False,False,True,False,False,True,False,False,False,False,True,False,False,False,False,high,55-64,neutral
69,1,jacket,100,south carolina,0,yellow,4.8,0,0,0,37,4,False,False,True,False,False,False,False,False,False,False,True,False,False,False,True,False,high,65+,positive
39,1,backpack,66,massachusetts,1,beige,3.9,0,0,0,22,52,False,False,False,False,False,True,False,False,True,False,False,False,False,False,False,False,medium,35-44,neutral
38,1,belt,25,texas,0,green,3.5,0,0,0,2,4,False,False,False,False,False,True,False,False,True,False,False,False,False,False,True,False,low,35-44,neutral
36,1,scarf,53,florida,1,white,3.1,0,0,0,44,26,False,False,False,False,True,False,False,True,False,False,False,False,False,True,False,False,medium,35-44,neutral
46,1,sweater,28,south carolina,0,turquoise,4.7,0,0,0,49,12,True,False,False,False,False,False,True,False,False,False,False,False,False,True,False,False,low,45-54,positive
59,1,gloves,23,florida,0,indigo,4.6,0,0,0,22,26,False,False,False,False,False,False,False,True,False,False,False,False,False,True,False,False,low,55-64,positive
64,1,scarf,34,nebraska,2,orange,3.3,0,0,0,26,1,False,False,False,False,False,False,False,True,False,False,False,False,False,False,False,False,low,55-64,neutral
49,1,dress,42,hawaii,1,blue,3.2,0,0,0,40,52,True,False,False,True,False,False,False,False,True,False,False,False,False,True,False,False,low,45-54,neutral
32,1,jeans,24,montana,2,violet,3.1,0,0,0,16,4,True,False,False,False,True,False,False,False,True,False,False,False,False,False,True,False,low,25-34,neutral
29,1,sunglasses,47,south dakota,0,gray,3.5,0,0,0,17,26,False,False,False,False,False,False,False,True,False,False,False,False,False,True,False,False,medium,25-34,neutral
24,1,coat,78,alabama,0,cyan,4.3,0,0,0,48,26,False,False,True,True,False,False,False,False,False,True,False,False,False,False,False,False,high,18-24,positive
41,1,jeans,89,arkansas,1,yellow,2.9,0,0,0,28,4,True,False,False,False,True,False,False,True,False,False,False,False,False,False,False,True,high,35-44,negative
41,1,scarf,59,mississippi,2,orange,2.7,0,0,0,26,26,False,False,False,False,False,False,False,False,False,False,True,False,True,False,False,False,medium,35-44,negative
32,1,blouse,94,vermont,0,brown,4.0,0,0,0,43,4,True,False,False,False,True,False,False,False,False,True,False,False,False,False,False,False,high,25-34,positive
69,1,jeans,49,new york,1,teal,4.6,0,0,0,38,52,True,False,False,False,False,False,False,True,False,False,False,False,False,True,False,False,medium,65+,positive
65,1,dress,89,north dakota,2,beige,4.7,0,0,0,36,4,True,False,False,False,True,False,False,False,False,False,False,True,False,False,False,False,high,65+,positive
54,1,hat,91,wisconsin,1,blue,4.7,0,0,0,1,52,False,False,False,False,True,False,False,False,False,True,False,False,True,False,False,False,high,45-54,positive
39,1,sandals,89,california,2,orange,4.0,0,0,0,49,1,False,True,False,True,False,False,False,False,False,True,False,False,False,True,False,False,high,35-44,positive
37,1,jacket,57,maryland,2,gold,3.6,0,0,0,41,4,False,False,True,True,False,False,False,True,False,False,False,False,True,False,False,False,medium,35-44,neutral
51,1,socks,71,massachusetts,0,teal,3.4,0,0,0,21,12,True,False,False,False,False,True,False,True,False,False,False,False,False,True,False,False,medium,45-54,neutral
26,1,jeans,97,washington,3,beige,3.0,0,0,0,24,4,True,False,False,False,False,False,False,False,True,False,False,False,False,False,False,False,high,25-34,neutral
42,1,sandals,45,minnesota,1,silver,2.6,0,0,0,27,52,False,True,False,False,False,False,False,False,True,False,False,False,False,False,False,False,low,35-44,negative
21,1,dress,91,washington,1,maroon,4.2,0,0,0,4,1,True,False,False,True,False,False,False,False,False,False,True,False,False,True,False,False,high,18-24,positive
53,1,socks,25,south carolina,1,indigo,3.4,0,0,0,19,1,True,False,False,True,False,False,False,False,False,True,False,False,False,False,False,True,low,45-54,neutral
36,1,hoodie,63,new mexico,1,gray,4.0,0,0,0,1,26,True,False,False,False,False,False,False,False,False,False,True,False,False,False,False,False,medium,35-44,positive
21,1,dress,52,north carolina,2,blue,4.7,0,0,0,27,1,True,False,False,False,True,False,False,True,False,False,False,False,False,True,False,False,medium,18-24,positive
33,1,sneakers,43,iowa,0,cyan,3.9,0,0,0,5,52,False,True,False,False,False,True,False,False,True,False,False,False,True,False,False,False,low,25-34,neutral
49,1,t-shirt,28,louisiana,1,white,3.3,0,0,0,20,4,True,False,False,False,True,False,False,False,False,False,False,False,False,False,False,True,low,45-54,neutral
31,1,t-shirt,78,oklahoma,2,green,2.9,0,0,0,50,1,True,False,False,False,True,False,True,False,False,False,False,False,False,False,True,False,high,25-34,negative
68,1,sweater,31,michigan,1,silver,4.4,0,0,0,36,26,True,False,False,True,False,False,False,True,False,False,False,True,False,False,False,False,low,65+,positive
49,1,shirt,23,oregon,1,blue,3.6,0,0,0,12,26,True,False,False,False,False,True,False,False,True,False,False,False,False,False,False,False,low,45-54,neutral
23,1,hat,25,idaho,1,brown,4.5,0,0,0,23,12,False,False,False,True,False,False,False,False,False,False,True,True,False,False,False,False,low,18-24,positive
30,1,pants,86,indiana,0,red,3.7,0,0,0,21,52,True,False,False,False,True,False,False,False,False,False,True,False,False,False,False,True,high,25-34,neutral
53,1,shoes,88,new mexico,1,gold,2.8,0,0,0,47,52,False,True,False,True,False,False,False,True,False,False,False,False,False,False,False,True,high,45-54,negative
65,1,gloves,35,south carolina,1,silver,4.5,0,0,0,38,26,False,False,False,True,False,False,False,True,False,False,False,False,False,False,False,True,low,65+,positive
60,1,jewelry,34,vermont,1,gray,4.4,0,0,0,40,4,False,False,False,False,False,False,False,False,False,True,False,False,True,False,False,False,low,55-64,positive
46,1,pants,75,delaware,1,black,3.3,0,0,0,35,4,True,False,False,False,False,True,False,False,False,True,False,False,False,False,True,False,high,45-54,neutral
54,1,hoodie,46,north dakota,3,beige,4.2,0,0,0,4,4,True,False,False,False,False,True,True,False,False,False,False,False,True,False,False,False,medium,45-54,positive
59,1,jewelry,31,california,2,peach,2.7,0,0,0,28,4,False,False,False,False,False,False,False,True,False,False,False,False,False,False,False,True,low,55-64,negative
52,1,socks,93,montana,2,cyan,3.9,0,0,0,36,4,True,False,False,True,False,False,False,False,False,False,True,False,False,True,False,False,high,45-54,neutral
41,1,sunglasses,85,missouri,3,pink,2.6,0,0,0,15,1,False,False,False,True,False,False,False,True,False,False,False,False,False,False,False,False,high,35-44,negative
43,1,belt,68,tennessee,1,lavender,4.5,0,0,0,7,26,False,False,False,False,False,False,False,False,False,False,False,True,False,False,False,False,medium,35-44,positive
63,1,dress,40,virginia,1,brown,2.7,0,0,0,29,4,True,False,False,True,False,False,False,False,False,False,True,False,False,False,True,False,low,55-64,negative
37,1,shirt,51,vermont,1,magenta,2.9,0,0,0,12,1,True,False,False,False,False,True,False,False,False,True,False,False,False,True,False,False,medium,35-44,negative
44,1,scarf,85,rhode island,1,violet,3.4,0,0,0,16,26,False,False,False,False,False,True,False,False,False,False,True,False,False,False,False,False,high,35-44,neutral
67,1,jacket,23,kansas,1,teal,2.9,0,0,0,50,26,False,False,True,False,True,False,True,False,False,False,False,False,False,True,False,False,low,65+,negative
27,1,dress,28,colorado,2,brown,3.8,0,0,0,11,1,True,False,False,False,True,False,False,True,False,False,False,False,False,True,False,False,low,25-34,neutral
60,1,socks,44,georgia,1,olive,4.2,0,0,0,28,4,True,False,False,False,False,False,False,False,False,False,False,False,False,True,False,False,low,55-64,positive
58,1,jewelry,57,nebraska,1,indigo,3.5,0,0,0,36,26,False,False,False,True,False,False,False,False,False,False,True,False,False,False,False,True,medium,55-64,neutral
53,1,scarf,98,missouri,0,red,3.1,0,0,0,38,4,False,False,False,False,False,False,False,False,True,False,False,False,False,False,True,False,high,45-54,neutral
43,1,backpack,68,alaska,1,olive,3.5,0,0,0,32,12,False,False,False,False,False,True,False,False,False,False,False,False,False,False,False,False,medium,35-44,neutral
32,1,jacket,36,virginia,2,teal,4.0,0,0,0,42,52,False,False,True,False,False,False,True,False,False,False,False,False,False,True,False,False,low,25-34,positive
54,1,coat,71,nebraska,2,cyan,3.7,0,0,0,22,26,False,False,True,True,False,False,True,False,False,False,False,False,False,True,False,False,medium,45-54,neutral
47,1,skirt,60,rhode island,1,teal,4.2,0,0,0,22,4,True,False,False,False,False,False,False,False,True,False,False,False,False,False,False,True,medium,45-54,positive
57,1,coat,87,new hampshire,1,beige,4.8,0,0,0,31,4,False,False,True,False,False,False,False,False,False,False,True,False,False,False,True,False,high,55-64,positive
63,1,shoes,38,alabama,3,magenta,4.1,0,0,0,28,12,False,True,False,False,False,True,True,False,False,False,False,False,True,False,False,False,low,55-64,positive
70,1,boots,45,north carolina,1,indigo,4.5,0,0,0,40,52,False,True,False,True,False,False,False,False,False,False,False,False,False,True,False,False,low,65+,positive
62,1,coat,47,new mexico,2,cyan,2.7,0,0,0,21,52,False,False,True,False,False,False,False,False,False,False,False,False,False,False,True,False,medium,55-64,negative
40,1,skirt,57,minnesota,2,orange,2.8,0,0,0,12,4,True,False,False,False,False,False,False,False,False,False,True,False,False,False,True,False,medium,35-44,negative
25,1,backpack,68,arizona,2,violet,3.7,0,0,0,33,1,False,False,False,False,True,False,False,True,False,False,False,False,True,False,False,False,medium,25-34,neutral
19,1,shorts,52,montana,1,red,3.6,0,0,0,9,26,True,False,False,False,False,False,True,False,False,False,False,False,False,False,False,False,medium,18-24,neutral
25,1,skirt,87,vermont,1,magenta,4.7,0,0,0,15,52,True,False,False,False,False,False,False,False,False,False,False,False,False,True,False,False,high,25-34,positive
21,1,hat,34,maine,1,olive,3.8,0,0,0,13,1,False,False,False,False,True,False,False,False,False,True,False,False,False,False,False,False,low,18-24,neutral
55,1,sandals,41,virginia,3,maroon,2.9,0,0,0,35,26,False,True,False,False,False,True,False,False,False,True,False,False,True,False,False,False,low,55-64,negative
34,1,sunglasses,94,california,0,yellow,4.6,0,0,0,1,4,False,False,False,False,False,True,False,False,True,False,False,False,False,True,False,False,high,25-34,positive
47,1,sunglasses,93,new york,1,red,2.8,0,0,0,25,26,False,False,False,False,True,False,False,False,False,True,False,False,False,False,False,False,high,45-54,negative
27,1,socks,51,indiana,3,purple,4.6,0,0,0,20,4,True,False,False,False,False,True,False,False,False,False,False,False,True,False,False,False,medium,25-34,positive
67,1,sweater,42,mississippi,1,teal,2.8,0,0,0,36,4,True,False,False,False,False,False,False,False,True,False,False,False,False,False,False,True,low,65+,negative
40,1,boots,95,new york,1,red,3.0,0,0,0,33,52,False,True,False,False,False,True,False,True,False,False,False,True,False,False,False,False,high,35-44,neutral
53,1,handbag,90,new mexico,1,brown,3.7,0,0,0,36,26,False,False,False,False,False,False,False,False,False,True,False,True,False,False,False,False,high,45-54,neutral
24,1,dress,98,kentucky,1,peach,4.1,0,0,0,32,1,True,False,False,False,False,True,False,False,False,False,False,False,False,False,True,False,high,18-24,positive
47,1,hat,39,north dakota,1,maroon,4.3,0,0,0,21,4,False,False,False,False,False,True,False,False,True,False,False,False,False,False,False,True,low,45-54,positive
53,1,sandals,66,arkansas,2,red,3.8,0,0,0,48,26,False,True,False,False,False,False,False,False,True,False,False,False,False,False,False,True,medium,45-54,neutral
47,1,shoes,23,maryland,2,orange,3.7,0,0,0,25,4,False,True,False,False,False,True,False,True,False,False,False,False,False,False,True,False,low,45-54,neutral
38,1,skirt,73,connecticut,0,white,4.8,0,0,0,32,1,True,False,False,False,False,True,False,False,False,True,False,False,False,False,True,False,medium,35-44,positive
48,1,sunglasses,23,utah,3,white,4.6,0,0,0,45,4,False,False,False,False,True,False,False,False,False,True,False,False,False,False,True,False,low,45-54,positive
47,1,skirt,43,missouri,0,charcoal,4.8,0,0,0,4,26,True,False,False,False,False,False,False,False,False,True,False,True,False,False,False,False,low,45-54,positive
19,1,t-shirt,45,nebraska,3,turquoise,4.6,0,0,0,19,26,True,False,False,False,False,True,False,False,False,False,False,False,False,False,True,False,low,18-24,positive
38,1,sandals,21,hawaii,2,orange,4.0,0,0,0,1,52,False,True,False,False,False,True,False,False,False,True,False,False,False,False,False,False,low,35-44,positive
57,1,shirt,40,illinois,1,orange,2.6,0,0,0,12,52,True,False,False,True,False,False,False,False,False,False,False,True,False,False,False,False,low,55-64,negative
70,1,jeans,58,vermont,2,brown,2.6,0,0,0,18,12,True,False,False,False,False,False,False,False,False,False,False,False,False,False,False,True,medium,65+,negative
38,1,shorts,48,new jersey,2,magenta,4.5,0,0,0,43,26,True,False,False,False,True,False,False,False,True,False,False,False,False,False,False,False,medium,35-44,positive
35,1,shirt,94,kentucky,1,violet,4.2,0,0,0,31,1,True,False,False,False,False,False,False,True,False,False,False,False,False,False,True,False,high,35-44,positive
46,1,scarf,74,wyoming,1,violet,3.4,0,0,0,33,4,False,False,False,True,False,False,False,False,False,False,True,True,False,False,False,False,high,45-54,neutral
32,1,handbag,51,hawaii,2,yellow,3.7,0,0,0,46,12,False,False,False,False,False,False,False,False,False,False,True,False,False,False,True,False,medium,25-34,neutral
38,1,skirt,83,missouri,1,maroon,3.6,0,0,0,41,26,True,False,False,False,False,True,False,False,True,False,False,False,False,True,False,False,high,35-44,neutral
41,1,handbag,68,mississippi,2,turquoise,4.0,0,0,0,41,26,False,False,False,False,False,True,False,False,True,False,False,False,False,False,False,True,medium,35-44,positive
19,1,gloves,84,massachusetts,3,olive,4.6,0,0,0,9,26,False,False,False,True,False,False,False,False,False,True,False,False,False,False,False,False,high,18-24,positive
18,1,shirt,58,louisiana,1,peach,3.0,0,0,0,34,1,True,False,False,False,False,False,False,True,False,False,False,True,False,False,False,False,medium,18-24,neutral
45,1,blouse,92,west virginia,2,charcoal,3.3,0,0,0,21,1,True,False,False,False,False,True,True,False,False,False,False,False,False,False,True,False,high,45-54,neutral
23,1,dress,69,washington,0,peach,3.8,0,0,0,5,26,True,False,False,False,True,False,True,False,False,False,False,False,False,True,False,False,medium,18-24,neutral
60,1,shorts,48,oregon,0,black,2.7,0,0,0,32,52,True,False,False,False,True,False,False,True,False,False,False,False,False,False,True,False,medium,55-64,negative
52,1,shoes,60,new york,2,gray,4.5,0,0,0,44,12,False,True,False,True,False,False,True,False,False,False,False,False,False,False,False,False,medium,45-54,positive
42,1,sandals,20,iowa,0,olive,4.8,0,0,0,46,26,False,True,False,False,False,True,False,False,True,False,False,False,False,False,True,False,low,35-44,positive
29,1,pants,55,idaho,1,turquoise,4.2,0,0,0,42,4,True,False,False,False,True,False,True,False,False,False,False,False,True,False,False,False,medium,25-34,positive
31,1,jacket,88,new jersey,0,purple,3.5,0,0,0,50,26,False,False,True,True,False,False,True,False,False,False,False,False,True,False,False,False,high,25-34,neutral
30,1,skirt,48,ohio,2,green,4.9,0,0,0,33,26,True,False,False,False,False,True,False,False,False,True,False,False,False,False,False,True,medium,25-34,positive
23,1,handbag,74,connecticut,1,beige,4.1,0,0,0,32,4,False,False,False,True,False,False,False,False,True,False,False,True,False,False,False,False,high,18-24,positive
31,1,coat,42,florida,1,brown,2.9,0,0,0,32,26,False,False,True,False,False,False,False,False,True,False,False,False,False,False,False,False,low,25-34,negative
40,1,sweater,32,south carolina,1,turquoise,4.0,0,0,0,37,4,True,False,False,False,False,False,False,False,True,False,False,False,False,False,False,True,low,35-44,positive
39,1,shorts,98,missouri,1,yellow,4.6,0,0,0,9,26,True,False,False,False,True,False,False,False,False,False,True,True,False,False,False,False,high,35-44,positive
28,1,skirt,89,rhode island,0,lavender,2.8,0,0,0,6,26,True,False,False,False,False,False,False,False,False,False,True,False,False,False,True,False,high,25-34,negative
23,1,gloves,97,delaware,0,cyan,5.0,0,0,0,36,4,False,False,False,False,True,False,False,False,False,False,False,False,False,False,False,True,high,18-24,positive
42,1,backpack,49,colorado,0,olive,2.9,0,0,0,1,1,False,False,False,True,False,False,False,False,False,False,True,True,False,False,False,False,medium,35-44,negative
68,1,dress,50,nebraska,1,silver,3.3,0,0,0,48,26,True,False,False,True,False,False,False,True,False,False,False,False,True,False,False,False,medium,65+,neutral
24,1,belt,91,vermont,0,red,3.4,0,0,0,44,4,False,False,False,False,False,True,False,False,False,False,False,False,False,True,False,False,high,18-24,neutral
24,1,gloves,93,montana,3,green,3.0,0,0,0,9,26,False,False,False,False,False,True,True,False,False,False,False,False,False,False,True,False,high,18-24,neutral
21,1,jewelry,98,florida,1,gold,4.7,0,0,0,32,1,False,False,False,False,True,False,False,False,False,True,False,False,False,False,False,True,high,18-24,positive
49,1,socks,82,delaware,2,lavender,2.9,0,0,0,14,12,True,False,False,False,False,False,False,False,True,False,False,False,False,False,True,False,high,45-54,negative
41,1,coat,37,connecticut,1,yellow,4.1,0,0,0,43,4,False,False,True,False,True,False,False,False,False,False,True,True,False,False,False,False,low,35-44,positive
22,1,handbag,63,hawaii,1,black,3.2,0,0,0,32,26,False,False,False,False,False,False,False,True,False,False,False,False,False,False,False,False,medium,18-24,neutral
42,1,blouse,99,new mexico,1,maroon,2.7,0,0,0,26,26,True,False,False,False,False,True,False,False,False,False,True,False,False,False,False,True,high,35-44,negative
30,1,shorts,37,kansas,1,maroon,4.7,0,0,0,2,12,True,False,False,True,False,False,False,False,False,False,True,True,False,False,False,False,low,25-34,positive
38,1,shoes,34,nevada,0,gold,3.2,0,0,0,16,4,False,True,False,True,False,False,False,True,False,False,False,False,False,False,True,False,low,35-44,neutral
40,1,shorts,32,north carolina,1,violet,2.5,0,0,0,50,4,True,False,False,False,False,True,True,False,False,False,False,False,False,True,False,False,low,35-44,negative
55,1,sandals,23,new mexico,3,teal,4.3,0,0,0,6,4,False,True,False,False,False,True,False,False,True,False,False,False,False,False,True,False,low,55-64,positive
37,1,blouse,78,idaho,1,violet,4.4,0,0,0,20,1,True,False,False,True,False,False,False,True,False,False,False,False,False,False,True,False,high,35-44,positive
41,1,coat,54,california,1,brown,4.7,0,0,0,9,52,False,False,True,False,False,True,False,False,True,False,False,False,True,False,False,False,medium,35-44,positive
38,1,blouse,94,wisconsin,3,brown,4.0,0,0,0,47,26,True,False,False,False,False,False,True,False,False,False,False,False,True,False,False,False,high,35-44,positive
42,1,belt,75,alaska,0,maroon,4.6,0,0,0,33,1,False,False,False,True,False,False,True,False,False,False,False,False,True,False,False,False,high,35-44,positive
26,1,blouse,69,pennsylvania,0,maroon,3.8,0,0,0,46,26,True,False,False,False,True,False,False,False,True,False,False,True,False,False,False,False,medium,25-34,neutral
41,1,scarf,35,virginia,2,yellow,3.2,0,0,0,9,12,False,False,False,False,False,True,False,False,True,False,False,False,True,False,False,False,low,35-44,neutral
27,1,shirt,78,california,2,turquoise,5.0,0,0,0,8,12,True,False,False,True,False,False,True,False,False,False,False,False,False,False,True,False,high,25-34,positive
61,1,socks,29,kentucky,1,silver,3.5,0,0,0,48,4,True,False,False,False,True,False,False,False,False,True,False,False,False,False,False,False,low,55-64,neutral
58,1,jeans,62,new york,1,brown,3.7,0,0,0,2,12,True,False,False,False,False,False,False,False,True,False,False,True,False,False,False,False,medium,55-64,neutral
25,1,dress,58,vermont,1,gray,4.8,0,0,0,31,52,True,False,False,True,False,False,False,False,True,False,False,False,False,False,True,False,medium,25-34,positive
33,1,boots,88,pennsylvania,1,indigo,3.7,0,0,0,40,12,False,True,False,False,True,False,False,False,False,False,False,False,False,False,False,True,high,25-34,neutral
57,1,scarf,80,new york,2,turquoise,3.5,0,0,0,35,12,False,False,False,False,True,False,False,True,False,False,False,False,False,False,False,True,high,55-64,neutral
39,1,scarf,47,north carolina,1,maroon,4.9,0,0,0,40,12,False,False,False,False,True,False,False,False,False,False,True,False,False,True,False,False,medium,35-44,positive
60,1,gloves,51,wyoming,2,charcoal,4.7,0,0,0,27,4,False,False,False,False,True,False,False,False,True,False,False,False,False,True,False,False,medium,55-64,positive
39,1,pants,25,ohio,2,peach,4.9,0,0,0,10,1,True,False,False,True,False,False,False,False,False,False,False,False,False,False,False,True,low,35-44,positive
42,1,dress,36,alabama,1,red,4.3,0,0,0,23,52,True,False,False,False,True,False,False,False,True,False,False,False,True,False,False,False,low,35-44,positive
53,1,dress,79,rhode island,1,indigo,3.1,0,0,0,32,4,True,False,False,False,False,True,False,True,False,False,False,True,False,False,False,False,high,45-54,neutral
20,1,jeans,41,oregon,0,lavender,3.4,0,0,0,6,12,True,False,False,False,False,True,False,False,False,False,False,False,False,True,False,False,low,18-24,neutral
46,1,sweater,68,north dakota,3,red,2.7,0,0,0,27,52,True,False,False,False,False,False,True,False,False,False,False,False,False,False,True,False,medium,45-54,negative
46,1,sandals,51,illinois,2,green,2.6,0,0,0,25,26,False,True,False,True,False,False,False,False,False,False,True,False,False,False,False,False,medium,45-54,negative
69,1,handbag,38,new mexico,1,gray,2.9,0,0,0,11,1,False,False,False,False,False,False,False,False,True,False,False,False,True,False,False,False,low,65+,negative
28,1,scarf,46,colorado,3,violet,2.7,0,0,0,23,12,False,False,False,False,True,False,False,False,False,False,False,False,False,False,True,False,medium,25-34,negative
42,1,sandals,20,utah,3,beige,4.5,0,0,0,44,4,False,True,False,False,True,False,False,False,False,False,False,False,False,False,False,False,low,35-44,positive
30,1,sunglasses,25,virginia,1,orange,3.1,0,0,0,35,26,False,False,False,False,True,False,False,False,False,False,True,False,False,False,True,False,low,25-34,neutral
50,1,sweater,89,maine,2,purple,3.2,0,0,0,45,4,True,False,False,False,False,True,False,True,False,False,False,False,False,True,False,False,high,45-54,neutral
59,1,pants,77,nebraska,1,brown,3.3,0,0,0,22,4,True,False,False,False,False,True,False,False,True,False,False,False,False,False,False,False,high,55-64,neutral
54,1,hat,94,hawaii,1,maroon,2.9,0,0,0,18,4,False,False,False,False,False,False,True,False,False,False,False,False,False,True,False,False,high,45-54,negative
50,1,belt,100,idaho,2,gold,4.1,0,0,0,20,52,False,False,False,False,False,False,False,False,False,True,False,False,False,True,False,False,high,45-54,positive
25,1,sandals,96,west virginia,1,indigo,2.7,0,0,0,28,26,False,True,False,False,False,True,True,False,False,False,False,False,True,False,False,False,high,25-34,negative
41,1,pants,36,vermont,3,silver,4.0,0,0,0,15,26,True,False,False,False,False,True,False,False,False,False,True,False,False,False,False,True,low,35-44,positive
35,1,jewelry,27,indiana,3,red,2.6,0,0,0,42,26,False,False,False,False,False,False,False,False,False,False,True,False,False,False,False,False,low,35-44,negative
67,1,sunglasses,67,idaho,1,magenta,3.5,0,0,0,20,4,False,False,False,False,False,True,False,False,False,False,True,False,False,True,False,False,medium,65+,neutral
33,1,blouse,91,minnesota,0,purple,2.8,0,0,0,16,26,True,False,False,False,False,False,False,False,False,False,True,False,False,False,False,False,high,25-34,negative
19,1,belt,62,wyoming,3,beige,4.5,0,0,0,47,1,False,False,False,False,False,False,False,False,False,False,True,True,False,False,False,False,medium,18-24,positive
25,1,shorts,88,kansas,3,white,3.0,0,0,0,34,1,True,False,False,False,False,False,False,True,False,False,False,False,True,False,False,False,high,25-34,neutral
32,1,pants,66,georgia,1,teal,4.4,0,0,0,30,52,True,False,False,False,True,False,False,False,False,False,True,False,True,False,False,False,medium,25-34,positive
30,1,sandals,65,kansas,1,gray,4.7,0,0,0,5,4,False,True,False,False,False,False,False,False,True,False,False,False,False,False,True,False,medium,25-34,positive
18,1,gloves,25,nebraska,2,charcoal,4.3,0,0,0,38,4,False,False,False,False,False,True,False,False,False,True,False,True,False,False,False,False,low,18-24,positive
38,1,belt,64,washington,0,olive,4.8,0,0,0,18,1,False,False,False,True,False,False,False,True,False,False,False,False,True,False,False,False,medium,35-44,positive
22,1,shirt,72,missouri,2,blue,4.8,0,0,0,28,1,True,False,False,True,False,False,False,False,False,False,True,True,False,False,False,False,medium,18-24,positive
40,1,scarf,74,washington,0,gray,4.4,0,0,0,42,26,False,False,False,False,True,False,False,False,True,False,False,False,True,False,False,False,high,35-44,positive
54,1,gloves,50,kansas,1,green,3.7,0,0,0,5,52,False,False,False,False,False,False,False,True,False,False,False,False,True,False,False,False,medium,45-54,neutral
70,1,pants,97,minnesota,1,silver,3.9,0,0,0,50,12,True,False,False,False,False,False,True,False,False,False,False,False,False,False,False,True,high,65+,neutral
52,1,sneakers,36,colorado,0,teal,3.8,0,0,0,33,26,False,True,False,True,False,False,True,False,False,False,False,False,False,False,False,True,low,45-54,neutral
34,1,jacket,49,utah,1,beige,4.1,0,0,0,1,52,False,False,True,False,False,False,False,False,False,False,True,False,True,False,False,False,medium,25-34,positive
65,1,shoes,64,north carolina,2,lavender,4.0,0,0,0,14,26,False,True,False,True,False,False,False,False,False,False,True,True,False,False,False,False,medium,65+,positive
38,1,blouse,31,florida,3,gray,4.5,0,0,0,48,12,True,False,False,False,True,False,True,False,False,False,False,False,True,False,False,False,low,35-44,positive
35,1,boots,66,new hampshire,0,yellow,4.0,0,0,0,26,52,False,True,False,False,False,True,True,False,False,False,False,True,False,False,False,False,medium,35-44,positive
40,1,socks,82,illinois,1,gray,4.5,0,0,0,44,1,True,False,False,True,False,False,False,False,False,False,False,False,True,False,False,False,high,35-44,positive
23,1,t-shirt,88,louisiana,1,yellow,2.7,0,0,0,18,26,True,False,False,False,False,True,False,False,False,True,False,False,False,True,False,False,high,18-24,negative
45,1,sandals,34,alabama,0,black,3.8,0,0,0,31,4,False,True,False,False,True,False,False,False,True,False,False,False,False,False,False,True,low,45-54,neutral
40,1,sneakers,84,florida,2,beige,3.8,0,0,0,18,52,False,True,False,False,False,True,False,False,False,True,False,False,False,True,False,False,high,35-44,neutral
42,1,jewelry,96,alabama,2,indigo,3.8,0,0,0,41,4,False,False,False,False,True,False,False,False,False,False,False,False,True,False,False,False,high,35-44,neutral
57,1,sandals,71,california,2,green,4.3,0,0,0,18,4,False,True,False,False,False,True,False,False,True,False,False,False,False,True,False,False,medium,55-64,positive
18,1,jacket,77,maryland,1,purple,3.5,0,0,0,3,26,False,False,True,False,True,False,False,True,False,False,False,False,False,False,False,False,high,18-24,neutral
18,1,skirt,66,nevada,1,orange,3.8,0,0,0,5,26,True,False,False,True,False,False,False,False,True,False,False,False,True,False,False,False,medium,18-24,neutral
56,1,shirt,21,massachusetts,1,teal,3.7,0,0,0,13,1,True,False,False,False,False,True,False,False,False,False,False,False,False,True,False,False,low,55-64,neutral
35,1,shorts,37,south carolina,1,gold,4.8,0,0,0,22,1,True,False,False,False,True,False,False,False,False,False,False,False,False,False,True,False,low,35-44,positive
49,1,socks,90,delaware,2,gray,4.9,0,0,0,45,26,True,False,False,False,False,False,False,True,False,False,False,False,False,False,True,False,high,45-54,positive
49,1,jacket,96,hawaii,1,cyan,4.3,0,0,0,39,4,False,False,True,False,False,False,False,False,False,False,True,False,False,False,True,False,high,45-54,positive
34,1,jewelry,37,florida,2,teal,4.4,0,0,0,18,1,False,False,False,False,True,False,False,False,True,False,False,False,False,False,False,True,low,25-34,positive
63,1,t-shirt,66,rhode island,1,violet,3.4,0,0,0,19,26,True,False,False,False,False,True,False,True,False,False,False,False,False,False,True,False,medium,55-64,neutral
42,1,gloves,45,wyoming,3,indigo,4.3,0,0,0,29,52,False,False,False,True,False,False,False,False,True,False,False,False,False,True,False,False,low,35-44,positive
41,1,shoes,89,colorado,2,pink,4.6,0,0,0,19,52,False,True,False,False,True,False,False,False,False,False,True,False,True,False,False,False,high,35-44,positive
26,1,shoes,94,virginia,2,gold,3.8,0,0,0,22,12,False,True,False,False,False,False,False,True,False,False,False,False,False,True,False,False,high,25-34,neutral
48,1,shoes,96,nebraska,0,maroon,3.9,0,0,0,21,1,False,True,False,False,True,False,True,False,False,False,False,False,False,False,False,False,high,45-54,neutral
62,1,hoodie,31,oklahoma,1,brown,2.6,0,0,0,22,12,True,False,False,True,False,False,False,False,False,False,True,False,False,False,True,False,low,55-64,negative
24,1,belt,79,north dakota,1,gold,4.2,0,0,0,44,4,False,False,False,False,False,True,False,False,False,False,True,False,False,False,True,False,high,18-24,positive
48,1,coat,39,michigan,2,teal,4.6,0,0,0,42,4,False,False,True,True,False,False,False,False,False,False,True,False,False,False,False,False,low,45-54,positive
31,1,blouse,22,california,1,turquoise,5.0,0,0,0,33,4,True,False,False,False,False,False,False,False,False,True,False,False,True,False,False,False,low,25-34,positive
41,1,skirt,32,tennessee,2,olive,4.2,0,0,0,6,1,True,False,False,False,False,False,False,False,False,True,False,False,False,False,False,False,low,35-44,positive
24,1,t-shirt,71,ohio,2,cyan,4.3,0,0,0,44,4,True,False,False,False,False,True,False,False,False,False,True,False,True,False,False,False,medium,18-24,positive
60,1,jeans,96,florida,3,beige,3.3,0,0,0,24,1,True,False,False,True,False,False,False,True,False,False,False,True,False,False,False,False,high,55-64,neutral
38,1,scarf,82,missouri,1,blue,4.9,0,0,0,16,4,False,False,False,False,False,False,True,False,False,False,False,False,False,False,True,False,high,35-44,positive
58,1,backpack,76,south carolina,2,gold,4.4,0,0,0,12,26,False,False,False,True,False,False,False,False,False,True,False,False,False,False,False,False,high,55-64,positive
53,1,backpack,22,arizona,1,green,3.1,0,0,0,50,12,False,False,False,False,False,True,False,False,False,False,False,False,False,False,True,False,low,45-54,neutral
44,1,scarf,40,indiana,3,green,3.5,0,0,0,42,4,False,False,False,False,False,True,False,False,False,False,True,True,False,False,False,False,low,35-44,neutral
51,1,hat,92,north dakota,1,turquoise,3.9,0,0,0,50,12,False,False,False,False,True,False,False,False,False,False,False,False,False,False,True,False,high,45-54,neutral
36,1,coat,94,montana,3,yellow,3.9,0,0,0,10,4,False,False,True,False,False,False,False,False,False,False,True,False,False,False,True,False,high,35-44,neutral
20,1,dress,44,missouri,1,yellow,4.3,0,0,0,32,52,True,False,False,False,False,False,False,False,False,False,True,False,False,True,False,False,low,18-24,positive
32,1,gloves,49,kentucky,0,blue,3.8,0,0,0,37,52,False,False,False,True,False,False,True,False,False,False,False,False,False,False,False,True,medium,25-34,neutral
66,1,sweater,26,georgia,2,charcoal,2.7,0,0,0,15,12,True,False,False,True,False,False,False,False,False,False,False,False,False,False,False,False,low,65+,negative
49,1,skirt,38,kentucky,1,yellow,4.4,0,0,0,27,1,True,False,False,False,False,False,False,False,False,False,True,False,True,False,False,False,low,45-54,positive
27,1,blouse,72,georgia,2,purple,3.5,0,0,0,7,52,True,False,False,True,False,False,True,False,False,False,False,False,False,False,False,True,medium,25-34,neutral
29,1,dress,99,alaska,1,green,3.4,0,0,0,49,4,True,False,False,False,True,False,False,True,False,False,False,False,False,False,True,False,high,25-34,neutral
29,1,jacket,38,maine,2,charcoal,4.0,0,0,0,44,12,False,False,True,True,False,False,False,False,False,True,False,False,False,False,True,False,low,25-34,positive
55,1,coat,96,new mexico,2,silver,4.8,0,0,0,13,26,False,False,True,False,False,True,True,False,False,False,False,False,False,False,True,False,high,55-64,positive
57,1,dress,27,new york,2,turquoise,4.5,0,0,0,38,26,True,False,False,True,False,False,False,False,True,False,False,False,False,False,True,False,low,55-64,positive
29,1,shorts,24,oklahoma,1,gray,4.4,0,0,0,10,52,True,False,False,False,False,True,False,False,False,True,False,False,False,True,False,False,low,25-34,positive
31,1,jeans,82,wyoming,2,red,4.1,0,0,0,25,52,True,False,False,False,True,False,False,False,False,False,False,False,False,True,False,False,high,25-34,positive
25,1,hat,56,alabama,1,beige,4.6,0,0,0,18,4,False,False,False,False,True,False,False,False,True,False,False,False,True,False,False,False,medium,25-34,positive
61,1,gloves,25,maryland,1,maroon,3.8,0,0,0,6,4,False,False,False,False,False,False,False,False,False,False,True,True,False,False,False,False,low,55-64,neutral
53,1,sneakers,67,west virginia,2,indigo,2.9,0,0,0,35,4,False,True,False,True,False,False,False,True,False,False,False,False,False,False,False,False,medium,45-54,negative
22,1,shoes,21,kentucky,1,red,2.8,0,0,0,31,26,False,True,False,False,True,False,False,False,False,True,False,False,True,False,False,False,low,18-24,negative
28,1,hoodie,27,kansas,3,maroon,3.0,0,0,0,41,1,True,False,False,False,True,False,False,False,False,False,True,False,False,False,False,False,low,25-34,neutral
18,1,sneakers,97,idaho,0,red,4.2,0,0,0,8,1,False,True,False,False,False,False,False,False,False,False,False,False,True,False,False,False,high,18-24,positive
44,1,handbag,45,ohio,0,black,4.1,0,0,0,34,26,False,False,False,False,False,True,False,True,False,False,False,False,True,False,False,False,low,35-44,positive
32,1,blouse,63,iowa,3,black,4.1,0,0,0,20,1,True,False,False,False,False,False,True,False,False,False,False,False,False,False,False,True,medium,25-34,positive
34,1,belt,100,michigan,2,pink,4.6,0,0,0,38,4,False,False,False,False,True,False,False,False,False,False,False,False,False,False,True,False,high,25-34,positive
67,1,socks,38,south dakota,2,blue,2.5,0,0,0,35,4,True,False,False,True,False,False,False,False,False,False,True,False,False,False,False,True,low,65+,negative
66,1,blouse,45,nebraska,2,green,3.0,0,0,0,6,1,True,False,False,False,True,False,False,False,False,False,True,False,False,True,False,False,low,65+,neutral
28,1,jewelry,91,california,1,orange,3.8,0,0,0,50,52,False,False,False,False,False,False,False,False,True,False,False,False,False,False,True,False,high,25-34,neutral
70,1,shorts,82,nevada,1,orange,4.1,0,0,0,47,52,True,False,False,False,False,False,False,True,False,False,False,False,False,False,False,True,high,65+,positive
37,1,boots,48,kansas,2,magenta,3.3,0,0,0,23,4,False,True,False,False,False,True,False,False,False,True,False,False,False,False,True,False,medium,35-44,neutral
28,1,coat,30,ohio,1,indigo,5.0,0,0,0,13,4,False,False,True,True,False,False,False,False,False,False,False,False,True,False,False,False,low,25-34,positive
43,1,t-shirt,34,vermont,0,beige,3.8,0,0,0,31,12,True,False,False,True,False,False,False,False,True,False,False,False,False,True,False,False,low,35-44,neutral
37,1,sweater,68,georgia,2,green,3.3,0,0,0,16,4,True,False,False,False,False,False,True,False,False,False,False,False,False,True,False,False,medium,35-44,neutral
54,1,sunglasses,95,maryland,1,red,5.0,0,0,0,40,1,False,False,False,False,False,True,True,False,False,False,False,False,False,True,False,False,high,45-54,positive
50,1,hat,22,connecticut,2,beige,2.9,0,0,0,45,4,False,False,False,True,False,False,False,False,False,False,False,False,False,False,True,False,low,45-54,negative
46,1,gloves,88,washington,1,green,2.5,0,0,0,50,4,False,False,False,False,False,False,False,False,True,False,False,False,False,False,False,True,high,45-54,negative
60,1,socks,83,california,1,orange,4.7,0,0,0,1,4,True,False,False,False,True,False,False,False,False,True,False,False,False,False,False,False,high,55-64,positive
40,1,handbag,87,montana,2,cyan,2.9,0,0,0,10,4,False,False,False,True,False,False,False,False,False,False,False,True,False,False,False,False,high,35-44,negative
64,1,coat,57,idaho,1,violet,3.7,0,0,0,48,4,False,False,True,False,True,False,False,False,False,False,True,False,True,False,False,False,medium,55-64,neutral
18,1,coat,88,pennsylvania,3,lavender,4.4,0,0,0,38,12,False,False,True,False,True,False,False,False,False,False,False,False,True,False,False,False,high,18-24,positive
37,1,pants,20,maine,2,turquoise,2.9,0,0,0,21,1,True,False,False,False,False,True,False,False,True,False,False,False,False,True,False,False,low,35-44,negative
36,1,belt,39,montana,2,pink,3.6,0,0,0,38,12,False,False,False,False,True,False,False,False,False,False,True,False,False,False,False,True,low,35-44,neutral
51,1,sunglasses,71,new jersey,0,beige,4.8,0,0,0,31,26,False,False,False,True,False,False,False,False,False,False,False,False,True,False,False,False,medium,45-54,positive
26,1,hoodie,73,louisiana,2,silver,4.7,0,0,0,9,26,True,False,False,False,False,True,False,True,False,False,False,False,False,True,False,False,medium,25-34,positive
68,1,handbag,63,maine,1,gold,2.6,0,0,0,47,52,False,False,False,False,True,False,False,True,False,False,False,True,False,False,False,False,medium,65+,negative
27,1,gloves,78,florida,2,silver,3.4,0,0,0,8,26,False,False,False,False,False,True,False,False,False,True,False,True,False,False,False,False,high,25-34,neutral
28,1,skirt,96,missouri,2,green,3.5,0,0,0,30,1,True,False,False,False,False,False,False,False,True,False,False,False,False,True,False,False,high,25-34,neutral
49,1,sunglasses,81,north dakota,1,teal,3.4,0,0,0,22,4,False,False,False,False,False,True,False,False,False,False,False,False,False,False,False,False,high,45-54,neutral
70,1,dress,95,connecticut,0,gold,5.0,0,0,0,3,4,True,False,False,False,False,False,False,False,False,False,False,False,False,False,False,False,high,65+,positive
30,1,gloves,68,virginia,1,cyan,4.6,0,0,0,15,12,False,False,False,True,False,False,False,False,False,True,False,False,False,False,True,False,medium,25-34,positive
27,1,sneakers,28,montana,2,gold,4.8,0,0,0,10,4,False,True,False,True,False,False,False,False,False,False,False,False,False,False,False,False,low,25-34,positive
19,1,t-shirt,30,vermont,2,violet,3.7,0,0,0,19,4,True,False,False,False,True,False,False,True,False,False,False,True,False,False,False,False,low,18-24,neutral
64,1,dress,31,georgia,1,black,4.7,0,0,0,36,26,True,False,False,False,True,False,False,False,True,False,False,False,False,False,False,False,low,55-64,positive
42,1,handbag,95,virginia,3,brown,4.4,0,0,0,12,4,False,False,False,False,False,True,True,False,False,False,False,False,False,False,False,False,high,35-44,positive
69,1,socks,79,vermont,1,indigo,3.5,0,0,0,49,4,True,False,False,False,False,True,False,False,False,False,False,False,False,True,False,False,high,65+,neutral
28,1,sneakers,39,montana,2,yellow,3.8,0,0,0,7,1,False,True,False,False,False,True,False,False,False,True,False,False,False,True,False,False,low,25-34,neutral
47,1,jacket,34,new jersey,1,purple,4.7,0,0,0,28,12,False,False,True,False,True,False,False,False,True,False,False,False,False,False,False,False,low,45-54,positive
69,1,hoodie,28,wyoming,2,white,3.1,0,0,0,30,1,True,False,False,True,False,False,False,False,False,False,True,False,True,False,False,False,low,65+,neutral
56,1,sandals,38,maine,3,turquoise,5.0,0,0,0,29,12,False,True,False,False,False,True,False,True,False,False,False,False,False,False,True,False,low,55-64,positive
28,1,shoes,55,new mexico,1,olive,3.7,0,0,0,9,4,False,True,False,True,False,False,False,True,False,False,False,False,False,True,False,False,medium,25-34,neutral
50,1,sandals,31,colorado,1,beige,3.0,0,0,0,27,26,False,True,False,False,False,True,False,False,True,False,False,False,False,True,False,False,low,45-54,neutral
39,1,coat,84,connecticut,0,lavender,4.5,0,0,0,21,26,False,False,True,True,False,False,False,False,False,False,True,False,False,False,False,True,high,35-44,positive
35,1,gloves,93,maryland,2,white,4.7,0,0,0,36,12,False,False,False,False,False,True,True,False,False,False,False,False,True,False,False,False,high,35-44,positive
59,1,coat,28,oregon,2,brown,3.5,0,0,0,19,1,False,False,True,False,False,True,False,True,False,False,False,False,False,True,False,False,low,55-64,neutral
44,1,boots,55,new york,1,charcoal,4.4,0,0,0,47,52,False,True,False,False,True,False,False,False,False,False,False,True,False,False,False,False,medium,35-44,positive
66,1,skirt,63,oklahoma,2,maroon,2.6,0,0,0,38,1,True,False,False,False,False,True,False,False,False,True,False,False,False,False,False,False,medium,65+,negative
20,1,skirt,94,alabama,1,red,4.2,0,0,0,22,26,True,False,False,False,False,True,False,False,False,False,False,False,False,False,False,True,high,18-24,positive
45,1,pants,36,north dakota,1,maroon,2.6,0,0,0,29,26,True,False,False,False,False,False,True,False,False,False,False,False,False,False,False,True,low,45-54,negative
49,1,hat,97,nebraska,0,teal,4.8,0,0,0,42,1,False,False,False,True,False,False,False,True,False,False,False,False,False,False,False,False,high,45-54,positive
60,1,backpack,63,arizona,2,orange,2.9,0,0,0,47,4,False,False,False,False,True,False,False,False,False,False,True,False,False,False,True,False,medium,55-64,negative
61,1,scarf,77,illinois,0,olive,4.3,0,0,0,10,26,False,False,False,True,False,False,False,False,False,False,False,False,True,False,False,False,high,55-64,positive
36,1,scarf,53,south carolina,3,olive,2.6,0,0,0,10,12,False,False,False,False,False,False,False,False,False,False,True,False,False,False,False,True,medium,35-44,negative
33,1,shirt,77,kansas,1,beige,3.8,0,0,0,1,4,True,False,False,True,False,False,False,False,True,False,False,False,False,False,True,False,high,25-34,neutral
49,1,boots,79,kansas,2,green,4.2,0,0,0,7,12,False,True,False,False,True,False,False,False,False,True,False,False,True,False,False,False,high,45-54,positive
31,1,coat,37,idaho,1,black,3.9,0,0,0,10,26,False,False,True,False,True,False,False,False,False,False,True,False,False,False,False,True,low,25-34,neutral
19,1,belt,94,california,1,green,3.1,0,0,0,11,52,False,False,False,False,False,True,False,True,False,False,False,False,True,False,False,False,high,18-24,neutral
39,1,boots,76,north dakota,0,violet,3.6,0,0,0,5,1,False,True,False,False,False,False,False,False,False,False,True,True,False,False,False,False,high,35-44,neutral
66,1,sneakers,68,georgia,0,silver,4.0,0,0,0,21,4,False,True,False,False,False,False,True,False,False,False,False,False,False,False,True,False,medium,65+,positive
25,1,shirt,65,illinois,2,maroon,3.4,0,0,0,24,4,True,False,False,True,False,False,False,False,True,False,False,False,False,False,False,False,medium,25-34,neutral
63,1,blouse,24,delaware,1,cyan,2.6,0,0,0,37,26,True,False,False,False,True,False,False,False,False,True,False,False,True,False,False,False,low,55-64,negative
56,1,jacket,31,connecticut,2,teal,4.5,0,0,0,22,4,False,False,True,False,True,False,True,False,False,False,False,False,False,False,False,True,low,55-64,positive
20,1,skirt,89,tennessee,1,olive,4.9,0,0,0,16,26,True,False,False,False,False,False,False,False,False,True,False,False,False,True,False,False,high,18-24,positive
58,1,socks,49,maryland,1,red,4.4,0,0,0,44,12,True,False,False,False,True,False,False,False,False,False,False,False,False,False,True,False,medium,55-64,positive
34,1,sandals,92,rhode island,3,lavender,3.5,0,0,0,14,26,False,True,False,False,False,False,True,False,False,False,False,False,False,False,False,True,high,25-34,neutral
28,1,t-shirt,32,new york,0,orange,3.3,0,0,0,23,4,True,False,False,False,False,True,True,False,False,False,False,False,False,False,False,False,low,25-34,neutral
22,1,jacket,67,new mexico,2,brown,3.1,0,0,0,46,26,False,False,True,False,False,True,False,False,False,True,False,False,False,True,False,False,medium,18-24,neutral
37,1,belt,64,california,0,gray,4.2,0,0,0,46,4,False,False,False,False,False,False,True,False,False,False,False,True,False,False,False,False,medium,35-44,positive
54,1,shoes,84,maine,1,orange,4.9,0,0,0,16,4,False,True,False,True,False,False,False,False,True,False,False,False,False,False,True,False,high,45-54,positive
65,1,blouse,34,new york,1,orange,3.9,0,0,0,40,4,True,False,False,False,False,False,False,False,False,True,False,False,True,False,False,False,low,65+,neutral
57,1,shoes,26,hawaii,1,turquoise,4.2,0,0,0,21,1,False,True,False,False,False,True,False,True,False,False,False,True,False,False,False,False,low,55-64,positive
38,1,sweater,50,new hampshire,0,cyan,4.9,0,0,0,25,26,True,False,False,False,False,False,False,False,False,False,True,False,False,False,True,False,medium,35-44,positive
70,1,boots,46,nebraska,1,yellow,2.8,0,0,0,25,4,False,True,False,False,False,False,False,False,False,False,True,False,False,False,False,False,medium,65+,negative
56,1,handbag,71,montana,1,white,4.1,0,0,0,25,4,False,False,False,False,False,False,False,False,False,True,False,False,False,True,False,False,medium,55-64,positive
56,1,blouse,78,wisconsin,1,blue,4.8,0,0,0,27,12,True,False,False,False,True,False,False,False,True,False,False,False,False,False,False,True,high,55-64,positive
22,1,skirt,35,tennessee,0,purple,4.1,0,0,0,12,12,True,False,False,False,False,True,False,False,True,False,False,True,False,False,False,False,low,18-24,positive
57,1,backpack,58,montana,1,gray,3.0,0,0,0,27,4,False,False,False,False,True,False,False,True,False,False,False,False,False,True,False,False,medium,55-64,neutral
53,1,shirt,67,michigan,2,cyan,4.2,0,0,0,40,26,True,False,False,False,False,False,False,False,False,False,False,False,True,False,False,False,medium,45-54,positive
53,1,sweater,93,texas,2,pink,3.8,0,0,0,38,4,True,False,False,True,False,False,False,False,False,True,False,False,True,False,False,False,high,45-54,neutral
19,1,scarf,81,pennsylvania,0,gold,3.3,0,0,0,44,4,False,False,False,True,False,False,False,False,False,False,False,False,False,False,False,False,high,18-24,neutral
49,1,handbag,80,new york,2,silver,4.7,0,0,0,27,4,False,False,False,False,False,False,False,False,False,False,False,False,False,False,False,True,high,45-54,positive
44,1,scarf,64,alabama,1,gray,4.3,0,0,0,30,4,False,False,False,True,False,False,False,False,False,False,False,False,True,False,False,False,medium,35-44,positive
27,1,jeans,41,virginia,1,brown,2.7,0,0,0,24,12,True,False,False,False,False,False,False,False,False,True,False,False,True,False,False,False,low,25-34,negative
60,1,socks,79,pennsylvania,3,pink,4.2,0,0,0,38,26,True,False,False,False,False,True,True,False,False,False,False,True,False,False,False,False,high,55-64,positive
62,1,sunglasses,60,mississippi,2,maroon,4.2,0,0,0,4,4,False,False,False,False,False,True,False,True,False,False,False,False,False,False,True,False,medium,55-64,positive
52,1,sneakers,91,wyoming,0,peach,2.5,0,0,0,32,12,False,True,False,False,False,True,False,False,True,False,False,False,False,False,False,True,high,45-54,negative
30,1,shoes,66,new mexico,2,brown,3.6,0,0,0,32,26,False,True,False,False,False,True,True,False,False,False,False,False,True,False,False,False,medium,25-34,neutral
66,1,socks,85,north dakota,2,green,3.4,0,0,0,28,26,True,False,False,False,False,True,False,False,False,True,False,False,False,False,False,False,high,65+,neutral
29,1,sunglasses,38,new jersey,1,lavender,3.3,0,0,0,6,4,False,False,False,False,True,False,False,False,False,True,False,False,False,True,False,False,low,25-34,neutral
24,1,sweater,23,vermont,1,cyan,4.6,0,0,0,24,12,True,False,False,False,False,True,False,False,False,True,False,False,False,False,True,False,low,18-24,positive
51,1,shoes,71,alaska,1,black,3.9,0,0,0,38,52,False,True,False,True,False,False,False,False,False,False,True,False,False,False,False,True,medium,45-54,neutral
67,1,socks,25,indiana,1,charcoal,3.7,0,0,0,28,1,True,False,False,False,False,True,False,False,True,False,False,False,False,True,False,False,low,65+,neutral
50,1,boots,39,alabama,3,silver,3.1,0,0,0,9,26,False,True,False,True,False,False,True,False,False,False,False,False,False,False,True,False,low,45-54,neutral
37,1,hoodie,20,michigan,1,gray,4.9,0,0,0,21,4,True,False,False,True,False,False,True,False,False,False,False,False,False,True,False,False,low,35-44,positive
69,1,gloves,73,washington,2,peach,4.7,0,0,0,31,12,False,False,False,False,False,True,False,False,False,True,False,False,False,True,False,False,medium,65+,positive
60,1,backpack,63,virginia,2,peach,2.9,0,0,0,18,4,False,False,False,False,False,False,False,False,True,False,False,False,True,False,False,False,medium,55-64,negative
21,1,gloves,94,tennessee,3,cyan,4.1,0,0,0,5,52,False,False,False,True,False,False,True,False,False,False,False,True,False,False,False,False,high,18-24,positive
44,1,blouse,94,south dakota,2,magenta,4.0,0,0,0,22,1,True,False,False,False,False,False,False,False,True,False,False,True,False,False,False,False,high,35-44,positive
26,1,scarf,71,new hampshire,2,teal,2.7,0,0,0,37,26,False,False,False,False,True,False,False,False,False,False,True,False,False,False,True,False,medium,25-34,negative
40,1,hat,77,south dakota,1,peach,4.0,0,0,0,22,12,False,False,False,True,False,False,False,False,False,False,False,False,False,True,False,False,high,35-44,positive
41,1,scarf,66,pennsylvania,1,black,2.5,0,0,0,36,26,False,False,False,False,False,False,False,False,True,False,False,False,False,False,True,False,medium,35-44,negative
62,1,sandals,23,wisconsin,1,teal,4.5,0,0,0,23,1,False,True,False,False,True,False,False,True,False,False,False,False,False,False,True,False,low,55-64,positive
39,1,sweater,60,california,1,turquoise,3.9,0,0,0,44,52,True,False,False,True,False,False,True,False,False,False,False,False,False,True,False,False,medium,35-44,neutral
53,1,backpack,72,rhode island,2,gold,4.9,0,0,0,25,1,False,False,False,True,False,False,False,False,False,False,False,False,False,False,False,False,medium,45-54,positive
24,1,blouse,35,alabama,2,green,3.3,0,0,0,40,4,True,False,False,False,False,True,False,False,False,False,False,False,False,False,True,False,low,18-24,neutral
41,1,scarf,31,oklahoma,1,brown,3.8,0,0,0,12,52,False,False,False,False,False,False,True,False,False,False,False,False,False,False,True,False,low,35-44,neutral
19,1,socks,33,illinois,2,blue,2.9,0,0,0,14,12,True,False,False,False,True,False,False,False,False,True,False,False,False,False,False,True,low,18-24,negative
36,1,hat,95,tennessee,1,gold,4.0,0,0,0,14,12,False,False,False,False,True,False,False,False,False,False,False,False,False,True,False,False,high,35-44,positive
21,1,dress,68,alabama,1,peach,4.1,0,0,0,10,1,True,False,False,False,False,False,False,False,False,False,True,False,False,True,False,False,medium,18-24,positive
25,1,coat,87,kansas,1,violet,3.1,0,0,0,17,4,False,False,True,True,False,False,False,False,False,False,True,False,False,False,False,False,high,25-34,neutral
65,1,shirt,64,arizona,3,yellow,4.6,0,0,0,24,26,True,False,False,False,False,True,True,False,False,False,False,False,False,True,False,False,medium,65+,positive
42,1,shirt,74,michigan,1,black,4.6,0,0,0,31,4,True,False,False,False,False,True,False,False,True,False,False,False,False,False,False,False,high,35-44,positive
40,1,jeans,62,missouri,2,silver,2.6,0,0,0,36,1,True,False,False,True,False,False,False,False,False,False,False,True,False,False,False,False,medium,35-44,negative
58,1,socks,97,louisiana,1,brown,5.0,0,0,0,38,4,True,False,False,False,False,True,False,False,False,False,False,False,False,False,True,False,high,55-64,positive
40,1,sandals,47,connecticut,2,peach,2.9,0,0,0,23,26,False,True,False,False,False,False,False,False,False,False,False,False,False,True,False,False,medium,35-44,negative
62,1,blouse,83,connecticut,1,cyan,3.5,0,0,0,47,26,True,False,False,False,False,True,False,False,False,False,False,False,False,False,True,False,high,55-64,neutral
38,1,shirt,82,oregon,1,olive,3.7,0,0,0,20,52,True,False,False,True,False,False,False,False,False,False,False,False,False,False,False,True,high,35-44,neutral
37,1,sunglasses,26,west virginia,2,black,2.9,0,0,0,41,12,False,False,False,False,False,False,False,False,False,False,True,False,False,False,False,True,low,35-44,negative
65,1,jacket,81,florida,1,orange,4.3,0,0,0,44,26,False,False,True,False,False,True,False,True,False,False,False,False,False,False,False,False,high,65+,positive
55,1,dress,44,new hampshire,2,beige,3.2,0,0,0,31,12,True,False,False,True,False,False,False,False,False,False,True,True,False,False,False,False,low,55-64,neutral
43,1,sunglasses,88,oregon,1,peach,4.2,0,0,0,11,26,False,False,False,False,False,True,False,False,True,False,False,False,True,False,False,False,high,35-44,positive
43,1,boots,76,oregon,1,pink,4.2,0,0,0,25,26,False,True,False,False,False,True,False,False,False,True,False,False,False,False,True,False,high,35-44,positive
45,1,scarf,89,utah,1,brown,3.8,0,0,0,31,52,False,False,False,False,False,True,False,True,False,False,False,True,False,False,False,False,high,45-54,neutral
64,1,shorts,22,missouri,1,magenta,4.4,0,0,0,40,52,True,False,False,False,False,False,False,False,False,True,False,False,False,True,False,False,low,55-64,positive
28,1,shorts,33,west virginia,2,cyan,3.1,0,0,0,23,26,True,False,False,False,False,True,False,False,False,False,False,False,True,False,False,False,low,25-34,neutral
69,1,jeans,97,california,3,silver,5.0,0,0,0,5,4,True,False,False,False,False,False,False,False,False,True,False,False,False,True,False,False,high,65+,positive
54,1,scarf,57,california,1,indigo,4.7,0,0,0,26,52,False,False,False,False,False,True,False,False,False,True,False,False,False,False,True,False,medium,45-54,positive
52,1,shorts,38,illinois,1,beige,3.0,0,0,0,11,26,True,False,False,False,True,False,True,False,False,False,False,False,True,False,False,False,low,45-54,neutral
23,1,sneakers,55,hawaii,3,black,4.2,0,0,0,44,4,False,True,False,False,False,False,False,False,True,False,False,False,False,True,False,False,medium,18-24,positive
26,1,jewelry,37,washington,2,yellow,3.0,0,0,0,47,4,False,False,False,True,False,False,False,False,False,False,True,True,False,False,False,False,low,25-34,neutral
48,1,shoes,43,wisconsin,1,maroon,3.7,0,0,0,46,12,False,True,False,False,True,False,False,True,False,False,False,False,False,False,True,False,low,45-54,neutral
49,1,hoodie,96,virginia,1,cyan,2.7,0,0,0,35,4,True,False,False,False,True,False,False,True,False,False,False,True,False,False,False,False,high,45-54,negative
53,1,jacket,51,oregon,1,pink,4.3,0,0,0,8,26,False,False,True,False,False,True,False,False,False,False,False,False,False,False,False,False,medium,45-54,positive
69,1,shorts,95,pennsylvania,3,violet,2.7,0,0,0,30,52,True,False,False,False,False,False,False,False,False,False,False,False,False,False,False,False,high,65+,negative
26,1,socks,26,virginia,1,lavender,3.7,0,0,0,14,26,True,False,False,False,True,False,False,False,True,False,False,False,True,False,False,False,low,25-34,neutral
21,1,coat,34,hawaii,3,lavender,4.3,0,0,0,30,52,False,False,True,False,False,False,False,False,False,True,False,False,False,False,False,False,low,18-24,positive
59,1,sandals,83,nebraska,0,black,4.0,0,0,0,26,4,False,True,False,False,True,False,False,False,True,False,False,False,True,False,False,False,high,55-64,positive
21,1,backpack,24,alaska,1,olive,3.3,0,0,0,32,26,False,False,False,False,False,False,False,False,False,True,False,False,False,False,False,True,low,18-24,neutral
22,1,pants,69,michigan,0,indigo,4.0,0,0,0,47,4,True,False,False,False,False,False,False,False,True,False,False,True,False,False,False,False,medium,18-24,positive
26,1,sweater,40,north carolina,1,blue,2.7,0,0,0,11,4,True,False,False,False,False,False,False,False,True,False,False,False,True,False,False,False,low,25-34,negative
41,1,jacket,87,north carolina,0,green,4.2,0,0,0,28,1,False,False,True,False,False,True,False,True,False,False,False,False,False,False,True,False,high,35-44,positive
37,1,sneakers,46,minnesota,2,pink,4.6,0,0,0,2,4,False,True,False,True,False,False,False,False,False,True,False,False,False,True,False,False,medium,35-44,positive
30,1,jewelry,82,georgia,1,peach,4.8,0,0,0,45,52,False,False,False,False,False,True,False,False,False,False,True,False,True,False,False,False,high,25-34,positive
49,1,backpack,81,west virginia,1,purple,2.8,0,0,0,7,4,False,False,False,False,True,False,False,True,False,False,False,False,True,False,False,False,high,45-54,negative
49,1,jewelry,57,delaware,1,peach,4.5,0,0,0,28,26,False,False,False,False,False,True,False,False,True,False,False,False,False,False,False,False,medium,45-54,positive
58,1,shoes,49,north dakota,0,olive,3.0,0,0,0,34,4,False,True,False,False,True,False,False,False,False,False,False,False,False,False,False,False,medium,55-64,neutral
70,1,jacket,42,florida,1,olive,4.6,0,0,0,26,4,False,False,True,False,False,False,False,True,False,False,False,False,False,True,False,False,low,65+,positive
27,1,jacket,26,oregon,1,purple,3.3,0,0,0,45,4,False,False,True,True,False,False,False,False,False,True,False,True,False,False,False,False,low,25-34,neutral
65,1,t-shirt,38,idaho,1,violet,4.4,0,0,0,34,1,True,False,False,True,False,False,False,False,True,False,False,False,False,True,False,False,low,65+,positive
57,1,sneakers,57,virginia,3,maroon,4.4,0,0,0,47,26,False,True,False,False,True,False,False,False,False,True,False,False,True,False,False,False,medium,55-64,positive
20,1,jacket,100,north dakota,3,white,4.3,0,0,0,42,4,False,False,True,False,True,False,True,False,False,False,False,True,False,False,False,False,high,18-24,positive
34,1,hoodie,73,alabama,0,olive,3.4,0,0,0,27,4,True,False,False,False,False,False,True,False,False,False,False,False,False,False,False,False,medium,25-34,neutral
59,1,jacket,66,hawaii,1,peach,2.8,0,0,0,43,12,False,False,True,False,False,True,False,False,False,False,True,False,False,False,False,True,medium,55-64,negative
54,1,t-shirt,73,oregon,1,blue,3.4,0,0,0,16,26,True,False,False,True,False,False,False,False,False,True,False,True,False,False,False,False,medium,45-54,neutral
36,1,gloves,45,utah,1,brown,5.0,0,0,0,40,12,False,False,False,True,False,False,False,False,False,False,True,False,True,False,False,False,low,35-44,positive
21,1,sneakers,27,hawaii,0,black,4.5,0,0,0,29,26,False,True,False,False,False,False,False,True,False,False,False,True,False,False,False,False,low,18-24,positive
52,1,t-shirt,24,connecticut,1,yellow,2.7,0,0,0,38,4,True,False,False,False,False,False,False,False,False,False,True,False,True,False,False,False,low,45-54,negative
43,1,sneakers,59,wyoming,3,magenta,3.4,0,0,0,34,52,False,True,False,False,False,True,False,False,False,False,True,False,True,False,False,False,medium,35-44,neutral
32,1,jeans,20,delaware,0,cyan,3.4,0,0,0,30,52,True,False,False,False,False,True,True,False,False,False,False,False,False,False,False,True,low,25-34,neutral
55,1,handbag,44,arkansas,1,maroon,2.8,0,0,0,45,1,False,False,False,False,True,False,False,False,False,True,False,False,False,False,False,False,low,55-64,negative
31,1,socks,90,indiana,1,red,4.7,0,0,0,47,1,True,False,False,True,False,False,False,False,False,True,False,False,False,False,False,False,high,25-34,positive
45,1,jewelry,36,california,1,black,4.7,0,0,0,5,12,False,False,False,False,False,False,False,True,False,False,False,False,True,False,False,False,low,45-54,positive
53,1,blouse,95,wyoming,2,violet,4.7,0,0,0,50,26,True,False,False,False,False,True,False,True,False,False,False,False,False,True,False,False,high,45-54,positive
24,1,backpack,30,south dakota,1,green,3.4,0,0,0,24,26,False,False,False,True,False,False,False,False,False,False,False,False,False,False,False,False,low,18-24,neutral
47,1,scarf,65,west virginia,0,gold,3.7,0,0,0,15,26,False,False,False,False,False,False,True,False,False,False,False,False,False,True,False,False,medium,45-54,neutral
63,1,scarf,96,tennessee,1,brown,4.1,0,0,0,50,52,False,False,False,False,True,False,False,False,False,False,True,True,False,False,False,False,high,55-64,positive
38,1,shirt,65,alaska,2,peach,2.9,0,0,0,7,12,True,False,False,True,False,False,False,False,False,False,False,False,True,False,False,False,medium,35-44,negative
59,1,pants,47,south dakota,2,peach,3.2,0,0,0,10,26,True,False,False,False,False,False,False,False,False,False,True,False,False,False,False,True,medium,55-64,neutral
54,1,hat,25,tennessee,0,violet,3.0,0,0,0,38,26,False,False,False,False,False,False,False,True,False,False,False,False,False,False,True,False,low,45-54,neutral
26,1,coat,56,alabama,0,violet,4.1,0,0,0,31,26,False,False,True,False,False,False,True,False,False,False,False,False,False,False,False,True,medium,25-34,positive
68,1,t-shirt,76,north carolina,1,magenta,4.5,0,0,0,7,4,True,False,False,False,False,False,False,False,False,True,False,False,False,False,False,True,high,65+,positive
41,1,socks,60,oklahoma,1,purple,3.4,0,0,0,27,12,True,False,False,False,False,False,False,False,False,False,True,False,False,False,False,True,medium,35-44,neutral
68,1,shirt,67,new york,2,purple,4.1,0,0,0,45,4,True,False,False,False,False,True,True,False,False,False,False,False,False,False,False,False,medium,65+,positive
21,1,sweater,95,iowa,3,cyan,4.6,0,0,0,13,1,True,False,False,True,False,False,False,False,False,False,True,True,False,False,False,False,high,18-24,positive
32,1,gloves,72,alaska,1,magenta,4.6,0,0,0,33,1,False,False,False,False,False,True,True,False,False,False,False,False,False,False,False,True,medium,25-34,positive
20,1,belt,98,alaska,2,lavender,3.4,0,0,0,25,4,False,False,False,True,False,False,True,False,False,False,False,True,False,False,False,False,high,18-24,neutral
59,1,jeans,83,nebraska,1,green,3.3,0,0,0,5,12,True,False,False,False,False,True,False,False,False,False,False,False,False,False,True,False,high,55-64,neutral
53,1,handbag,37,delaware,1,maroon,3.6,0,0,0,23,4,False,False,False,False,False,False,False,False,False,False,False,True,False,False,False,False,low,45-54,neutral
66,1,t-shirt,85,texas,2,turquoise,4.6,0,0,0,17,52,True,False,False,False,False,False,False,True,False,False,False,False,False,False,False,False,high,65+,positive
47,1,socks,36,missouri,2,violet,4.3,0,0,0,14,52,True,False,False,False,False,False,False,False,False,False,False,True,False,False,False,False,low,45-54,positive
58,1,jeans,36,maine,0,lavender,4.0,0,0,0,28,1,True,False,False,False,False,True,False,False,False,False,True,False,True,False,False,False,low,55-64,positive
28,1,scarf,86,pennsylvania,2,red,4.8,0,0,0,19,52,False,False,False,False,True,False,False,False,True,False,False,False,True,False,False,False,high,25-34,positive
68,1,pants,99,missouri,3,orange,4.3,0,0,0,31,26,True,False,False,True,False,False,False,False,False,True,False,False,False,False,False,False,high,65+,positive
60,1,blouse,21,mississippi,3,indigo,3.3,0,0,0,25,26,True,False,False,False,True,False,False,False,False,True,False,True,False,False,False,False,low,55-64,neutral
47,1,jacket,84,hawaii,2,teal,2.8,0,0,0,4,26,False,False,True,False,False,True,True,False,False,False,False,True,False,False,False,False,high,45-54,negative
18,1,sandals,63,texas,1,brown,4.4,0,0,0,20,52,False,True,False,True,False,False,False,True,False,False,False,False,False,False,False,False,medium,18-24,positive
32,1,shorts,84,south dakota,0,pink,3.7,0,0,0,37,1,True,False,False,False,True,False,True,False,False,False,False,True,False,False,False,False,high,25-34,neutral
27,1,shorts,72,new jersey,1,lavender,3.6,0,0,0,28,1,True,False,False,True,False,False,True,False,False,False,False,False,True,False,False,False,medium,25-34,neutral
65,1,skirt,21,connecticut,2,cyan,3.7,0,0,0,6,52,True,False,False,False,False,True,False,False,False,False,False,False,False,False,False,True,low,65+,neutral
68,1,sandals,92,maryland,1,yellow,5.0,0,0,0,27,1,False,True,False,False,False,False,False,False,False,True,False,False,False,False,True,False,high,65+,positive
55,1,blouse,72,arizona,3,pink,2.7,0,0,0,29,26,True,False,False,False,False,False,False,False,True,False,False,False,True,False,False,False,medium,55-64,negative
30,1,sandals,83,oklahoma,1,gray,4.3,0,0,0,1,1,False,True,False,True,False,False,False,False,False,False,True,True,False,False,False,False,high,25-34,positive
24,1,shirt,73,utah,1,peach,4.1,0,0,0,31,1,True,False,False,False,True,False,False,False,False,True,False,False,True,False,False,False,medium,18-24,positive
57,1,socks,98,arkansas,1,red,2.6,0,0,0,28,4,True,False,False,False,False,True,False,False,True,False,False,True,False,False,False,False,high,55-64,negative
23,1,t-shirt,76,north carolina,1,olive,3.2,0,0,0,19,4,True,False,False,False,False,False,False,False,False,False,True,False,False,False,False,False,high,18-24,neutral
69,1,dress,43,california,0,lavender,3.5,0,0,0,36,12,True,False,False,False,True,False,False,False,True,False,False,False,False,False,False,True,low,65+,neutral
60,1,hat,60,colorado,1,turquoise,3.7,0,0,0,28,12,False,False,False,False,True,False,False,False,True,False,False,True,False,False,False,False,medium,55-64,neutral
25,1,gloves,40,california,2,turquoise,3.8,0,0,0,29,52,False,False,False,True,False,False,False,False,False,False,False,False,False,False,True,False,low,25-34,neutral
18,1,socks,93,vermont,0,maroon,4.8,0,0,0,9,4,True,False,False,False,False,True,False,False,False,False,False,False,False,False,False,False,high,18-24,positive
37,1,dress,98,kansas,0,olive,4.2,0,0,0,26,4,True,False,False,False,False,False,False,False,False,True,False,False,True,False,False,False,high,35-44,positive
61,1,socks,91,ohio,3,maroon,2.9,0,0,0,7,26,True,False,False,False,True,False,False,False,True,False,False,False,True,False,False,False,high,55-64,negative
41,1,belt,92,new jersey,3,cyan,2.9,0,0,0,35,52,False,False,False,False,False,False,False,True,False,False,False,False,False,True,False,False,high,35-44,negative
69,1,handbag,87,arizona,0,peach,4.8,0,0,0,46,4,False,False,False,False,False,True,False,False,True,False,False,False,True,False,False,False,high,65+,positive
32,1,skirt,96,arizona,0,teal,2.9,0,0,0,8,12,True,False,False,False,False,False,False,False,False,True,False,False,False,True,False,False,high,25-34,negative
60,1,hoodie,97,new hampshire,1,green,4.8,0,0,0,50,4,True,False,False,False,True,False,False,False,False,False,False,True,False,False,False,False,high,55-64,positive
43,1,blouse,55,louisiana,1,beige,4.6,0,0,0,37,1,True,False,False,True,False,False,False,False,False,False,False,False,False,False,False,False,medium,35-44,positive
61,1,jeans,58,texas,2,magenta,4.4,0,0,0,6,26,True,False,False,True,False,False,False,False,False,False,True,False,True,False,False,False,medium,55-64,positive
57,1,boots,21,montana,2,violet,3.0,0,0,0,16,26,False,True,False,True,False,False,False,False,True,False,False,False,False,False,True,False,low,55-64,neutral
56,1,handbag,82,new hampshire,3,charcoal,4.4,0,0,0,30,12,False,False,False,False,True,False,True,False,False,False,False,False,False,False,True,False,high,55-64,positive
66,1,coat,34,south dakota,1,green,3.9,0,0,0,50,4,False,False,True,False,False,True,True,False,False,False,False,False,False,False,False,True,low,65+,neutral
52,1,blouse,78,montana,1,gray,4.0,0,0,0,5,4,True,False,False,True,False,False,False,True,False,False,False,True,False,False,False,False,high,45-54,positive
63,1,handbag,47,north carolina,1,magenta,2.5,0,0,0,15,12,False,False,False,True,False,False,True,False,False,False,False,False,False,False,False,False,medium,55-64,negative
50,1,sunglasses,96,south dakota,0,silver,4.1,0,0,0,34,26,False,False,False,False,True,False,False,False,True,False,False,False,False,False,False,False,high,45-54,positive
21,1,socks,23,maine,0,beige,4.8,0,0,0,6,4,True,False,False,False,False,False,False,False,False,False,False,False,False,False,False,True,low,18-24,positive
42,1,shoes,27,oklahoma,0,peach,2.6,0,0,0,26,1,False,True,False,False,False,True,False,False,False,False,True,False,False,True,False,False,low,35-44,negative
40,1,backpack,37,nebraska,3,orange,3.1,0,0,0,34,4,False,False,False,True,False,False,False,True,False,False,False,False,True,False,False,False,low,35-44,neutral
67,1,scarf,79,illinois,0,yellow,3.2,0,0,0,37,52,False,False,False,False,True,False,False,False,False,False,True,False,True,False,False,False,high,65+,neutral
35,1,backpack,40,colorado,1,violet,4.2,0,0,0,28,1,False,False,False,False,True,False,False,False,False,True,False,False,False,False,False,False,low,35-44,positive
18,1,coat,39,massachusetts,0,green,2.6,0,0,0,38,26,False,False,True,False,False,False,False,False,True,False,False,True,False,False,False,False,low,18-24,negative
52,1,hoodie,73,louisiana,2,pink,3.1,0,0,0,2,4,True,False,False,False,True,False,False,False,True,False,False,True,False,False,False,False,medium,45-54,neutral
59,1,gloves,84,massachusetts,1,violet,2.9,0,0,0,32,26,False,False,False,False,False,False,False,False,False,False,True,True,False,False,False,False,high,55-64,negative
49,1,shorts,94,west virginia,1,violet,4.6,0,0,0,30,26,True,False,False,False,False,False,False,True,False,False,False,False,False,False,False,True,high,45-54,positive
46,1,skirt,47,idaho,2,pink,4.1,0,0,0,17,4,True,False,False,True,False,False,False,False,False,True,False,False,False,False,True,False,medium,45-54,positive
69,1,boots,77,ohio,1,violet,2.5,0,0,0,5,26,False,True,False,False,True,False,False,False,False,False,True,False,False,True,False,False,high,65+,negative
56,1,shorts,94,rhode island,1,turquoise,4.0,0,0,0,31,26,True,False,False,False,False,True,False,False,False,False,True,True,False,False,False,False,high,55-64,positive
27,1,handbag,75,illinois,1,cyan,3.5,0,0,0,43,4,False,False,False,False,True,False,True,False,False,False,False,False,False,False,True,False,high,25-34,neutral
57,1,dress,82,new york,3,orange,4.4,0,0,0,19,1,True,False,False,True,False,False,False,True,False,False,False,False,False,False,False,True,high,55-64,positive
58,1,shoes,36,louisiana,1,cyan,2.9,0,0,0,32,4,False,True,False,False,False,False,False,False,False,False,True,False,True,False,False,False,low,55-64,negative
23,1,sneakers,90,california,3,indigo,3.1,0,0,0,5,26,False,True,False,True,False,False,False,False,False,False,False,False,False,True,False,False,high,18-24,neutral
19,1,socks,48,washington,1,black,4.4,0,0,0,9,4,True,False,False,True,False,False,False,True,False,False,False,False,False,False,False,False,medium,18-24,positive
40,1,jacket,42,south dakota,2,purple,4.4,0,0,0,48,52,False,False,True,False,False,True,False,False,False,True,False,False,True,False,False,False,low,35-44,positive
54,1,backpack,33,idaho,1,cyan,2.7,0,0,0,1,4,False,False,False,False,True,False,False,False,False,False,True,False,False,False,True,False,low,45-54,negative
50,1,socks,63,north dakota,1,green,4.9,0,0,0,20,12,True,False,False,False,True,False,False,True,False,False,False,False,True,False,False,False,medium,45-54,positive
69,1,handbag,53,washington,2,teal,3.5,0,0,0,42,1,False,False,False,False,False,True,False,False,False,False,False,True,False,False,False,False,medium,65+,neutral
42,1,hat,37,alaska,2,teal,4.8,0,0,0,45,26,False,False,False,True,False,False,False,True,False,False,False,False,False,False,True,False,low,35-44,positive
37,1,blouse,92,kansas,1,magenta,4.2,0,0,0,41,12,True,False,False,False,True,False,False,False,False,False,False,True,False,False,False,False,high,35-44,positive
46,1,shorts,73,utah,3,brown,4.6,0,0,0,36,4,True,False,False,True,False,False,False,False,False,True,False,False,False,True,False,False,medium,45-54,positive
64,1,shirt,38,wyoming,2,orange,2.9,0,0,0,10,1,True,False,False,True,False,False,False,False,False,True,False,False,False,False,False,True,low,55-64,negative
20,1,boots,51,maine,3,blue,4.0,0,0,0,31,1,False,True,False,False,False,False,False,False,False,False,True,False,False,False,False,True,medium,18-24,positive
40,1,jacket,90,michigan,2,magenta,4.9,0,0,0,21,4,False,False,True,True,False,False,False,False,False,True,False,False,True,False,False,False,high,35-44,positive
64,1,jacket,56,illinois,2,magenta,3.1,0,0,0,16,4,False,False,True,False,True,False,False,False,True,False,False,True,False,False,False,False,medium,55-64,neutral
29,1,handbag,33,minnesota,1,magenta,4.4,0,0,0,18,4,False,False,False,False,False,False,False,False,False,True,False,False,False,False,True,False,low,25-34,positive
20,1,belt,53,massachusetts,0,olive,2.5,0,0,0,20,52,False,False,False,False,False,True,False,False,False,False,False,False,False,True,False,False,medium,18-24,negative
43,1,handbag,24,new jersey,0,cyan,3.4,0,0,0,21,1,False,False,False,True,False,False,True,False,False,False,False,False,False,False,False,False,low,35-44,neutral
60,1,coat,59,kansas,1,purple,3.7,0,0,0,23,4,False,False,True,True,False,False,True,False,False,False,False,False,True,False,False,False,medium,55-64,neutral
39,1,sweater,72,kentucky,1,purple,4.2,0,0,0,20,52,True,False,False,False,False,True,False,False,False,True,False,False,False,False,True,False,medium,35-44,positive
47,1,shorts,28,rhode island,0,peach,3.4,0,0,0,30,26,True,False,False,True,False,False,True,False,False,False,False,False,False,False,True,False,low,45-54,neutral
19,1,pants,36,illinois,1,gold,3.6,0,0,0,33,4,True,False,False,False,False,False,True,False,False,False,False,False,False,False,False,False,low,18-24,neutral
52,1,jewelry,47,alabama,0,peach,4.7,0,0,0,31,12,False,False,False,False,False,False,False,False,False,False,False,False,False,True,False,False,medium,45-54,positive
34,1,gloves,62,tennessee,1,magenta,4.7,0,0,0,48,12,False,False,False,True,False,False,False,False,True,False,False,False,False,False,False,False,medium,25-34,positive
25,1,skirt,98,massachusetts,0,cyan,3.6,0,0,0,28,52,True,False,False,True,False,False,False,True,False,False,False,False,False,True,False,False,high,25-34,neutral
43,1,sandals,28,texas,1,violet,4.6,0,0,0,7,4,False,True,False,False,True,False,False,True,False,False,False,True,False,False,False,False,low,35-44,positive
55,1,socks,86,nebraska,0,charcoal,2.6,0,0,0,4,52,True,False,False,False,True,False,False,False,True,False,False,False,False,True,False,False,high,55-64,negative
66,1,jewelry,46,pennsylvania,0,blue,3.1,0,0,0,49,26,False,False,False,False,True,False,False,False,False,True,False,True,False,False,False,False,medium,65+,neutral
41,1,sunglasses,42,virginia,3,red,3.2,0,0,0,22,52,False,False,False,False,False,False,False,True,False,False,False,True,False,False,False,False,low,35-44,neutral
47,1,coat,80,vermont,0,purple,3.9,0,0,0,39,26,False,False,True,False,False,True,True,False,False,False,False,False,False,False,False,False,high,45-54,neutral
51,1,belt,39,oklahoma,2,gray,4.9,0,0,0,45,4,False,False,False,True,False,False,True,False,False,False,False,False,False,False,True,False,low,45-54,positive
44,1,coat,49,maine,1,purple,4.1,0,0,0,30,26,False,False,True,False,True,False,False,False,False,False,False,False,False,False,True,False,medium,35-44,positive
18,1,scarf,32,new jersey,1,silver,4.2,0,0,0,33,26,False,False,False,False,True,False,False,False,True,False,False,False,True,False,False,False,low,18-24,positive
33,1,sandals,73,massachusetts,1,purple,4.1,0,0,0,24,26,False,True,False,False,False,False,False,False,True,False,False,True,False,False,False,False,medium,25-34,positive
24,1,belt,42,new jersey,1,charcoal,3.9,0,0,0,11,4,False,False,False,False,True,False,False,True,False,False,False,False,False,True,False,False,low,18-24,neutral
33,1,scarf,58,washington,1,silver,2.7,0,0,0,13,4,False,False,False,True,False,False,False,False,True,False,False,False,False,False,False,True,medium,25-34,negative
61,1,jewelry,22,arkansas,1,white,3.7,0,0,0,27,1,False,False,False,False,False,True,True,False,False,False,False,False,False,False,True,False,low,55-64,neutral
27,1,scarf,56,west virginia,2,peach,2.7,0,0,0,30,26,False,False,False,True,False,False,False,False,True,False,False,False,False,False,True,False,medium,25-34,negative
46,1,pants,70,delaware,1,red,2.5,0,0,0,39,4,True,False,False,True,False,False,False,False,True,False,False,False,False,False,False,True,medium,45-54,negative
38,1,shoes,50,texas,2,olive,3.9,0,0,0,10,1,False,True,False,True,False,False,False,True,False,False,False,False,False,True,False,False,medium,35-44,neutral
63,1,boots,21,texas,2,gray,3.0,0,0,0,4,4,False,True,False,False,True,False,True,False,False,False,False,False,True,False,False,False,low,55-64,neutral
47,1,jacket,97,mississippi,1,beige,3.2,0,0,0,16,52,False,False,True,False,True,False,False,False,False,False,False,True,False,False,False,False,high,45-54,neutral
42,1,backpack,63,texas,2,pink,3.8,0,0,0,34,12,False,False,False,False,False,True,False,False,False,True,False,False,True,False,False,False,medium,35-44,neutral
41,1,jacket,60,virginia,1,red,2.7,0,0,0,11,4,False,False,True,False,False,False,False,False,False,True,False,False,False,True,False,False,medium,35-44,negative
53,1,boots,52,new hampshire,3,peach,3.0,0,0,0,30,26,False,True,False,False,False,False,False,False,False,False,True,False,False,True,False,False,medium,45-54,neutral
29,1,shoes,32,minnesota,1,maroon,4.1,0,0,0,40,1,False,True,False,False,False,True,False,False,True,False,False,False,False,True,False,False,low,25-34,positive
61,1,belt,48,maryland,3,purple,3.2,0,0,0,13,1,False,False,False,True,False,False,False,False,False,False,False,False,True,False,False,False,medium,55-64,neutral
69,1,jewelry,25,vermont,1,maroon,4.5,0,0,0,28,4,False,False,False,False,True,False,False,False,False,False,True,False,False,False,False,True,low,65+,positive
51,1,jewelry,68,kansas,1,gray,4.3,0,0,0,49,26,False,False,False,False,True,False,False,False,False,False,True,False,False,True,False,False,medium,45-54,positive
24,1,pants,74,idaho,1,gray,3.5,0,0,0,23,52,True,False,False,False,False,False,False,False,False,True,False,False,True,False,False,False,high,18-24,neutral
24,1,t-shirt,88,montana,3,magenta,3.1,0,0,0,4,4,True,False,False,False,False,False,False,False,False,True,False,False,False,False,False,False,high,18-24,neutral
70,1,shorts,23,oklahoma,2,cyan,3.9,0,0,0,17,26,True,False,False,True,False,False,False,False,False,True,False,False,False,False,True,False,low,65+,neutral
49,1,hoodie,32,california,1,silver,2.7,0,0,0,24,26,True,False,False,False,False,False,True,False,False,False,False,False,False,False,True,False,low,45-54,negative
48,1,belt,71,mississippi,0,green,4.0,0,0,0,21,4,False,False,False,False,False,True,False,True,False,False,False,False,False,True,False,False,medium,45-54,positive
58,1,boots,62,california,1,violet,2.7,0,0,0,17,26,False,True,False,True,False,False,False,False,True,False,False,False,False,True,False,False,medium,55-64,negative
32,1,hoodie,20,new york,2,magenta,2.7,0,0,0,22,4,True,False,False,True,False,False,False,True,False,False,False,False,False,True,False,False,low,25-34,negative
57,1,shorts,62,arizona,3,yellow,4.7,0,0,0,27,26,True,False,False,True,False,False,False,False,False,True,False,True,False,False,False,False,medium,55-64,positive
69,1,backpack,81,massachusetts,3,gray,4.5,0,0,0,1,4,False,False,False,False,False,True,False,False,False,True,False,False,False,False,False,True,high,65+,positive
42,1,scarf,90,kentucky,2,indigo,3.0,0,0,0,27,52,False,False,False,False,False,True,False,False,False,False,False,False,False,False,False,False,high,35-44,neutral
30,1,socks,43,vermont,0,indigo,3.6,0,0,0,8,4,True,False,False,False,False,False,False,False,False,False,True,False,False,False,False,True,low,25-34,neutral
35,1,handbag,38,missouri,0,yellow,3.3,0,0,0,43,4,False,False,False,False,False,False,False,False,False,True,False,False,False,False,True,False,low,35-44,neutral
19,1,sunglasses,25,michigan,3,gold,4.3,0,0,0,24,26,False,False,False,True,False,False,False,False,False,False,True,True,False,False,False,False,low,18-24,positive
52,1,t-shirt,98,texas,3,green,4.3,0,0,0,29,26,True,False,False,False,False,True,True,False,False,False,False,False,False,False,True,False,high,45-54,positive
42,1,dress,75,new york,1,charcoal,4.8,0,0,0,10,26,True,False,False,True,False,False,False,True,False,False,False,False,False,False,False,False,high,35-44,positive
36,1,sneakers,27,new mexico,3,olive,4.0,0,0,0,12,26,False,True,False,True,False,False,False,False,False,False,True,False,False,False,True,False,low,35-44,positive
45,1,sunglasses,27,mississippi,2,black,3.5,0,0,0,48,26,False,False,False,False,False,True,False,False,False,True,False,True,False,False,False,False,low,45-54,neutral
54,1,blouse,42,washington,1,silver,3.9,0,0,0,40,4,True,False,False,False,False,False,False,False,True,False,False,False,False,False,False,False,low,45-54,neutral
54,1,t-shirt,90,new mexico,1,red,4.4,0,0,0,1,1,True,False,False,False,True,False,False,False,False,False,True,False,False,False,False,False,high,45-54,positive
27,1,hat,63,florida,1,brown,4.6,0,0,0,26,26,False,False,False,False,True,False,False,False,False,False,False,False,True,False,False,False,medium,25-34,positive
53,1,shorts,96,minnesota,1,silver,4.0,0,0,0,9,1,True,False,False,False,False,False,True,False,False,False,False,False,False,False,True,False,high,45-54,positive
20,1,hoodie,40,new hampshire,1,silver,4.2,0,0,0,19,4,True,False,False,False,False,True,False,True,False,False,False,False,False,True,False,False,low,18-24,positive
52,1,socks,39,minnesota,2,black,4.5,0,0,0,37,12,True,False,False,False,False,False,False,False,True,False,False,False,False,False,False,False,low,45-54,positive
54,1,sunglasses,48,vermont,1,purple,3.9,0,0,0,3,4,False,False,False,False,False,False,False,True,False,False,False,True,False,False,False,False,medium,45-54,neutral
65,1,blouse,20,minnesota,1,purple,3.7,0,0,0,40,52,True,False,False,False,True,False,True,False,False,False,False,False,False,False,False,True,low,65+,neutral
43,1,jeans,29,massachusetts,0,turquoise,3.6,0,0,0,13,4,True,False,False,False,True,False,False,False,False,False,True,False,False,False,False,False,low,35-44,neutral
57,1,dress,81,wyoming,1,gold,4.7,0,0,0,48,12,True,False,False,False,False,True,True,False,False,False,False,False,True,False,False,False,high,55-64,positive
19,1,dress,98,south dakota,0,indigo,3.6,0,0,0,4,4,True,False,False,False,False,False,False,False,False,False,False,False,False,False,False,True,high,18-24,neutral
69,1,jeans,93,oklahoma,1,lavender,2.5,0,0,0,9,52,True,False,False,False,False,False,False,False,True,False,False,True,False,False,False,False,high,65+,negative
26,1,socks,30,florida,2,blue,2.9,0,0,0,26,26,True,False,False,False,True,False,False,False,False,False,True,False,False,False,False,False,low,25-34,negative
57,1,sunglasses,37,wisconsin,2,maroon,4.4,0,0,0,19,52,False,False,False,False,False,False,False,True,False,False,False,False,False,True,False,False,low,55-64,positive
20,1,coat,28,maine,2,yellow,4.6,0,0,0,1,4,False,False,True,False,False,True,True,False,False,False,False,False,True,False,False,False,low,18-24,positive
55,1,scarf,29,connecticut,1,purple,3.7,0,0,0,29,4,False,False,False,False,False,True,True,False,False,False,False,False,False,False,True,False,low,55-64,neutral
44,1,backpack,49,delaware,1,peach,3.2,0,0,0,38,26,False,False,False,False,True,False,False,True,False,False,False,False,False,False,False,True,medium,35-44,neutral
52,1,pants,53,north dakota,1,silver,4.9,0,0,0,31,1,True,False,False,False,False,True,False,False,False,False,False,False,False,False,True,False,medium,45-54,positive
57,1,gloves,66,california,1,turquoise,5.0,0,0,0,35,1,False,False,False,False,True,False,False,True,False,False,False,False,False,False,False,True,medium,55-64,positive
40,1,jacket,61,new mexico,0,olive,3.3,0,0,0,40,4,False,False,True,True,False,False,True,False,False,False,False,True,False,False,False,False,medium,35-44,neutral
23,1,shorts,23,iowa,3,peach,4.4,0,0,0,13,4,True,False,False,False,True,False,False,False,False,False,True,False,False,False,False,True,low,18-24,positive
36,1,pants,36,colorado,0,indigo,4.7,0,0,0,9,4,True,False,False,False,False,False,False,False,False,False,True,False,False,False,False,False,low,35-44,positive
59,1,skirt,81,montana,2,indigo,3.6,0,0,0,25,4,True,False,False,False,False,False,False,True,False,False,False,True,False,False,False,False,high,55-64,neutral
29,1,blouse,56,iowa,3,maroon,3.2,0,0,0,3,26,True,False,False,False,True,False,False,True,False,False,False,False,False,False,False,False,medium,25-34,neutral
63,1,shirt,78,louisiana,2,black,3.0,0,0,0,35,12,True,False,False,True,False,False,False,False,True,False,False,False,True,False,False,False,high,55-64,neutral
60,1,jewelry,25,alabama,3,teal,4.4,0,0,0,13,26,False,False,False,False,True,False,False,False,False,False,True,False,False,False,False,True,low,55-64,positive
64,1,backpack,86,nevada,3,olive,3.3,0,0,0,31,1,False,False,False,False,False,False,True,False,False,False,False,False,False,True,False,False,high,55-64,neutral
63,1,jewelry,99,vermont,1,gold,3.4,0,0,0,48,12,False,False,False,False,False,True,True,False,False,False,False,False,True,False,False,False,high,55-64,neutral
21,1,belt,83,new york,1,gray,3.9,0,0,0,6,26,False,False,False,False,False,False,True,False,False,False,False,False,False,False,False,False,high,18-24,neutral
61,1,dress,33,mississippi,2,orange,2.9,0,0,0,43,12,True,False,False,False,False,True,False,False,False,False,True,True,False,False,False,False,low,55-64,negative
65,1,coat,44,south carolina,1,black,2.9,0,0,0,1,4,False,False,True,False,False,False,False,True,False,False,False,False,False,False,False,True,low,65+,negative
69,1,dress,58,washington,1,teal,2.7,0,0,0,8,1,True,False,False,True,False,False,False,False,False,False,False,True,False,False,False,False,medium,65+,negative
47,1,sweater,54,colorado,1,beige,3.4,0,0,0,6,52,True,False,False,True,False,False,False,False,False,False,True,False,False,True,False,False,medium,45-54,neutral
41,1,hoodie,93,nevada,1,white,3.7,0,0,0,32,26,True,False,False,True,False,False,False,False,False,False,False,False,False,False,False,True,high,35-44,neutral
68,1,shoes,98,nevada,2,turquoise,4.7,0,0,0,46,26,False,True,False,True,False,False,False,False,False,True,False,False,False,False,False,False,high,65+,positive
41,1,shoes,36,oklahoma,3,teal,3.1,0,0,0,38,4,False,True,False,True,False,False,True,False,False,False,False,False,False,False,True,False,low,35-44,neutral
42,1,jacket,68,mississippi,2,orange,4.2,0,0,0,48,26,False,False,True,False,False,False,False,False,False,False,False,False,True,False,False,False,medium,35-44,positive
66,1,backpack,95,arkansas,1,black,3.0,0,0,0,18,26,False,False,False,False,True,False,False,False,False,False,True,False,False,True,False,False,high,65+,neutral
66,1,jeans,93,west virginia,1,violet,3.1,0,0,0,25,4,True,False,False,True,False,False,True,False,False,False,False,True,False,False,False,False,high,65+,neutral
33,1,jacket,99,michigan,2,maroon,4.2,0,0,0,4,26,False,False,True,False,False,False,False,False,False,False,False,True,False,False,False,False,high,25-34,positive
55,1,sunglasses,22,louisiana,1,turquoise,3.8,0,0,0,27,4,False,False,False,False,False,True,False,False,True,False,False,False,False,False,False,True,low,55-64,neutral
58,1,gloves,88,south dakota,1,gold,2.9,0,0,0,14,12,False,False,False,False,False,False,True,False,False,False,False,False,False,False,False,False,high,55-64,negative
18,1,jacket,65,north dakota,1,turquoise,4.2,0,0,0,36,26,False,False,True,True,False,False,True,False,False,False,False,False,False,False,False,False,medium,18-24,positive
49,1,t-shirt,62,arizona,1,maroon,3.1,0,0,0,6,4,True,False,False,False,False,False,False,False,False,False,False,False,False,True,False,False,medium,45-54,neutral
61,1,sandals,55,georgia,3,purple,3.6,0,0,0,46,1,False,True,False,True,False,False,True,False,False,False,False,True,False,False,False,False,medium,55-64,neutral
31,1,shorts,97,idaho,0,maroon,4.8,0,0,0,29,1,True,False,False,True,False,False,False,False,False,True,False,False,False,False,False,False,high,25-34,positive
70,1,handbag,77,louisiana,2,brown,4.1,0,0,0,12,12,False,False,False,False,False,False,True,False,False,False,False,False,False,False,False,True,high,65+,positive
68,1,pants,40,connecticut,2,indigo,3.9,0,0,0,47,52,True,False,False,False,False,True,False,True,False,False,False,False,True,False,False,False,low,65+,neutral
27,1,blouse,23,ohio,0,lavender,3.0,0,0,0,28,1,True,False,False,False,False,True,False,False,False,True,False,False,False,True,False,False,low,25-34,neutral
48,1,shoes,46,maine,1,beige,3.0,0,0,0,21,1,False,True,False,False,False,True,True,False,False,False,False,False,False,False,False,False,medium,45-54,neutral
63,1,backpack,75,new hampshire,1,yellow,4.9,0,0,0,15,1,False,False,False,True,False,False,False,False,False,False,False,False,True,False,False,False,high,55-64,positive
49,1,shoes,76,massachusetts,1,gold,4.8,0,0,0,38,1,False,True,False,False,False,False,False,False,True,False,False,True,False,False,False,False,high,45-54,positive
19,1,dress,59,south dakota,1,indigo,3.3,0,0,0,19,1,True,False,False,False,True,False,False,False,False,True,False,False,True,False,False,False,medium,18-24,neutral
30,1,skirt,51,colorado,2,cyan,2.7,0,0,0,31,52,True,False,False,False,True,False,False,False,False,True,False,False,True,False,False,False,medium,25-34,negative
50,1,jacket,46,rhode island,3,silver,4.2,0,0,0,30,4,False,False,True,False,False,False,True,False,False,False,False,False,True,False,False,False,medium,45-54,positive
66,1,shirt,26,missouri,2,silver,3.6,0,0,0,40,4,True,False,False,False,False,False,False,False,True,False,False,False,False,False,False,False,low,65+,neutral
25,1,hoodie,51,wyoming,1,silver,3.8,0,0,0,42,26,True,False,False,False,True,False,False,False,True,False,False,False,True,False,False,False,medium,25-34,neutral
61,1,scarf,44,new hampshire,1,peach,3.8,0,0,0,25,1,False,False,False,False,False,True,False,True,False,False,False,False,False,False,False,True,low,55-64,neutral
29,1,skirt,82,maine,0,pink,4.2,0,0,0,20,4,True,False,False,True,False,False,False,True,False,False,False,True,False,False,False,False,high,25-34,positive
53,1,skirt,44,connecticut,0,violet,2.7,0,0,0,3,52,True,False,False,False,True,False,True,False,False,False,False,True,False,False,False,False,low,45-54,negative
24,1,scarf,27,alaska,1,black,5.0,0,0,0,14,1,False,False,False,False,False,False,False,False,True,False,False,True,False,False,False,False,low,18-24,positive
51,1,sunglasses,90,alaska,1,purple,4.7,0,0,0,32,26,False,False,False,False,False,False,False,False,True,False,False,False,True,False,False,False,high,45-54,positive
26,1,sandals,58,north carolina,0,black,3.2,0,0,0,20,4,False,True,False,False,True,False,False,False,False,False,True,False,False,False,True,False,medium,25-34,neutral
59,1,hoodie,80,colorado,3,peach,2.9,0,0,0,34,26,True,False,False,True,False,False,False,False,False,False,False,False,False,False,True,False,high,55-64,negative
41,1,jacket,40,utah,0,magenta,4.2,0,0,0,6,1,False,False,True,False,False,True,False,False,False,False,True,False,False,False,False,True,low,35-44,positive
20,1,pants,23,alabama,1,magenta,3.7,0,0,0,2,1,True,False,False,True,False,False,False,False,False,False,True,False,False,False,True,False,low,18-24,neutral
22,1,shirt,34,hawaii,0,black,4.2,0,0,0,35,1,True,False,False,True,False,False,False,False,False,False,True,False,True,False,False,False,low,18-24,positive
18,1,blouse,35,new hampshire,3,pink,2.6,0,0,0,33,4,True,False,False,False,False,True,False,True,False,False,False,False,False,True,False,False,low,18-24,negative
30,1,skirt,75,indiana,2,olive,4.0,0,0,0,45,26,True,False,False,False,True,False,False,False,False,False,True,False,False,False,False,True,high,25-34,positive
25,1,sunglasses,60,vermont,3,olive,2.7,0,0,0,20,4,False,False,False,False,False,True,False,False,True,False,False,False,False,False,False,False,medium,25-34,negative
39,1,belt,87,iowa,2,peach,4.0,0,0,0,48,1,False,False,False,False,True,False,False,False,False,False,True,False,False,False,False,False,high,35-44,positive
49,1,gloves,41,maryland,0,silver,2.9,0,0,0,37,12,False,False,False,True,False,False,False,False,True,False,False,True,False,False,False,False,low,45-54,negative
25,1,pants,83,new mexico,1,turquoise,3.3,0,0,0,4,4,True,False,False,True,False,False,False,False,False,True,False,False,False,False,False,False,high,25-34,neutral
23,1,scarf,81,louisiana,2,olive,4.0,0,0,0,24,26,False,False,False,True,False,False,False,False,False,False,True,False,False,False,False,False,high,18-24,positive
33,1,t-shirt,56,new mexico,0,lavender,3.9,0,0,0,4,4,True,False,False,False,True,False,False,False,True,False,False,False,False,True,False,False,medium,25-34,neutral
60,1,shoes,58,south carolina,1,red,3.3,0,0,0,25,1,False,True,False,False,True,False,False,False,False,False,False,False,False,True,False,False,medium,55-64,neutral
51,1,pants,84,illinois,1,gray,3.9,0,0,0,14,26,True,False,False,True,False,False,False,False,True,False,False,False,False,False,True,False,high,45-54,neutral
23,1,gloves,21,minnesota,1,magenta,3.9,0,0,0,14,26,False,False,False,False,False,False,False,False,False,False,True,False,False,False,False,False,low,18-24,neutral
20,1,socks,35,oregon,2,maroon,4.2,0,0,0,46,4,True,False,False,False,True,False,False,False,False,True,False,False,True,False,False,False,low,18-24,positive
51,1,sneakers,43,tennessee,1,cyan,4.6,0,0,0,27,4,False,True,False,False,True,False,False,False,False,False,True,False,False,False,True,False,low,45-54,positive
23,0,shorts,20,maryland,2,cyan,3.3,0,0,0,46,12,True,False,False,False,True,False,False,False,False,False,False,False,True,False,False,False,low,18-24,neutral
67,0,blouse,36,wisconsin,2,lavender,4.8,0,0,0,24,4,True,False,False,False,False,False,True,False,False,False,False,False,False,False,False,True,low,65+,positive
23,0,coat,70,idaho,0,pink,4.1,0,0,0,4,1,False,False,True,False,False,False,False,False,True,False,False,False,False,False,True,False,medium,18-24,positive
26,0,sunglasses,83,wyoming,1,gray,3.4,0,0,0,2,26,False,False,False,False,True,False,False,False,False,True,False,False,True,False,False,False,high,25-34,neutral
52,0,shorts,76,indiana,2,yellow,3.6,0,0,0,29,26,True,False,False,False,False,True,True,False,False,False,False,False,False,False,False,False,high,45-54,neutral
52,0,dress,81,texas,1,pink,2.7,0,0,0,7,26,True,False,False,False,True,False,True,False,False,False,False,False,True,False,False,False,high,45-54,negative
52,0,handbag,47,ohio,3,indigo,3.2,0,0,0,39,12,False,False,False,False,True,False,False,False,True,False,False,False,False,False,True,False,medium,45-54,neutral
35,0,boots,35,kansas,2,gray,4.4,0,0,0,46,26,False,True,False,False,True,False,False,False,False,False,False,False,True,False,False,False,low,35-44,positive
24,0,pants,85,south carolina,2,yellow,4.9,0,0,0,44,1,True,False,False,True,False,False,True,False,False,False,False,False,False,False,False,True,high,18-24,positive
43,0,boots,96,michigan,3,olive,4.8,0,0,0,20,1,False,True,False,False,False,False,True,False,False,False,False,False,False,False,False,False,high,35-44,positive
25,0,skirt,98,nebraska,1,cyan,2.8,0,0,0,44,26,True,False,False,False,True,False,False,False,False,False,False,False,False,False,True,False,high,25-34,negative
46,0,sneakers,52,wisconsin,2,silver,2.9,0,0,0,23,1,False,True,False,False,False,False,False,True,False,False,False,False,False,False,False,False,medium,45-54,negative
22,0,jewelry,84,illinois,2,silver,3.2,0,0,0,37,52,False,False,False,False,False,True,False,False,False,False,True,False,False,False,True,False,high,18-24,neutral
70,0,t-shirt,71,louisiana,2,red,3.5,0,0,0,4,52,True,False,False,False,False,True,False,False,False,False,True,False,False,False,False,True,medium,65+,neutral
49,0,sandals,95,ohio,0,brown,4.1,0,0,0,14,26,False,True,False,False,False,True,False,False,False,False,True,False,False,False,False,True,high,45-54,positive
48,0,boots,47,maryland,1,orange,4.1,0,0,0,31,26,False,True,False,False,True,False,False,True,False,False,False,True,False,False,False,False,medium,45-54,positive
59,0,coat,75,texas,1,black,4.8,0,0,0,9,4,False,False,True,False,True,False,False,False,True,False,False,False,False,False,True,False,high,55-64,positive
39,0,belt,28,illinois,2,teal,2.8,0,0,0,31,52,False,False,False,True,False,False,False,True,False,False,False,False,True,False,False,False,low,35-44,negative
30,0,sunglasses,44,pennsylvania,1,yellow,4.7,0,0,0,26,26,False,False,False,False,False,False,True,False,False,False,False,False,False,False,False,False,low,25-34,positive
37,0,sandals,64,alabama,3,gray,4.8,0,0,0,41,4,False,True,False,False,False,True,False,False,False,False,False,False,False,False,True,False,medium,35-44,positive
56,0,boots,28,west virginia,1,maroon,2.9,0,0,0,13,1,False,True,False,True,False,False,False,False,False,True,False,True,False,False,False,False,low,55-64,negative
67,0,hoodie,21,nevada,1,olive,2.6,0,0,0,4,12,True,False,False,False,True,False,False,False,False,False,False,True,False,False,False,False,low,65+,negative
40,0,hat,41,florida,0,charcoal,3.3,0,0,0,15,4,False,False,False,False,False,False,True,False,False,False,False,True,False,False,False,False,low,35-44,neutral
24,0,shorts,38,virginia,1,peach,3.4,0,0,0,38,26,True,False,False,False,False,True,False,True,False,False,False,True,False,False,False,False,low,18-24,neutral
43,0,backpack,77,kentucky,1,maroon,3.6,0,0,0,3,26,False,False,False,True,False,False,False,True,False,False,False,True,False,False,False,False,high,35-44,neutral
45,0,shorts,43,connecticut,2,olive,3.8,0,0,0,6,4,True,False,False,True,False,False,False,False,True,False,False,False,False,False,True,False,low,45-54,neutral
33,0,belt,91,montana,1,magenta,3.4,0,0,0,34,26,False,False,False,True,False,False,False,False,False,False,False,False,True,False,False,False,high,25-34,neutral
53,0,shorts,68,montana,0,yellow,3.8,0,0,0,7,4,True,False,False,True,False,False,True,False,False,False,False,False,False,True,False,False,medium,45-54,neutral
44,0,socks,37,nebraska,2,indigo,3.3,0,0,0,21,1,True,False,False,False,False,False,False,False,True,False,False,False,False,False,False,True,low,35-44,neutral
23,0,shoes,23,massachusetts,2,olive,4.8,0,0,0,17,12,False,True,False,False,True,False,False,False,False,True,False,False,False,True,False,False,low,18-24,positive
59,0,sneakers,65,north carolina,2,maroon,3.9,0,0,0,5,4,False,True,False,False,False,True,False,False,False,False,False,False,False,False,False,True,medium,55-64,neutral
68,0,backpack,30,montana,1,indigo,4.2,0,0,0,21,26,False,False,False,False,True,False,False,False,True,False,False,True,False,False,False,False,low,65+,positive
46,0,dress,45,washington,1,gray,4.7,0,0,0,42,26,True,False,False,False,True,False,False,True,False,False,False,False,True,False,False,False,low,45-54,positive
56,0,boots,25,virginia,1,gray,2.7,0,0,0,49,4,False,True,False,False,False,True,True,False,False,False,False,False,True,False,False,False,low,55-64,negative
40,0,socks,72,georgia,1,black,3.8,0,0,0,33,26,True,False,False,False,False,True,False,False,False,False,False,True,False,False,False,False,medium,35-44,neutral
61,0,dress,75,delaware,1,white,3.6,0,0,0,12,26,True,False,False,False,False,False,False,False,False,False,False,False,False,True,False,False,high,55-64,neutral
53,0,handbag,63,west virginia,3,turquoise,2.9,0,0,0,18,4,False,False,False,True,False,False,False,False,False,False,False,False,True,False,False,False,medium,45-54,negative
29,0,blouse,35,wyoming,1,orange,3.9,0,0,0,47,4,True,False,False,False,False,False,False,False,False,True,False,False,False,False,True,False,low,25-34,neutral
44,0,belt,32,new mexico,2,yellow,4.7,0,0,0,18,52,False,False,False,False,True,False,False,True,False,False,False,False,False,False,False,False,low,35-44,positive
43,0,pants,25,nebraska,2,blue,3.3,0,0,0,48,12,True,False,False,False,False,True,False,False,False,False,False,True,False,False,False,False,low,35-44,neutral
40,0,sneakers,90,washington,3,violet,4.2,0,0,0,18,4,False,True,False,True,False,False,False,True,False,False,False,False,False,True,False,False,high,35-44,positive
55,0,boots,70,hawaii,2,lavender,2.6,0,0,0,46,4,False,True,False,False,True,False,False,False,False,True,False,True,False,False,False,False,medium,55-64,negative
66,0,sunglasses,27,louisiana,1,olive,4.9,0,0,0,34,4,False,False,False,True,False,False,True,False,False,False,False,False,True,False,False,False,low,65+,positive
50,0,hat,92,tennessee,1,orange,3.6,0,0,0,10,26,False,False,False,False,False,False,False,False,False,True,False,False,False,False,True,False,high,45-54,neutral
57,0,coat,20,south dakota,1,white,4.7,0,0,0,12,12,False,False,True,True,False,False,False,True,False,False,False,False,False,True,False,False,low,55-64,positive
42,0,jacket,52,delaware,2,red,3.2,0,0,0,36,4,False,False,True,False,False,True,False,False,False,True,False,False,False,False,False,False,medium,35-44,neutral
55,0,hoodie,57,virginia,1,magenta,3.6,0,0,0,34,4,True,False,False,False,True,False,False,False,False,False,True,False,False,False,False,True,medium,55-64,neutral
25,0,boots,96,utah,1,violet,3.6,0,0,0,49,1,False,True,False,False,False,False,False,False,False,False,False,False,False,True,False,False,high,25-34,neutral
22,0,t-shirt,68,california,3,olive,3.2,0,0,0,36,52,True,False,False,False,False,True,False,False,False,True,False,True,False,False,False,False,medium,18-24,neutral
49,0,sweater,30,idaho,2,silver,2.8,0,0,0,18,26,True,False,False,False,True,False,False,False,False,False,True,False,False,False,False,False,low,45-54,negative
70,0,shoes,37,texas,2,gray,4.0,0,0,0,39,26,False,True,False,False,False,False,False,False,True,False,False,False,False,True,False,False,low,65+,positive
56,0,scarf,42,tennessee,3,olive,4.4,0,0,0,34,52,False,False,False,False,False,True,False,True,False,False,False,False,False,False,True,False,low,55-64,positive
52,0,dress,54,tennessee,2,beige,3.4,0,0,0,35,52,True,False,False,True,False,False,False,False,True,False,False,False,False,True,False,False,medium,45-54,neutral
65,0,jacket,81,washington,0,turquoise,5.0,0,0,0,1,26,False,False,True,True,False,False,False,False,False,False,True,False,True,False,False,False,high,65+,positive
24,0,shoes,40,alabama,0,blue,3.1,0,0,0,48,4,False,True,False,True,False,False,True,False,False,False,False,False,False,True,False,False,low,18-24,neutral
32,0,backpack,88,nebraska,1,pink,4.2,0,0,0,19,52,False,False,False,False,False,False,False,False,False,True,False,True,False,False,False,False,high,25-34,positive
57,0,dress,94,alabama,1,teal,3.3,0,0,0,44,52,True,False,False,False,True,False,False,False,False,False,True,False,False,True,False,False,high,55-64,neutral
35,0,shirt,54,illinois,0,cyan,2.9,0,0,0,9,26,True,False,False,False,False,True,False,False,False,True,False,False,True,False,False,False,medium,35-44,negative
69,0,jacket,51,wisconsin,2,purple,4.7,0,0,0,3,26,False,False,True,False,True,False,False,False,False,True,False,False,False,False,False,False,medium,65+,positive
30,0,sunglasses,22,nebraska,2,red,4.0,0,0,0,50,12,False,False,False,True,False,False,False,False,False,True,False,False,False,False,False,True,low,25-34,positive
37,0,jacket,95,north dakota,2,brown,4.6,0,0,0,7,4,False,False,True,False,False,False,False,False,False,True,False,False,False,True,False,False,high,35-44,positive
19,0,coat,57,mississippi,1,magenta,3.8,0,0,0,20,1,False,False,True,False,False,False,False,False,False,False,False,False,False,True,False,False,medium,18-24,neutral
53,0,sweater,45,iowa,0,olive,3.6,0,0,0,16,26,True,False,False,False,False,True,False,False,False,False,True,False,True,False,False,False,low,45-54,neutral
25,0,sneakers,92,mississippi,3,pink,4.1,0,0,0,29,26,False,True,False,False,False,True,True,False,False,False,False,False,False,False,True,False,high,25-34,positive
47,0,shoes,40,colorado,2,black,2.7,0,0,0,21,52,False,True,False,True,False,False,False,False,False,False,True,False,False,True,False,False,low,45-54,negative
18,0,sunglasses,62,nebraska,3,beige,4.3,0,0,0,19,4,False,False,False,False,False,True,False,True,False,False,False,False,True,False,False,False,medium,18-24,positive
22,0,shorts,90,virginia,1,peach,4.9,0,0,0,10,26,True,False,False,False,False,True,False,False,True,False,False,False,False,False,False,True,high,18-24,positive
69,0,hoodie,82,louisiana,0,peach,4.2,0,0,0,4,12,True,False,False,False,False,False,False,True,False,False,False,False,False,False,False,False,high,65+,positive
55,0,scarf,52,maryland,1,peach,2.8,0,0,0,45,4,False,False,False,True,False,False,False,False,False,False,True,False,False,False,False,False,medium,55-64,negative
19,0,sandals,70,minnesota,0,teal,4.9,0,0,0,17,26,False,True,False,True,False,False,False,True,False,False,False,False,False,False,True,False,medium,18-24,positive
23,0,hat,83,maine,1,green,2.8,0,0,0,22,26,False,False,False,True,False,False,False,False,False,False,False,False,False,False,True,False,high,18-24,negative
54,0,shoes,49,texas,3,brown,2.9,0,0,0,3,4,False,True,False,False,True,False,False,False,False,False,True,False,False,False,True,False,medium,45-54,negative
52,0,sneakers,91,missouri,1,brown,2.5,0,0,0,11,26,False,True,False,True,False,False,False,False,True,False,False,False,False,True,False,False,high,45-54,negative
64,0,backpack,99,mississippi,0,violet,2.7,0,0,0,4,1,False,False,False,False,True,False,False,True,False,False,False,False,False,True,False,False,high,55-64,negative
33,0,belt,92,michigan,2,blue,3.3,0,0,0,11,26,False,False,False,False,False,True,False,True,False,False,False,False,False,False,True,False,high,25-34,neutral
40,0,shirt,87,colorado,2,charcoal,3.7,0,0,0,47,26,True,False,False,False,False,True,False,False,False,False,False,False,True,False,False,False,high,35-44,neutral
26,0,skirt,28,florida,1,pink,4.0,0,0,0,17,52,True,False,False,False,False,True,True,False,False,False,False,False,False,True,False,False,low,25-34,positive
31,0,gloves,71,montana,0,violet,4.1,0,0,0,32,12,False,False,False,False,True,False,False,True,False,False,False,False,True,False,False,False,medium,25-34,positive
23,0,gloves,32,wisconsin,1,teal,4.1,0,0,0,37,1,False,False,False,False,False,True,False,False,False,False,True,False,False,False,False,False,low,18-24,positive
52,0,handbag,33,wisconsin,1,red,2.5,0,0,0,44,4,False,False,False,False,True,False,False,False,False,False,False,False,False,False,False,False,low,45-54,negative
21,0,socks,75,delaware,2,orange,4.2,0,0,0,27,4,True,False,False,False,False,True,False,False,False,False,True,False,False,True,False,False,high,18-24,positive
31,0,backpack,83,north carolina,1,magenta,4.7,0,0,0,46,1,False,False,False,False,True,False,True,False,False,False,False,False,False,False,True,False,high,25-34,positive
63,0,jeans,93,new york,3,yellow,2.7,0,0,0,13,26,True,False,False,False,True,False,False,False,False,False,False,True,False,False,False,False,high,55-64,negative
46,0,skirt,29,california,1,yellow,3.0,0,0,0,2,26,True,False,False,True,False,False,True,False,False,False,False,False,False,False,True,False,low,45-54,neutral
44,0,hoodie,25,montana,1,pink,4.8,0,0,0,45,1,True,False,False,True,False,False,False,False,False,False,True,False,True,False,False,False,low,35-44,positive
57,0,jewelry,76,north carolina,0,indigo,4.4,0,0,0,35,4,False,False,False,True,False,False,False,True,False,False,False,True,False,False,False,False,high,55-64,positive
50,0,sneakers,81,ohio,1,charcoal,4.3,0,0,0,39,4,False,True,False,False,True,False,False,False,False,False,False,False,False,False,False,True,high,45-54,positive
33,0,shirt,80,alaska,3,blue,2.5,0,0,0,39,4,True,False,False,False,False,True,False,False,False,False,True,False,True,False,False,False,high,25-34,negative
19,0,sunglasses,70,pennsylvania,1,lavender,4.9,0,0,0,34,26,False,False,False,False,True,False,False,True,False,False,False,False,False,False,False,False,medium,18-24,positive
68,0,dress,81,maine,2,yellow,4.9,0,0,0,41,12,True,False,False,False,False,False,False,False,False,False,False,False,False,False,False,True,high,65+,positive
27,0,shoes,86,texas,1,black,3.9,0,0,0,47,1,False,True,False,True,False,False,False,True,False,False,False,False,False,True,False,False,high,25-34,neutral
61,0,belt,94,new jersey,0,beige,4.1,0,0,0,17,4,False,False,False,False,False,False,False,False,False,False,False,False,False,False,False,True,high,55-64,positive
38,0,shirt,66,wyoming,1,silver,3.3,0,0,0,40,12,True,False,False,False,False,True,False,False,False,False,True,False,True,False,False,False,medium,35-44,neutral
28,0,boots,98,michigan,1,magenta,4.1,0,0,0,44,26,False,True,False,False,True,False,False,False,False,True,False,False,False,False,True,False,high,25-34,positive
39,0,hoodie,25,ohio,1,orange,3.7,0,0,0,21,4,True,False,False,False,False,False,False,False,False,True,False,False,False,False,True,False,low,35-44,neutral
18,0,jeans,62,west virginia,1,teal,3.1,0,0,0,21,4,True,False,False,False,False,True,False,True,False,False,False,False,True,False,False,False,medium,18-24,neutral
24,0,jacket,98,virginia,2,turquoise,3.0,0,0,0,16,1,False,False,True,True,False,False,False,True,False,False,False,False,False,False,False,True,high,18-24,neutral
64,0,jacket,53,vermont,1,cyan,3.4,0,0,0,15,1,False,False,True,True,False,False,False,False,False,True,False,False,False,False,False,False,medium,55-64,neutral
51,0,sandals,66,alaska,2,pink,2.7,0,0,0,26,4,False,True,False,True,False,False,False,False,False,False,False,False,False,False,True,False,medium,45-54,negative
27,0,dress,52,minnesota,0,indigo,3.1,0,0,0,50,12,True,False,False,False,False,False,False,True,False,False,False,False,False,False,False,True,medium,25-34,neutral
48,0,sweater,64,colorado,0,peach,4.0,0,0,0,30,26,True,False,False,False,False,True,False,True,False,False,False,False,False,False,False,True,medium,45-54,positive
69,0,gloves,59,rhode island,1,beige,3.6,0,0,0,48,4,False,False,False,True,False,False,False,False,True,False,False,False,False,False,True,False,medium,65+,neutral
59,0,sunglasses,61,new jersey,2,gold,3.6,0,0,0,21,26,False,False,False,False,True,False,False,True,False,False,False,False,False,False,False,True,medium,55-64,neutral
59,0,belt,97,nevada,1,indigo,3.3,0,0,0,18,1,False,False,False,False,False,True,False,False,False,False,True,False,True,False,False,False,high,55-64,neutral
42,0,hat,23,minnesota,2,violet,4.1,0,0,0,41,12,False,False,False,False,False,True,False,True,False,False,False,False,False,False,True,False,low,35-44,positive
39,0,hat,98,delaware,3,brown,4.3,0,0,0,11,12,False,False,False,False,False,False,False,False,True,False,False,False,False,False,False,True,high,35-44,positive
32,0,blouse,98,illinois,1,purple,3.2,0,0,0,8,26,True,False,False,False,True,False,False,False,False,True,False,False,False,False,False,False,high,25-34,neutral
68,0,shoes,59,washington,1,turquoise,3.9,0,0,0,42,4,False,True,False,False,True,False,False,True,False,False,False,True,False,False,False,False,medium,65+,neutral
41,0,skirt,82,alaska,0,violet,5.0,0,0,0,41,26,True,False,False,False,False,False,False,False,True,False,False,False,True,False,False,False,high,35-44,positive
31,0,sneakers,82,michigan,1,purple,3.4,0,0,0,3,4,False,True,False,False,False,False,False,False,True,False,False,False,True,False,False,False,high,25-34,neutral
58,0,t-shirt,41,georgia,1,charcoal,3.8,0,0,0,10,4,True,False,False,False,False,False,False,False,False,False,True,False,False,True,False,False,low,55-64,neutral
28,0,handbag,52,west virginia,1,green,2.9,0,0,0,35,4,False,False,False,False,False,False,False,False,False,False,False,False,False,False,False,True,medium,25-34,negative
63,0,sweater,41,arizona,3,white,2.6,0,0,0,2,52,True,False,False,True,False,False,False,False,True,False,False,False,False,True,False,False,low,55-64,negative
64,0,gloves,70,colorado,1,purple,4.3,0,0,0,24,4,False,False,False,False,True,False,False,False,False,False,False,False,True,False,False,False,medium,55-64,positive
66,0,dress,91,tennessee,1,cyan,2.8,0,0,0,47,12,True,False,False,False,False,True,False,False,False,True,False,False,True,False,False,False,high,65+,negative
31,0,dress,95,iowa,1,green,4.5,0,0,0,31,12,True,False,False,True,False,False,False,True,False,False,False,True,False,False,False,False,high,25-34,positive
55,0,blouse,25,kansas,1,beige,3.8,0,0,0,28,26,True,False,False,True,False,False,False,False,False,False,False,False,False,False,True,False,low,55-64,neutral
32,0,shirt,89,oklahoma,2,lavender,3.0,0,0,0,13,52,True,False,False,False,False,False,False,False,False,True,False,True,False,False,False,False,high,25-34,neutral
50,0,boots,44,nebraska,0,blue,3.3,0,0,0,22,4,False,True,False,False,False,False,True,False,False,False,False,False,False,False,False,False,low,45-54,neutral
58,0,jacket,52,maryland,0,beige,3.1,0,0,0,12,26,False,False,True,False,True,False,False,False,False,False,False,False,False,False,False,False,medium,55-64,neutral
18,0,backpack,94,pennsylvania,2,blue,3.5,0,0,0,10,4,False,False,False,True,False,False,False,False,False,False,True,False,False,False,False,False,high,18-24,neutral
39,0,pants,98,arizona,0,maroon,4.6,0,0,0,45,4,True,False,False,True,False,False,True,False,False,False,False,False,False,False,False,False,high,35-44,positive
56,0,boots,40,oklahoma,2,yellow,4.1,0,0,0,42,4,False,True,False,False,False,False,False,False,False,True,False,False,True,False,False,False,low,55-64,positive
37,0,socks,25,montana,2,red,3.6,0,0,0,16,52,True,False,False,False,False,False,False,True,False,False,False,False,False,True,False,False,low,35-44,neutral
46,0,scarf,62,wyoming,2,green,2.9,0,0,0,6,1,False,False,False,False,False,False,False,True,False,False,False,False,False,False,False,False,medium,45-54,negative
52,0,blouse,24,idaho,1,magenta,4.8,0,0,0,28,4,True,False,False,False,False,False,False,False,False,True,False,False,True,False,False,False,low,45-54,positive
70,0,belt,57,pennsylvania,2,yellow,3.2,0,0,0,24,26,False,False,False,True,False,False,False,False,False,True,False,False,True,False,False,False,medium,65+,neutral
61,0,sunglasses,66,montana,2,blue,4.3,0,0,0,14,26,False,False,False,False,False,True,True,False,False,False,False,False,True,False,False,False,medium,55-64,positive
33,0,boots,70,ohio,1,charcoal,4.1,0,0,0,29,26,False,True,False,False,False,True,False,False,True,False,False,False,False,False,True,False,medium,25-34,positive
65,0,sandals,39,mississippi,1,blue,4.6,0,0,0,33,52,False,True,False,True,False,False,False,False,False,True,False,False,False,False,True,False,low,65+,positive
41,0,gloves,34,idaho,0,cyan,3.8,0,0,0,30,1,False,False,False,True,False,False,False,True,False,False,False,False,False,False,True,False,low,35-44,neutral
19,0,skirt,38,virginia,1,silver,4.5,0,0,0,26,4,True,False,False,True,False,False,False,False,True,False,False,False,True,False,False,False,low,18-24,positive
33,0,skirt,70,idaho,1,black,3.1,0,0,0,12,4,True,False,False,False,False,True,True,False,False,False,False,False,False,False,True,False,medium,25-34,neutral
53,0,blouse,80,louisiana,0,green,2.9,0,0,0,13,12,True,False,False,False,True,False,False,False,True,False,False,False,False,False,False,False,high,45-54,negative
54,0,handbag,51,colorado,1,violet,3.8,0,0,0,41,4,False,False,False,True,False,False,False,False,True,False,False,False,False,True,False,False,medium,45-54,neutral
36,0,boots,79,west virginia,3,pink,4.1,0,0,0,4,26,False,True,False,True,False,False,False,False,True,False,False,False,False,False,False,True,high,35-44,positive
56,0,boots,92,rhode island,1,olive,3.1,0,0,0,2,1,False,True,False,False,True,False,False,True,False,False,False,False,True,False,False,False,high,55-64,neutral
28,0,sweater,85,north carolina,2,orange,5.0,0,0,0,28,26,True,False,False,False,False,False,True,False,False,False,False,False,True,False,False,False,high,25-34,positive
34,0,socks,63,maine,1,black,4.5,0,0,0,24,1,True,False,False,True,False,False,False,True,False,False,False,False,False,True,False,False,medium,25-34,positive
43,0,gloves,60,iowa,1,yellow,2.8,0,0,0,14,26,False,False,False,False,False,False,True,False,False,False,False,False,False,False,False,True,medium,35-44,negative
54,0,shorts,44,kentucky,2,violet,3.2,0,0,0,11,52,True,False,False,False,False,True,True,False,False,False,False,False,True,False,False,False,low,45-54,neutral
37,0,boots,57,massachusetts,1,silver,3.1,0,0,0,27,26,False,True,False,True,False,False,False,False,False,True,False,False,False,True,False,False,medium,35-44,neutral
33,0,jacket,24,new york,1,gold,3.3,0,0,0,7,26,False,False,True,False,False,False,False,False,False,True,False,True,False,False,False,False,low,25-34,neutral
33,0,scarf,35,nebraska,1,magenta,3.4,0,0,0,49,1,False,False,False,False,False,True,False,False,False,False,True,False,False,False,True,False,low,25-34,neutral
55,0,jacket,73,oklahoma,1,red,3.8,0,0,0,21,1,False,False,True,False,False,True,False,False,False,False,True,True,False,False,False,False,medium,55-64,neutral
63,0,jewelry,42,oklahoma,1,green,3.5,0,0,0,10,4,False,False,False,False,False,True,True,False,False,False,False,False,False,False,False,True,low,55-64,neutral
52,0,hoodie,20,rhode island,3,red,4.8,0,0,0,37,52,True,False,False,False,False,True,False,False,False,False,True,False,False,False,True,False,low,45-54,positive
23,0,t-shirt,89,maine,2,pink,3.9,0,0,0,9,4,True,False,False,True,False,False,False,True,False,False,False,False,False,False,False,False,high,18-24,neutral
70,0,shirt,76,arkansas,2,violet,3.4,0,0,0,14,26,True,False,False,False,False,False,False,True,False,False,False,True,False,False,False,False,high,65+,neutral
64,0,shirt,56,new mexico,1,indigo,2.6,0,0,0,30,1,True,False,False,False,False,True,True,False,False,False,False,False,False,False,True,False,medium,55-64,negative
22,0,coat,100,hawaii,2,red,3.1,0,0,0,42,26,False,False,True,False,False,False,False,False,False,False,True,False,True,False,False,False,high,18-24,neutral
46,0,t-shirt,44,idaho,1,violet,3.3,0,0,0,31,12,True,False,False,False,False,True,False,True,False,False,False,False,False,False,False,False,low,45-54,neutral
65,0,hoodie,76,south carolina,1,cyan,2.8,0,0,0,48,4,True,False,False,True,False,False,False,False,False,True,False,False,False,False,False,False,high,65+,negative
18,0,sunglasses,97,nevada,0,black,4.3,0,0,0,48,4,False,False,False,False,False,False,False,False,False,True,False,True,False,False,False,False,high,18-24,positive
45,0,blouse,39,south carolina,2,purple,2.7,0,0,0,50,1,True,False,False,True,False,False,False,False,False,True,False,False,True,False,False,False,low,45-54,negative
56,0,hoodie,100,maryland,1,charcoal,4.4,0,0,0,10,26,True,False,False,True,False,False,False,False,False,False,False,False,False,True,False,False,high,55-64,positive
49,0,skirt,62,tennessee,1,beige,3.9,0,0,0,45,4,True,False,False,True,False,False,False,True,False,False,False,False,False,False,True,False,medium,45-54,neutral
66,0,shorts,98,arkansas,3,teal,3.0,0,0,0,27,4,True,False,False,False,True,False,False,False,False,True,False,False,False,True,False,False,high,65+,neutral
27,0,jeans,31,arizona,1,purple,4.0,0,0,0,10,26,True,False,False,False,True,False,False,False,False,True,False,False,False,True,False,False,low,25-34,positive
69,0,jacket,89,ohio,1,blue,3.7,0,0,0,19,4,False,False,True,False,False,False,False,False,False,False,True,False,True,False,False,False,high,65+,neutral
66,0,hoodie,91,north dakota,3,magenta,3.8,0,0,0,1,4,True,False,False,False,False,False,False,False,False,False,True,False,True,False,False,False,high,65+,neutral
45,0,shirt,50,vermont,0,maroon,3.3,0,0,0,39,4,True,False,False,False,True,False,False,False,False,False,False,False,False,True,False,False,medium,45-54,neutral
31,0,t-shirt,32,minnesota,2,gold,3.6,0,0,0,14,12,True,False,False,False,False,True,False,False,False,True,False,False,False,False,False,False,low,25-34,neutral
33,0,blouse,67,idaho,2,black,3.9,0,0,0,40,4,True,False,False,False,False,False,False,True,False,False,False,False,False,False,False,True,medium,25-34,neutral
43,0,skirt,28,maryland,1,black,3.5,0,0,0,45,52,True,False,False,True,False,False,False,True,False,False,False,False,False,False,False,True,low,35-44,neutral
25,0,backpack,65,south carolina,3,yellow,3.4,0,0,0,6,52,False,False,False,False,False,True,False,False,False,True,False,False,False,False,False,True,medium,25-34,neutral
46,0,shorts,73,california,1,turquoise,4.7,0,0,0,12,1,True,False,False,False,False,False,False,False,True,False,False,False,False,True,False,False,medium,45-54,positive
67,0,shirt,27,georgia,2,lavender,3.0,0,0,0,19,12,True,False,False,True,False,False,False,True,False,False,False,True,False,False,False,False,low,65+,neutral
26,0,backpack,89,vermont,2,yellow,3.9,0,0,0,5,26,False,False,False,False,True,False,False,True,False,False,False,True,False,False,False,False,high,25-34,neutral
35,0,shoes,72,georgia,2,olive,4.5,0,0,0,37,12,False,True,False,False,True,False,False,False,False,True,False,False,False,False,False,True,medium,35-44,positive
61,0,skirt,37,new jersey,0,brown,4.1,0,0,0,33,4,True,False,False,False,False,False,False,False,False,True,False,False,False,False,True,False,low,55-64,positive
26,0,dress,63,utah,1,olive,4.5,0,0,0,47,26,True,False,False,False,True,False,False,False,False,True,False,False,False,True,False,False,medium,25-34,positive
39,0,hat,90,utah,1,purple,4.0,0,0,0,49,4,False,False,False,False,False,False,False,True,False,False,False,False,False,True,False,False,high,35-44,positive
69,0,handbag,62,north carolina,1,yellow,4.3,0,0,0,28,1,False,False,False,False,False,True,False,False,False,False,False,False,False,False,False,False,medium,65+,positive
32,0,handbag,43,florida,2,brown,3.6,0,0,0,23,1,False,False,False,False,False,False,True,False,False,False,False,False,False,False,False,True,low,25-34,neutral
20,0,blouse,96,wisconsin,1,magenta,3.1,0,0,0,11,26,True,False,False,False,False,False,False,False,True,False,False,False,False,False,False,False,high,18-24,neutral
25,0,scarf,83,tennessee,2,lavender,2.6,0,0,0,33,4,False,False,False,False,False,False,False,False,False,True,False,False,False,False,True,False,high,25-34,negative
56,0,jewelry,67,arizona,3,teal,3.4,0,0,0,47,52,False,False,False,False,False,False,False,False,True,False,False,True,False,False,False,False,medium,55-64,neutral
63,0,skirt,90,oregon,2,cyan,2.9,0,0,0,13,4,True,False,False,True,False,False,False,False,False,False,True,False,False,False,False,True,high,55-64,negative
34,0,hoodie,53,virginia,2,pink,5.0,0,0,0,4,52,True,False,False,False,False,True,True,False,False,False,False,False,True,False,False,False,medium,25-34,positive
29,0,scarf,37,maryland,1,magenta,4.6,0,0,0,40,4,False,False,False,False,True,False,False,False,False,True,False,False,False,False,True,False,low,25-34,positive
43,0,jeans,56,arkansas,1,teal,3.3,0,0,0,19,12,True,False,False,False,False,False,False,True,False,False,False,True,False,False,False,False,medium,35-44,neutral
39,0,jacket,43,texas,1,indigo,2.9,0,0,0,17,52,False,False,True,False,False,False,False,False,False,False,False,False,True,False,False,False,low,35-44,negative
33,0,t-shirt,84,vermont,0,pink,4.9,0,0,0,7,1,True,False,False,False,False,True,False,True,False,False,False,False,False,False,False,True,high,25-34,positive
51,0,pants,50,wyoming,1,charcoal,5.0,0,0,0,21,26,True,False,False,False,False,True,False,False,False,False,False,True,False,False,False,False,medium,45-54,positive
65,0,shoes,88,alabama,1,brown,4.5,0,0,0,44,52,False,True,False,False,True,False,True,False,False,False,False,False,False,False,True,False,high,65+,positive
51,0,jacket,50,maine,1,blue,3.7,0,0,0,2,52,False,False,True,False,False,False,False,True,False,False,False,False,False,False,False,False,medium,45-54,neutral
70,0,scarf,80,south dakota,2,teal,2.8,0,0,0,30,12,False,False,False,False,True,False,False,False,False,False,True,False,False,False,False,False,high,65+,negative
40,0,t-shirt,47,west virginia,2,pink,3.5,0,0,0,41,1,True,False,False,True,False,False,False,False,False,False,True,True,False,False,False,False,medium,35-44,neutral
19,0,dress,33,ohio,3,magenta,3.0,0,0,0,31,52,True,False,False,False,False,True,False,False,False,False,False,True,False,False,False,False,low,18-24,neutral
28,0,coat,100,arizona,2,green,4.3,0,0,0,48,4,False,False,True,False,False,False,False,False,False,True,False,False,False,True,False,False,high,25-34,positive
51,0,sweater,26,ohio,1,white,3.6,0,0,0,41,52,True,False,False,False,True,False,False,False,False,False,True,False,False,False,False,True,low,45-54,neutral
32,0,hat,79,new mexico,1,indigo,4.4,0,0,0,42,1,False,False,False,False,True,False,False,False,False,True,False,False,False,False,False,True,high,25-34,positive
26,0,backpack,77,south dakota,2,lavender,4.1,0,0,0,39,4,False,False,False,False,True,False,True,False,False,False,False,False,False,True,False,False,high,25-34,positive
50,0,socks,36,oklahoma,3,black,2.8,0,0,0,15,26,True,False,False,False,False,False,False,False,True,False,False,False,False,False,True,False,low,45-54,negative
68,0,jewelry,21,connecticut,2,charcoal,2.8,0,0,0,3,4,False,False,False,False,False,True,False,True,False,False,False,False,False,False,True,False,low,65+,negative
33,0,boots,72,wisconsin,2,gray,4.9,0,0,0,28,4,False,True,False,False,False,False,False,False,False,False,True,False,False,False,False,False,medium,25-34,positive
56,0,coat,25,new hampshire,1,gold,4.1,0,0,0,27,26,False,False,True,True,False,False,True,False,False,False,False,False,False,False,True,False,low,55-64,positive
57,0,sweater,79,nebraska,1,silver,3.0,0,0,0,36,1,True,False,False,True,False,False,False,False,False,False,True,False,False,True,False,False,high,55-64,neutral
58,0,blouse,73,nevada,2,teal,3.0,0,0,0,42,12,True,False,False,False,True,False,False,False,False,False,True,False,False,True,False,False,medium,55-64,neutral
40,0,belt,71,new york,1,magenta,3.0,0,0,0,30,52,False,False,False,True,False,False,False,False,False,False,True,False,False,False,False,True,medium,35-44,neutral
37,0,hat,48,pennsylvania,1,magenta,3.2,0,0,0,9,52,False,False,False,False,False,True,False,False,True,False,False,False,False,False,True,False,medium,35-44,neutral
36,0,sandals,28,delaware,1,beige,2.7,0,0,0,25,12,False,True,False,False,False,False,False,False,False,False,True,False,False,False,False,True,low,35-44,negative
29,0,boots,95,mississippi,0,maroon,3.8,0,0,0,33,4,False,True,False,False,False,True,False,False,False,False,False,False,False,False,True,False,high,25-34,neutral
65,0,jacket,48,iowa,1,indigo,3.5,0,0,0,31,12,False,False,True,False,False,True,False,False,False,False,False,False,True,False,False,False,medium,65+,neutral
44,0,dress,93,utah,0,maroon,3.8,0,0,0,35,12,True,False,False,True,False,False,False,False,True,False,False,False,False,True,False,False,high,35-44,neutral
34,0,jeans,87,maryland,2,teal,3.8,0,0,0,46,12,True,False,False,False,True,False,False,False,False,False,False,False,False,False,False,False,high,25-34,neutral
31,0,shorts,32,utah,2,yellow,3.4,0,0,0,29,1,True,False,False,False,False,False,True,False,False,False,False,False,False,False,False,False,low,25-34,neutral
28,0,shirt,38,rhode island,1,gold,2.9,0,0,0,49,52,True,False,False,True,False,False,False,False,True,False,False,False,False,False,False,False,low,25-34,negative
66,0,coat,54,maryland,1,teal,3.4,0,0,0,27,12,False,False,True,False,False,False,False,True,False,False,False,False,True,False,False,False,medium,65+,neutral
68,0,coat,75,hawaii,0,violet,4.7,0,0,0,5,4,False,False,True,False,True,False,False,False,False,False,True,False,False,False,False,False,high,65+,positive
37,0,t-shirt,56,connecticut,1,yellow,3.9,0,0,0,18,12,True,False,False,False,False,False,False,False,False,False,False,False,False,False,False,True,medium,35-44,neutral
58,0,sweater,43,illinois,0,maroon,3.6,0,0,0,31,52,True,False,False,False,False,False,False,False,False,False,True,False,False,False,False,True,low,55-64,neutral
28,0,skirt,97,california,1,silver,3.7,0,0,0,27,26,True,False,False,False,False,False,False,True,False,False,False,True,False,False,False,False,high,25-34,neutral
54,0,blouse,75,connecticut,0,violet,3.1,0,0,0,19,1,True,False,False,False,True,False,False,True,False,False,False,True,False,False,False,False,high,45-54,neutral
21,0,sneakers,55,colorado,2,white,4.9,0,0,0,33,26,False,True,False,False,True,False,False,False,True,False,False,True,False,False,False,False,medium,18-24,positive
45,0,backpack,49,colorado,1,black,2.6,0,0,0,42,4,False,False,False,False,False,True,False,False,True,False,False,False,False,False,True,False,medium,45-54,negative
57,0,socks,58,georgia,1,white,4.2,0,0,0,16,52,True,False,False,False,True,False,False,False,False,True,False,False,False,False,False,False,medium,55-64,positive
47,0,jewelry,34,north dakota,1,blue,4.8,0,0,0,49,4,False,False,False,False,False,True,False,True,False,False,False,False,False,True,False,False,low,45-54,positive
46,0,shorts,43,idaho,0,black,2.7,0,0,0,40,26,True,False,False,False,True,False,False,False,False,False,False,False,False,False,False,True,low,45-54,negative
63,0,jewelry,48,connecticut,2,olive,2.6,0,0,0,5,1,False,False,False,False,False,False,False,False,True,False,False,True,False,False,False,False,medium,55-64,negative
44,0,sweater,40,montana,1,teal,2.6,0,0,0,8,12,True,False,False,True,False,False,False,True,False,False,False,False,False,False,False,False,low,35-44,negative
36,0,shirt,29,colorado,2,silver,3.1,0,0,0,2,1,True,False,False,False,True,False,False,False,False,True,False,False,False,True,False,False,low,35-44,neutral
24,0,pants,81,kentucky,1,pink,2.6,0,0,0,14,52,True,False,False,False,False,False,False,True,False,False,False,False,False,True,False,False,high,18-24,negative
65,0,hoodie,84,new mexico,1,charcoal,3.4,0,0,0,5,26,True,False,False,True,False,False,False,False,False,False,False,False,False,False,False,False,high,65+,neutral
32,0,socks,46,new jersey,1,silver,3.6,0,0,0,34,12,True,False,False,False,True,False,False,False,False,True,False,False,False,False,False,True,medium,25-34,neutral
63,0,dress,86,california,2,turquoise,4.3,0,0,0,13,1,True,False,False,False,True,False,False,False,True,False,False,False,False,False,False,False,high,55-64,positive
62,0,blouse,57,north dakota,3,turquoise,4.9,0,0,0,31,1,True,False,False,False,False,True,False,True,False,False,False,False,False,False,False,True,medium,55-64,positive
19,0,skirt,61,florida,2,beige,4.8,0,0,0,43,4,True,False,False,False,False,True,False,False,False,False,True,False,False,False,True,False,medium,18-24,positive
38,0,backpack,90,texas,1,cyan,4.2,0,0,0,6,1,False,False,False,False,False,True,False,True,False,False,False,False,False,False,False,False,high,35-44,positive
59,0,blouse,51,oklahoma,2,gold,2.6,0,0,0,23,26,True,False,False,False,False,True,False,False,False,False,True,False,True,False,False,False,medium,55-64,negative
22,0,socks,48,rhode island,3,silver,3.2,0,0,0,10,52,True,False,False,True,False,False,False,False,False,True,False,False,False,False,True,False,medium,18-24,neutral
55,0,boots,50,arkansas,1,purple,3.4,0,0,0,47,4,False,True,False,False,True,False,False,False,False,False,False,False,True,False,False,False,medium,55-64,neutral
29,0,backpack,82,nevada,1,yellow,3.5,0,0,0,14,26,False,False,False,False,True,False,False,False,True,False,False,False,True,False,False,False,high,25-34,neutral
42,0,hat,33,utah,2,blue,4.2,0,0,0,29,52,False,False,False,True,False,False,False,True,False,False,False,False,False,False,True,False,low,35-44,positive
23,0,sandals,28,kentucky,2,blue,2.8,0,0,0,12,26,False,True,False,False,False,True,True,False,False,False,False,True,False,False,False,False,low,18-24,negative
70,0,hoodie,42,wisconsin,2,green,5.0,0,0,0,25,4,True,False,False,True,False,False,False,False,False,False,False,False,False,True,False,False,low,65+,positive
64,0,sunglasses,43,minnesota,1,charcoal,3.3,0,0,0,21,1,False,False,False,False,False,False,False,False,False,False,True,False,False,False,False,True,low,55-64,neutral
39,0,jeans,55,north dakota,1,violet,3.7,0,0,0,23,12,True,False,False,False,False,True,False,True,False,False,False,False,True,False,False,False,medium,35-44,neutral
47,0,t-shirt,73,ohio,3,black,2.5,0,0,0,10,12,True,False,False,False,False,True,False,True,False,False,False,False,False,False,True,False,medium,45-54,negative
22,0,dress,39,nevada,1,teal,3.2,0,0,0,47,12,True,False,False,True,False,False,False,False,False,True,False,False,True,False,False,False,low,18-24,neutral
69,0,belt,20,kentucky,0,orange,3.1,0,0,0,44,4,False,False,False,True,False,False,False,True,False,False,False,False,False,True,False,False,low,65+,neutral
35,0,jewelry,32,kentucky,0,brown,3.5,0,0,0,41,1,False,False,False,True,False,False,False,False,False,True,False,False,False,False,False,True,low,35-44,neutral
56,0,hoodie,86,montana,2,green,4.6,0,0,0,29,12,True,False,False,False,True,False,False,False,False,True,False,False,False,False,False,False,high,55-64,positive
30,0,blouse,91,delaware,1,silver,3.3,0,0,0,2,4,True,False,False,False,True,False,False,True,False,False,False,False,False,False,False,True,high,25-34,neutral
43,0,jacket,59,montana,2,violet,2.5,0,0,0,2,26,False,False,True,False,False,False,False,True,False,False,False,True,False,False,False,False,medium,35-44,negative
23,0,sneakers,33,new jersey,3,peach,4.6,0,0,0,29,1,False,True,False,False,True,False,True,False,False,False,False,False,True,False,False,False,low,18-24,positive
50,0,boots,64,nebraska,1,gold,4.2,0,0,0,22,26,False,True,False,True,False,False,False,False,False,False,False,False,False,False,False,False,medium,45-54,positive
41,0,blouse,67,maryland,3,violet,4.0,0,0,0,23,26,True,False,False,False,False,True,False,False,False,True,False,True,False,False,False,False,medium,35-44,positive
41,0,blouse,43,alabama,2,olive,2.6,0,0,0,46,4,True,False,False,False,False,True,False,True,False,False,False,False,True,False,False,False,low,35-44,negative
27,0,boots,32,north carolina,0,orange,4.6,0,0,0,19,26,False,True,False,True,False,False,False,False,False,True,False,False,False,False,True,False,low,25-34,positive
38,0,scarf,39,delaware,0,teal,3.5,0,0,0,24,4,False,False,False,True,False,False,False,False,False,False,False,False,True,False,False,False,low,35-44,neutral
41,0,sandals,41,iowa,1,gray,4.0,0,0,0,43,12,False,True,False,True,False,False,False,False,False,False,False,False,False,False,False,True,low,35-44,positive
58,0,sunglasses,53,new york,2,black,4.8,0,0,0,14,26,False,False,False,False,False,True,False,False,False,True,False,False,False,True,False,False,medium,55-64,positive
58,0,coat,27,virginia,1,indigo,3.9,0,0,0,7,1,False,False,True,True,False,False,False,False,False,True,False,False,False,False,False,True,low,55-64,neutral
19,0,sunglasses,82,maryland,3,lavender,3.7,0,0,0,50,26,False,False,False,False,True,False,False,False,True,False,False,False,False,False,True,False,high,18-24,neutral
43,0,blouse,87,texas,1,beige,3.1,0,0,0,15,4,True,False,False,False,False,True,False,False,False,False,True,False,False,True,False,False,high,35-44,neutral
27,0,backpack,78,louisiana,1,indigo,3.0,0,0,0,40,4,False,False,False,False,False,True,False,False,True,False,False,False,True,False,False,False,high,25-34,neutral
32,0,belt,32,mississippi,1,blue,2.9,0,0,0,41,12,False,False,False,False,True,False,False,False,False,False,True,False,True,False,False,False,low,25-34,negative
28,0,socks,38,ohio,3,orange,2.9,0,0,0,34,4,True,False,False,False,False,False,False,False,True,False,False,False,False,False,False,True,low,25-34,negative
48,0,shoes,37,oregon,1,yellow,4.0,0,0,0,27,26,False,True,False,False,False,True,False,False,False,True,False,True,False,False,False,False,low,45-54,positive
43,0,coat,83,wyoming,2,cyan,3.5,0,0,0,12,4,False,False,True,False,False,True,True,False,False,False,False,True,False,False,False,False,high,35-44,neutral
45,0,sweater,72,pennsylvania,1,yellow,3.8,0,0,0,1,26,True,False,False,False,False,False,True,False,False,False,False,False,False,True,False,False,medium,45-54,neutral
26,0,shirt,30,oregon,1,cyan,4.5,0,0,0,39,26,True,False,False,False,False,False,True,False,False,False,False,False,False,True,False,False,low,25-34,positive
62,0,shorts,66,oklahoma,1,green,2.7,0,0,0,13,26,True,False,False,False,False,True,True,False,False,False,False,False,True,False,False,False,medium,55-64,negative
58,0,shirt,45,colorado,3,white,2.9,0,0,0,50,1,True,False,False,False,False,True,False,False,False,False,True,False,False,False,False,True,low,55-64,negative
19,0,sunglasses,73,new york,0,black,4.9,0,0,0,36,52,False,False,False,False,False,False,False,True,False,False,False,True,False,False,False,False,medium,18-24,positive
64,0,shoes,67,minnesota,2,charcoal,3.8,0,0,0,31,12,False,True,False,False,False,True,False,False,False,True,False,False,False,True,False,False,medium,55-64,neutral
33,0,sunglasses,72,texas,3,brown,4.9,0,0,0,3,26,False,False,False,True,False,False,False,True,False,False,False,False,False,True,False,False,medium,25-34,positive
20,0,handbag,24,wisconsin,1,cyan,4.6,0,0,0,11,26,False,False,False,False,False,False,False,False,False,True,False,True,False,False,False,False,low,18-24,positive
45,0,sunglasses,68,kentucky,2,beige,3.5,0,0,0,16,4,False,False,False,False,False,True,True,False,False,False,False,False,False,False,True,False,medium,45-54,neutral
28,0,shirt,70,pennsylvania,1,magenta,4.2,0,0,0,12,4,True,False,False,True,False,False,False,False,False,False,False,True,False,False,False,False,medium,25-34,positive
47,0,shirt,64,rhode island,2,indigo,3.7,0,0,0,37,4,True,False,False,False,False,True,False,True,False,False,False,False,False,True,False,False,medium,45-54,neutral
54,0,sweater,91,illinois,1,maroon,2.8,0,0,0,43,4,True,False,False,True,False,False,False,False,False,False,True,False,True,False,False,False,high,45-54,negative
64,0,handbag,82,maryland,1,gray,4.8,0,0,0,9,52,False,False,False,False,False,True,False,False,False,False,False,True,False,False,False,False,high,55-64,positive
45,0,shirt,24,missouri,1,black,2.7,0,0,0,15,26,True,False,False,False,True,False,True,False,False,False,False,False,False,False,False,True,low,45-54,negative
40,0,jewelry,80,alabama,2,yellow,3.6,0,0,0,17,52,False,False,False,True,False,False,False,False,False,False,True,False,True,False,False,False,high,35-44,neutral
31,0,socks,53,maine,3,white,4.5,0,0,0,42,26,True,False,False,False,False,True,False,False,True,False,False,False,False,False,False,True,medium,25-34,positive
38,0,t-shirt,50,mississippi,1,orange,4.0,0,0,0,14,12,True,False,False,True,False,False,False,True,False,False,False,False,False,False,False,True,medium,35-44,positive
36,0,jewelry,31,alabama,1,magenta,4.5,0,0,0,49,26,False,False,False,False,False,False,False,False,False,False,False,False,True,False,False,False,low,35-44,positive
65,0,backpack,88,alaska,2,black,3.9,0,0,0,3,4,False,False,False,True,False,False,True,False,False,False,False,False,False,False,True,False,high,65+,neutral
27,0,hat,52,illinois,1,brown,3.8,0,0,0,28,12,False,False,False,False,True,False,False,False,False,True,False,False,False,False,False,True,medium,25-34,neutral
38,0,gloves,22,idaho,1,orange,4.7,0,0,0,41,4,False,False,False,False,False,False,False,False,True,False,False,False,False,False,False,False,low,35-44,positive
58,0,sneakers,27,north carolina,3,gray,4.6,0,0,0,11,52,False,True,False,True,False,False,False,False,False,True,False,False,False,False,False,True,low,55-64,positive
31,0,skirt,34,washington,1,white,3.6,0,0,0,46,52,True,False,False,True,False,False,True,False,False,False,False,False,False,False,True,False,low,25-34,neutral
28,0,handbag,39,west virginia,1,white,4.3,0,0,0,15,52,False,False,False,True,False,False,False,False,False,False,False,False,True,False,False,False,low,25-34,positive
28,0,sunglasses,53,maine,1,violet,3.0,0,0,0,15,12,False,False,False,False,False,False,False,False,False,True,False,True,False,False,False,False,medium,25-34,neutral
32,0,sweater,46,kentucky,1,beige,4.3,0,0,0,34,52,True,False,False,False,False,True,True,False,False,False,False,False,False,False,False,True,medium,25-34,positive
61,0,handbag,85,massachusetts,2,beige,4.8,0,0,0,13,12,False,False,False,False,True,False,False,False,True,False,False,True,False,False,False,False,high,55-64,positive
38,0,skirt,86,pennsylvania,2,purple,3.7,0,0,0,27,12,True,False,False,True,False,False,False,True,False,False,False,False,False,False,True,False,high,35-44,neutral
54,0,socks,63,hawaii,1,brown,2.6,0,0,0,37,52,True,False,False,False,True,False,False,True,False,False,False,False,False,False,False,False,medium,45-54,negative
29,0,shirt,44,virginia,1,orange,3.4,0,0,0,37,12,True,False,False,True,False,False,False,False,False,True,False,False,True,False,False,False,low,25-34,neutral
50,0,sneakers,95,new york,3,cyan,3.9,0,0,0,4,4,False,True,False,False,True,False,False,True,False,False,False,False,False,False,False,True,high,45-54,neutral
32,0,belt,49,delaware,1,charcoal,4.8,0,0,0,1,4,False,False,False,False,True,False,False,True,False,False,False,False,True,False,False,False,medium,25-34,positive
38,0,pants,77,hawaii,2,purple,2.8,0,0,0,29,4,True,False,False,True,False,False,False,True,False,False,False,False,False,False,False,False,high,35-44,negative
52,0,jewelry,63,nebraska,2,peach,4.4,0,0,0,50,1,False,False,False,True,False,False,False,False,False,True,False,False,False,False,False,True,medium,45-54,positive
61,0,pants,83,vermont,1,violet,3.1,0,0,0,38,26,True,False,False,False,False,True,False,False,False,True,False,False,False,True,False,False,high,55-64,neutral
25,0,jewelry,93,iowa,1,peach,3.8,0,0,0,15,1,False,False,False,True,False,False,False,False,False,False,True,False,False,False,True,False,high,25-34,neutral
22,0,jeans,91,iowa,0,maroon,4.1,0,0,0,44,4,True,False,False,False,False,True,False,False,False,False,False,False,False,True,False,False,high,18-24,positive
47,0,scarf,99,arkansas,2,maroon,4.6,0,0,0,14,52,False,False,False,False,False,False,False,True,False,False,False,True,False,False,False,False,high,45-54,positive
50,0,belt,24,alabama,1,peach,4.9,0,0,0,5,12,False,False,False,True,False,False,False,False,True,False,False,False,False,True,False,False,low,45-54,positive
45,0,dress,82,maryland,1,silver,4.8,0,0,0,11,1,True,False,False,False,True,False,False,False,True,False,False,False,True,False,False,False,high,45-54,positive
33,0,t-shirt,28,south dakota,1,indigo,3.9,0,0,0,15,1,True,False,False,False,False,True,True,False,False,False,False,False,True,False,False,False,low,25-34,neutral
42,0,boots,67,vermont,1,silver,2.6,0,0,0,46,1,False,True,False,False,False,True,False,True,False,False,False,False,True,False,False,False,medium,35-44,negative
52,0,dress,88,montana,1,olive,3.7,0,0,0,30,12,True,False,False,False,False,False,False,False,False,True,False,False,False,False,False,True,high,45-54,neutral
69,0,jewelry,70,south dakota,0,gray,4.7,0,0,0,2,1,False,False,False,False,False,False,False,False,False,True,False,True,False,False,False,False,medium,65+,positive
55,0,skirt,100,ohio,1,black,4.5,0,0,0,28,12,True,False,False,False,True,False,False,False,False,True,False,False,False,False,True,False,high,55-64,positive
38,0,handbag,28,texas,2,maroon,4.7,0,0,0,9,4,False,False,False,False,True,False,False,True,False,False,False,False,False,False,True,False,low,35-44,positive
57,0,coat,48,indiana,0,olive,3.6,0,0,0,47,52,False,False,True,True,False,False,False,False,False,True,False,False,True,False,False,False,medium,55-64,neutral
33,0,hoodie,43,new hampshire,0,gold,2.8,0,0,0,21,26,True,False,False,False,False,False,False,True,False,False,False,False,False,True,False,False,low,25-34,negative
57,0,pants,40,california,2,pink,4.0,0,0,0,42,4,True,False,False,False,False,False,True,False,False,False,False,False,True,False,False,False,low,55-64,positive
52,0,boots,97,maine,1,brown,3.6,0,0,0,28,52,False,True,False,True,False,False,False,True,False,False,False,False,True,False,False,False,high,45-54,neutral
44,0,coat,25,ohio,0,white,3.8,0,0,0,13,26,False,False,True,False,False,False,False,False,False,False,False,False,False,False,False,True,low,35-44,neutral
48,0,scarf,45,delaware,1,blue,4.4,0,0,0,25,26,False,False,False,False,True,False,False,False,False,True,False,False,False,False,True,False,low,45-54,positive
52,0,boots,49,oklahoma,2,orange,2.8,0,0,0,38,4,False,True,False,False,False,False,False,False,False,False,True,False,False,True,False,False,medium,45-54,negative
34,0,sneakers,36,indiana,2,silver,3.4,0,0,0,40,1,False,True,False,False,True,False,False,True,False,False,False,False,False,False,False,True,low,25-34,neutral
26,0,sweater,48,south carolina,0,gray,4.9,0,0,0,25,4,True,False,False,False,False,False,True,False,False,False,False,True,False,False,False,False,medium,25-34,positive
36,0,belt,62,vermont,0,blue,4.3,0,0,0,20,4,False,False,False,False,False,False,False,False,True,False,False,True,False,False,False,False,medium,35-44,positive
24,0,jewelry,74,kansas,1,white,3.4,0,0,0,44,26,False,False,False,False,False,True,False,True,False,False,False,False,True,False,False,False,high,18-24,neutral
30,0,handbag,100,utah,2,yellow,3.9,0,0,0,9,4,False,False,False,False,False,False,False,False,True,False,False,False,False,False,True,False,high,25-34,neutral
31,0,jacket,39,new york,0,indigo,4.2,0,0,0,11,4,False,False,True,False,False,False,False,True,False,False,False,False,False,False,False,True,low,25-34,positive
25,0,boots,65,indiana,1,blue,2.7,0,0,0,3,26,False,True,False,False,True,False,False,False,False,False,True,False,False,False,False,False,medium,25-34,negative
57,0,sneakers,99,tennessee,3,peach,4.1,0,0,0,34,52,False,True,False,False,True,False,False,False,False,False,True,False,True,False,False,False,high,55-64,positive
61,0,scarf,68,georgia,3,lavender,4.5,0,0,0,48,4,False,False,False,False,False,True,False,False,False,False,False,True,False,False,False,False,medium,55-64,positive
30,0,coat,97,nebraska,1,silver,2.8,0,0,0,28,26,False,False,True,False,True,False,True,False,False,False,False,True,False,False,False,False,high,25-34,negative
38,0,shorts,47,washington,2,gold,3.4,0,0,0,20,1,True,False,False,False,False,True,False,False,False,True,False,False,False,False,False,True,medium,35-44,neutral
53,0,shorts,56,idaho,0,cyan,3.9,0,0,0,49,26,True,False,False,True,False,False,False,True,False,False,False,False,False,False,False,False,medium,45-54,neutral
31,0,jeans,91,louisiana,2,olive,2.6,0,0,0,14,52,True,False,False,False,False,False,False,False,True,False,False,False,False,False,True,False,high,25-34,negative
70,0,gloves,93,new jersey,2,teal,4.4,0,0,0,9,12,False,False,False,False,False,False,False,False,False,False,False,False,False,False,False,False,high,65+,positive
21,0,pants,36,delaware,2,pink,4.9,0,0,0,37,1,True,False,False,False,False,True,False,False,False,True,False,False,False,False,False,True,low,18-24,positive
33,0,dress,45,wisconsin,1,orange,3.6,0,0,0,4,52,True,False,False,False,True,False,False,False,False,False,True,False,True,False,False,False,low,25-34,neutral
60,0,pants,44,west virginia,1,charcoal,2.8,0,0,0,1,4,True,False,False,False,False,True,False,False,False,False,False,False,True,False,False,False,low,55-64,negative
45,0,gloves,32,texas,2,red,4.3,0,0,0,36,26,False,False,False,True,False,False,False,False,False,False,False,False,False,True,False,False,low,45-54,positive
46,0,belt,36,hawaii,0,teal,3.0,0,0,0,21,26,False,False,False,False,True,False,True,False,False,False,False,True,False,False,False,False,low,45-54,neutral
62,0,belt,85,arizona,0,silver,3.3,0,0,0,16,12,False,False,False,False,True,False,False,False,False,False,False,False,True,False,False,False,high,55-64,neutral
63,0,skirt,36,louisiana,2,black,2.5,0,0,0,42,12,True,False,False,False,False,True,False,False,False,False,True,True,False,False,False,False,low,55-64,negative
69,0,socks,55,nevada,0,pink,5.0,0,0,0,31,12,True,False,False,True,False,False,False,False,False,False,False,False,False,True,False,False,medium,65+,positive
46,0,belt,20,rhode island,3,teal,4.3,0,0,0,6,52,False,False,False,False,True,False,False,False,False,False,False,False,True,False,False,False,low,45-54,positive
69,0,shirt,91,illinois,1,teal,4.2,0,0,0,24,12,True,False,False,False,False,False,False,True,False,False,False,False,False,False,False,True,high,65+,positive
66,0,dress,71,utah,2,green,3.9,0,0,0,7,26,True,False,False,False,True,False,False,False,False,True,False,False,False,False,True,False,medium,65+,neutral
41,0,socks,64,north dakota,1,charcoal,3.9,0,0,0,25,52,True,False,False,True,False,False,False,False,False,False,True,False,False,False,False,True,medium,35-44,neutral
32,0,jacket,21,kansas,2,indigo,4.2,0,0,0,18,26,False,False,True,True,False,False,False,True,False,False,False,True,False,False,False,False,low,25-34,positive
69,0,sweater,100,nevada,0,white,3.5,0,0,0,14,4,True,False,False,False,False,True,False,False,False,False,True,False,False,False,False,False,high,65+,neutral
29,0,jeans,96,virginia,1,orange,2.5,0,0,0,42,26,True,False,False,False,True,False,False,False,False,True,False,False,False,True,False,False,high,25-34,negative
70,0,jewelry,91,utah,1,white,2.9,0,0,0,6,4,False,False,False,True,False,False,True,False,False,False,False,False,False,False,False,True,high,65+,negative
41,0,sweater,40,idaho,0,yellow,2.7,0,0,0,14,4,True,False,False,True,False,False,False,False,True,False,False,False,False,False,False,True,low,35-44,negative
31,0,hoodie,53,alaska,1,red,4.7,0,0,0,30,4,True,False,False,False,True,False,True,False,False,False,False,False,False,True,False,False,medium,25-34,positive
31,0,sunglasses,48,new hampshire,0,charcoal,3.8,0,0,0,10,12,False,False,False,False,False,True,False,False,False,True,False,True,False,False,False,False,medium,25-34,neutral
57,0,sandals,70,ohio,1,lavender,3.7,0,0,0,7,52,False,True,False,False,False,True,True,False,False,False,False,False,False,False,True,False,medium,55-64,neutral
29,0,coat,29,montana,2,charcoal,4.7,0,0,0,28,4,False,False,True,False,True,False,True,False,False,False,False,False,True,False,False,False,low,25-34,positive
70,0,belt,29,louisiana,1,maroon,3.6,0,0,0,19,4,False,False,False,False,False,False,False,False,True,False,False,False,False,False,False,False,low,65+,neutral
51,0,blouse,53,oregon,1,brown,2.8,0,0,0,13,4,True,False,False,False,False,False,True,False,False,False,False,False,True,False,False,False,medium,45-54,negative
45,0,skirt,79,arizona,1,lavender,3.7,0,0,0,23,26,True,False,False,False,False,True,False,False,False,False,True,False,False,False,False,True,high,45-54,neutral
18,0,shorts,65,alaska,3,brown,3.5,0,0,0,5,52,True,False,False,True,False,False,True,False,False,False,False,False,False,False,False,True,medium,18-24,neutral
37,0,dress,99,utah,1,olive,3.7,0,0,0,17,26,True,False,False,False,True,False,False,False,False,False,True,False,False,False,False,True,high,35-44,neutral
23,0,sunglasses,60,new york,2,lavender,3.0,0,0,0,31,52,False,False,False,False,False,True,False,False,True,False,False,False,False,False,False,True,medium,18-24,neutral
39,0,shoes,86,new mexico,1,gold,4.9,0,0,0,19,52,False,True,False,False,False,True,False,True,False,False,False,False,False,False,True,False,high,35-44,positive
62,0,belt,73,louisiana,1,silver,4.6,0,0,0,8,26,False,False,False,False,False,True,False,True,False,False,False,False,False,False,False,True,medium,55-64,positive
70,0,belt,45,ohio,1,violet,3.3,0,0,0,15,1,False,False,False,False,False,True,False,True,False,False,False,False,True,False,False,False,low,65+,neutral
20,0,belt,70,nevada,0,brown,3.0,0,0,0,18,4,False,False,False,False,True,False,False,False,True,False,False,False,True,False,False,False,medium,18-24,neutral
42,0,belt,65,idaho,1,teal,3.5,0,0,0,16,1,False,False,False,False,False,False,False,False,False,True,False,False,False,False,True,False,medium,35-44,neutral
41,0,skirt,55,arizona,2,peach,4.2,0,0,0,13,12,True,False,False,False,True,False,False,False,False,False,True,True,False,False,False,False,medium,35-44,positive
24,0,t-shirt,65,utah,1,maroon,4.5,0,0,0,38,4,True,False,False,True,False,False,True,False,False,False,False,False,False,False,True,False,medium,18-24,positive
37,0,scarf,21,wyoming,3,lavender,2.8,0,0,0,27,26,False,False,False,True,False,False,True,False,False,False,False,False,False,False,False,False,low,35-44,negative
30,0,blouse,26,indiana,2,lavender,4.9,0,0,0,31,4,True,False,False,False,True,False,False,False,False,False,True,False,False,False,False,False,low,25-34,positive
58,0,sunglasses,71,wisconsin,0,purple,3.3,0,0,0,24,26,False,False,False,False,True,False,False,False,True,False,False,True,False,False,False,False,medium,55-64,neutral
43,0,boots,41,texas,1,green,3.0,0,0,0,21,26,False,True,False,False,True,False,False,True,False,False,False,False,False,True,False,False,low,35-44,neutral
19,0,jacket,44,utah,1,yellow,3.9,0,0,0,15,1,False,False,True,False,False,True,False,False,False,False,False,False,False,False,True,False,low,18-24,neutral
23,0,jeans,81,arkansas,0,charcoal,2.8,0,0,0,48,4,True,False,False,False,False,False,False,False,False,False,True,False,False,False,False,True,high,18-24,negative
65,0,sunglasses,77,pennsylvania,0,blue,4.5,0,0,0,47,4,False,False,False,False,True,False,False,False,False,False,False,True,False,False,False,False,high,65+,positive
58,0,sandals,26,georgia,1,lavender,4.0,0,0,0,23,52,False,True,False,False,False,False,False,True,False,False,False,False,False,False,True,False,low,55-64,positive
50,0,backpack,31,indiana,1,brown,2.9,0,0,0,4,4,False,False,False,False,True,False,True,False,False,False,False,False,False,False,True,False,low,45-54,negative
67,0,blouse,82,idaho,0,white,4.0,0,0,0,47,4,True,False,False,True,False,False,False,True,False,False,False,False,True,False,False,False,high,65+,positive
40,0,shoes,60,montana,3,green,3.4,0,0,0,7,12,False,True,False,False,True,False,False,False,False,False,True,False,False,False,True,False,medium,35-44,neutral
55,0,shirt,70,tennessee,2,magenta,2.5,0,0,0,6,1,True,False,False,False,False,False,False,True,False,False,False,False,True,False,False,False,medium,55-64,negative
52,0,hoodie,26,west virginia,3,peach,2.8,0,0,0,47,4,True,False,False,False,False,True,False,False,False,False,False,False,True,False,False,False,low,45-54,negative
62,0,dress,100,california,2,charcoal,3.0,0,0,0,7,4,True,False,False,False,True,False,False,True,False,False,False,False,False,False,True,False,high,55-64,neutral
64,0,dress,82,georgia,1,gold,3.1,0,0,0,1,4,True,False,False,False,True,False,False,True,False,False,False,False,False,True,False,False,high,55-64,neutral
43,0,sneakers,24,maryland,3,purple,2.6,0,0,0,23,52,False,True,False,True,False,False,False,False,False,False,False,False,True,False,False,False,low,35-44,negative
61,0,blouse,74,idaho,2,teal,4.9,0,0,0,30,12,True,False,False,False,True,False,False,False,False,False,False,False,True,False,False,False,high,55-64,positive
26,0,backpack,58,california,3,green,3.5,0,0,0,24,4,False,False,False,False,True,False,False,False,True,False,False,False,True,False,False,False,medium,25-34,neutral
22,0,sweater,56,alabama,2,orange,2.6,0,0,0,9,52,True,False,False,True,False,False,False,False,False,False,True,False,False,False,True,False,medium,18-24,negative
51,0,boots,37,utah,2,peach,3.5,0,0,0,25,4,False,True,False,True,False,False,False,False,False,False,False,False,True,False,False,False,low,45-54,neutral
69,0,handbag,64,kentucky,1,gold,4.5,0,0,0,18,26,False,False,False,True,False,False,False,True,False,False,False,True,False,False,False,False,medium,65+,positive
50,0,hoodie,58,vermont,0,violet,4.3,0,0,0,7,26,True,False,False,True,False,False,False,False,True,False,False,False,False,False,False,True,medium,45-54,positive
51,0,belt,44,iowa,2,charcoal,4.8,0,0,0,2,1,False,False,False,False,True,False,False,False,True,False,False,True,False,False,False,False,low,45-54,positive
56,0,jewelry,39,georgia,1,brown,4.2,0,0,0,36,1,False,False,False,False,True,False,False,True,False,False,False,False,False,True,False,False,low,55-64,positive
59,0,blouse,48,alabama,2,blue,3.2,0,0,0,31,26,True,False,False,True,False,False,False,False,True,False,False,False,False,False,True,False,medium,55-64,neutral
18,0,handbag,32,nebraska,1,gold,4.1,0,0,0,10,26,False,False,False,False,False,False,True,False,False,False,False,True,False,False,False,False,low,18-24,positive
48,0,handbag,79,rhode island,1,orange,4.0,0,0,0,27,12,False,False,False,False,False,True,True,False,False,False,False,False,False,False,True,False,high,45-54,positive
53,0,coat,27,south dakota,2,turquoise,2.9,0,0,0,14,4,False,False,True,False,False,True,False,False,True,False,False,False,False,False,True,False,low,45-54,negative
45,0,belt,98,illinois,0,peach,2.6,0,0,0,17,12,False,False,False,False,False,False,False,False,False,False,True,False,True,False,False,False,high,45-54,negative
21,0,boots,67,north carolina,1,magenta,2.7,0,0,0,10,4,False,True,False,False,False,True,False,True,False,False,False,False,False,False,False,False,medium,18-24,negative
42,0,socks,37,florida,2,black,4.6,0,0,0,4,26,True,False,False,False,False,True,False,False,False,False,False,False,False,False,True,False,low,35-44,positive
60,0,shoes,49,pennsylvania,1,white,3.2,0,0,0,25,4,False,True,False,True,False,False,False,False,False,False,True,True,False,False,False,False,medium,55-64,neutral
21,0,sneakers,74,vermont,1,violet,4.1,0,0,0,3,26,False,True,False,False,False,False,False,False,False,False,False,False,False,False,True,False,high,18-24,positive
69,0,jewelry,93,colorado,1,olive,3.9,0,0,0,47,26,False,False,False,False,True,False,False,False,False,True,False,False,False,False,False,True,high,65+,neutral
40,0,handbag,60,utah,2,red,3.0,0,0,0,41,26,False,False,False,False,True,False,False,False,True,False,False,False,False,False,False,False,medium,35-44,neutral
31,0,coat,76,kentucky,0,green,3.6,0,0,0,28,4,False,False,True,True,False,False,False,False,False,True,False,False,False,False,False,True,high,25-34,neutral
44,0,sunglasses,64,wyoming,2,gold,4.6,0,0,0,49,4,False,False,False,False,True,False,True,False,False,False,False,False,False,True,False,False,medium,35-44,positive
48,0,shoes,38,maine,3,olive,4.5,0,0,0,7,26,False,True,False,True,False,False,False,False,False,False,True,False,False,False,False,False,low,45-54,positive
32,0,shoes,91,maine,2,brown,3.2,0,0,0,22,12,False,True,False,False,False,True,False,False,True,False,False,False,False,False,False,False,high,25-34,neutral
42,0,boots,70,new hampshire,0,magenta,4.9,0,0,0,34,12,False,True,False,False,True,False,False,False,False,False,False,False,False,False,False,True,medium,35-44,positive
27,0,sandals,22,kansas,1,violet,5.0,0,0,0,5,26,False,True,False,False,False,False,False,False,False,True,False,False,False,True,False,False,low,25-34,positive
69,0,gloves,59,new jersey,1,beige,3.8,0,0,0,15,26,False,False,False,True,False,False,False,False,False,True,False,True,False,False,False,False,medium,65+,neutral
67,0,backpack,22,north carolina,1,blue,3.4,0,0,0,26,52,False,False,False,True,False,False,False,False,True,False,False,False,False,False,False,False,low,65+,neutral
41,0,handbag,74,west virginia,0,orange,3.8,0,0,0,3,26,False,False,False,False,False,True,False,False,False,False,True,False,False,False,False,False,high,35-44,neutral
46,0,sweater,71,kentucky,2,maroon,3.2,0,0,0,42,4,True,False,False,True,False,False,True,False,False,False,False,False,True,False,False,False,medium,45-54,neutral
47,0,coat,80,california,0,charcoal,4.7,0,0,0,1,12,False,False,True,False,True,False,False,False,False,False,True,False,False,False,False,True,high,45-54,positive
33,0,t-shirt,59,south dakota,2,olive,4.5,0,0,0,20,4,True,False,False,False,False,False,True,False,False,False,False,False,False,False,True,False,medium,25-34,positive
51,0,backpack,96,california,2,green,3.3,0,0,0,39,12,False,False,False,False,False,False,False,False,False,True,False,False,False,False,True,False,high,45-54,neutral
26,0,sunglasses,43,connecticut,2,brown,3.9,0,0,0,24,26,False,False,False,False,False,True,False,False,False,False,True,False,True,False,False,False,low,25-34,neutral
22,0,belt,76,idaho,0,cyan,3.6,0,0,0,49,4,False,False,False,False,False,True,True,False,False,False,False,False,False,False,False,False,high,18-24,neutral
49,0,jacket,59,north dakota,1,beige,2.8,0,0,0,7,26,False,False,True,False,False,False,False,False,False,False,True,False,False,False,False,True,medium,45-54,negative
58,0,skirt,48,michigan,2,teal,4.3,0,0,0,13,4,True,False,False,False,True,False,False,True,False,False,False,False,False,False,False,True,medium,55-64,positive
70,0,belt,22,missouri,0,gray,3.5,0,0,0,2,52,False,False,False,True,False,False,False,True,False,False,False,True,False,False,False,False,low,65+,neutral
32,0,boots,40,california,1,indigo,4.2,0,0,0,4,52,False,True,False,False,False,True,True,False,False,False,False,False,False,True,False,False,low,25-34,positive
62,0,jeans,73,delaware,2,magenta,4.6,0,0,0,17,4,True,False,False,True,False,False,True,False,False,False,False,False,False,True,False,False,medium,55-64,positive
52,0,shoes,26,alabama,3,red,2.6,0,0,0,43,26,False,True,False,False,False,False,False,True,False,False,False,False,False,False,True,False,low,45-54,negative
23,0,sweater,41,new hampshire,2,turquoise,3.4,0,0,0,6,12,True,False,False,True,False,False,False,False,True,False,False,False,False,False,True,False,low,18-24,neutral
26,0,jewelry,98,new york,2,peach,3.1,0,0,0,46,4,False,False,False,True,False,False,False,False,False,True,False,False,False,False,True,False,high,25-34,neutral
58,0,shirt,63,oregon,2,white,3.6,0,0,0,7,26,True,False,False,False,False,True,False,True,False,False,False,False,False,True,False,False,medium,55-64,neutral
26,0,boots,55,massachusetts,2,maroon,4.2,0,0,0,34,26,False,True,False,False,False,True,False,False,True,False,False,False,False,True,False,False,medium,25-34,positive
54,0,shorts,90,utah,3,beige,3.6,0,0,0,21,4,True,False,False,False,False,True,False,False,False,True,False,False,False,False,True,False,high,45-54,neutral
66,0,handbag,46,new hampshire,1,blue,3.6,0,0,0,13,26,False,False,False,False,True,False,True,False,False,False,False,False,False,False,False,True,medium,65+,neutral
60,0,sweater,88,illinois,0,red,3.0,0,0,0,33,26,True,False,False,True,False,False,False,False,False,False,True,False,False,True,False,False,high,55-64,neutral
32,0,belt,95,alaska,1,blue,2.5,0,0,0,24,26,False,False,False,True,False,False,False,False,False,False,False,False,False,False,False,False,high,25-34,negative
48,0,belt,31,wyoming,1,maroon,4.0,0,0,0,4,1,False,False,False,False,False,False,False,False,False,False,True,False,False,False,False,False,low,45-54,positive
69,0,hoodie,42,colorado,2,yellow,4.1,0,0,0,5,26,True,False,False,True,False,False,False,False,True,False,False,True,False,False,False,False,low,65+,positive
64,0,sneakers,44,vermont,2,pink,4.9,0,0,0,11,52,False,True,False,False,False,True,False,False,True,False,False,False,True,False,False,False,low,55-64,positive
56,0,t-shirt,99,utah,1,maroon,4.0,0,0,0,20,1,True,False,False,True,False,False,False,False,True,False,False,False,False,False,False,False,high,55-64,positive
22,0,pants,20,illinois,0,purple,3.5,0,0,0,28,4,True,False,False,False,True,False,False,False,False,False,True,False,False,False,True,False,low,18-24,neutral
46,0,scarf,37,idaho,0,indigo,3.2,0,0,0,43,12,False,False,False,True,False,False,False,False,False,False,True,False,False,False,True,False,low,45-54,neutral
24,0,sweater,50,nevada,2,gray,2.8,0,0,0,10,4,True,False,False,False,False,True,False,False,False,False,True,False,False,False,False,True,medium,18-24,negative
47,0,handbag,73,utah,1,lavender,3.5,0,0,0,26,4,False,False,False,False,True,False,False,False,True,False,False,False,False,False,False,True,medium,45-54,neutral
62,0,shirt,84,north carolina,1,charcoal,3.1,0,0,0,29,12,True,False,False,True,False,False,False,True,False,False,False,False,False,False,False,False,high,55-64,neutral
34,0,dress,64,arkansas,1,teal,3.3,0,0,0,35,4,True,False,False,True,False,False,False,False,False,False,True,False,False,False,False,False,medium,25-34,neutral
50,0,sandals,21,north carolina,2,blue,4.6,0,0,0,23,26,False,True,False,False,False,False,False,True,False,False,False,True,False,False,False,False,low,45-54,positive
29,0,shirt,36,texas,1,peach,4.9,0,0,0,15,4,True,False,False,False,True,False,False,False,False,False,True,False,False,False,False,False,low,25-34,positive
68,0,dress,81,nevada,2,orange,3.4,0,0,0,46,1,True,False,False,False,False,True,False,False,False,False,False,False,True,False,False,False,high,65+,neutral
52,0,sunglasses,54,utah,2,silver,3.5,0,0,0,14,26,False,False,False,False,False,False,False,False,True,False,False,False,False,False,False,False,medium,45-54,neutral
29,0,socks,63,pennsylvania,2,red,4.8,0,0,0,17,4,True,False,False,False,True,False,False,False,False,False,True,True,False,False,False,False,medium,25-34,positive
22,0,sandals,59,georgia,1,gray,2.7,0,0,0,9,52,False,True,False,False,True,False,False,False,False,False,True,True,False,False,False,False,medium,18-24,negative
62,0,hat,53,minnesota,0,beige,3.4,0,0,0,13,26,False,False,False,False,False,False,False,False,False,True,False,False,False,False,False,True,medium,55-64,neutral
69,0,shirt,63,kansas,2,white,3.5,0,0,0,20,12,True,False,False,False,False,True,False,False,True,False,False,False,False,False,False,False,medium,65+,neutral
48,0,shoes,33,delaware,1,silver,3.7,0,0,0,39,4,False,True,False,False,False,False,False,True,False,False,False,False,False,False,False,False,low,45-54,neutral
66,0,pants,64,new mexico,2,cyan,3.3,0,0,0,50,4,True,False,False,False,True,False,False,False,True,False,False,False,False,False,False,False,medium,65+,neutral
42,0,shirt,98,michigan,0,maroon,2.9,0,0,0,21,26,True,False,False,False,False,False,False,True,False,False,False,False,False,False,False,False,high,35-44,negative
50,0,hat,85,vermont,2,purple,3.9,0,0,0,3,52,False,False,False,False,False,True,True,False,False,False,False,False,False,False,False,False,high,45-54,neutral
32,0,jewelry,82,idaho,0,brown,2.7,0,0,0,9,26,False,False,False,False,True,False,True,False,False,False,False,False,False,False,True,False,high,25-34,negative
51,0,jacket,85,south dakota,1,green,4.3,0,0,0,29,26,False,False,True,False,True,False,False,False,False,True,False,True,False,False,False,False,high,45-54,positive
27,0,shirt,37,illinois,0,peach,3.0,0,0,0,42,52,True,False,False,False,False,True,False,False,False,False,False,False,False,False,False,False,low,25-34,neutral
43,0,pants,56,georgia,0,turquoise,5.0,0,0,0,41,26,True,False,False,False,True,False,False,False,False,False,False,False,False,True,False,False,medium,35-44,positive
48,0,skirt,33,oregon,1,olive,2.7,0,0,0,17,12,True,False,False,False,False,False,True,False,False,False,False,False,False,True,False,False,low,45-54,negative
62,0,sandals,57,alabama,1,yellow,4.7,0,0,0,20,1,False,True,False,False,False,True,False,False,True,False,False,False,False,False,True,False,medium,55-64,positive
65,0,blouse,31,hawaii,2,gray,4.6,0,0,0,18,26,True,False,False,False,False,True,False,False,False,True,False,False,True,False,False,False,low,65+,positive
50,0,socks,69,oregon,1,purple,3.2,0,0,0,7,12,True,False,False,False,False,False,False,False,False,False,False,False,False,False,True,False,medium,45-54,neutral
60,0,jacket,92,illinois,1,gray,4.3,0,0,0,47,26,False,False,True,False,False,True,False,True,False,False,False,False,False,False,False,False,high,55-64,positive
19,0,handbag,46,texas,2,lavender,4.6,0,0,0,2,26,False,False,False,False,False,False,False,False,True,False,False,False,False,False,False,False,medium,18-24,positive
21,0,belt,81,kansas,3,indigo,4.9,0,0,0,25,4,False,False,False,True,False,False,False,True,False,False,False,False,False,True,False,False,high,18-24,positive
19,0,blouse,97,texas,0,green,3.8,0,0,0,26,1,True,False,False,False,False,False,True,False,False,False,False,False,False,False,False,True,high,18-24,neutral
46,0,shirt,93,nebraska,2,green,2.6,0,0,0,2,52,True,False,False,False,True,False,True,False,False,False,False,False,False,True,False,False,high,45-54,negative
21,0,handbag,56,arkansas,1,olive,4.7,0,0,0,45,26,False,False,False,True,False,False,False,False,False,False,True,False,False,False,False,True,medium,18-24,positive
26,0,scarf,53,south dakota,1,charcoal,4.1,0,0,0,9,26,False,False,False,False,False,False,False,True,False,False,False,False,False,False,False,False,medium,25-34,positive
50,0,coat,66,montana,2,gray,3.7,0,0,0,1,52,False,False,True,True,False,False,False,False,False,False,True,False,False,False,False,True,medium,45-54,neutral
43,0,hoodie,50,florida,1,olive,3.0,0,0,0,4,26,True,False,False,False,False,False,False,True,False,False,False,False,False,False,True,False,medium,35-44,neutral
61,0,shorts,97,virginia,2,blue,4.7,0,0,0,31,4,True,False,False,False,True,False,False,False,False,True,False,False,False,True,False,False,high,55-64,positive
63,0,sandals,79,louisiana,3,silver,4.7,0,0,0,21,4,False,True,False,False,False,True,False,False,False,False,False,False,True,False,False,False,high,55-64,positive
46,0,shirt,76,louisiana,1,magenta,4.0,0,0,0,32,26,True,False,False,False,False,False,False,False,False,False,True,False,False,True,False,False,high,45-54,positive
63,0,hoodie,38,louisiana,2,black,2.6,0,0,0,16,52,True,False,False,False,False,False,False,False,False,True,False,False,False,False,False,True,low,55-64,negative
23,0,socks,45,georgia,1,pink,3.0,0,0,0,34,26,True,False,False,False,False,False,True,False,False,False,False,False,True,False,False,False,low,18-24,neutral
57,0,handbag,77,iowa,3,red,3.3,0,0,0,40,26,False,False,False,False,False,False,False,False,True,False,False,False,False,False,False,True,high,55-64,neutral
57,0,jewelry,51,california,1,peach,3.4,0,0,0,4,4,False,False,False,False,True,False,False,False,False,True,False,True,False,False,False,False,medium,55-64,neutral
33,0,coat,26,oregon,2,lavender,4.0,0,0,0,3,4,False,False,True,True,False,False,False,False,False,True,False,True,False,False,False,False,low,25-34,positive
57,0,sunglasses,76,maine,2,lavender,2.6,0,0,0,28,26,False,False,False,False,False,True,False,False,False,False,True,False,False,False,False,False,high,55-64,negative
55,0,gloves,94,louisiana,1,beige,3.4,0,0,0,43,4,False,False,False,False,False,True,False,True,False,False,False,False,True,False,False,False,high,55-64,neutral
65,0,jacket,32,arkansas,0,indigo,4.4,0,0,0,20,1,False,False,True,False,False,False,False,False,False,True,False,True,False,False,False,False,low,65+,positive
60,0,sandals,20,maryland,0,cyan,4.7,0,0,0,40,4,False,True,False,False,True,False,True,False,False,False,False,False,False,False,False,True,low,55-64,positive
52,0,pants,20,vermont,1,yellow,4.5,0,0,0,34,4,True,False,False,False,True,False,False,False,False,False,True,False,False,False,False,True,low,45-54,positive
34,0,jacket,59,north dakota,1,peach,2.9,0,0,0,11,4,False,False,True,False,False,False,False,False,False,False,True,False,False,False,False,False,medium,25-34,negative
33,0,sweater,97,michigan,1,yellow,4.2,0,0,0,26,4,True,False,False,False,True,False,True,False,False,False,False,True,False,False,False,False,high,25-34,positive
58,0,t-shirt,68,arkansas,1,orange,4.1,0,0,0,29,26,True,False,False,True,False,False,False,False,True,False,False,True,False,False,False,False,medium,55-64,positive
35,0,boots,66,kentucky,2,gray,4.4,0,0,0,47,52,False,True,False,True,False,False,False,False,False,False,True,False,False,False,False,False,medium,35-44,positive
68,0,shoes,85,indiana,2,yellow,4.7,0,0,0,48,26,False,True,False,True,False,False,False,True,False,False,False,False,False,False,False,True,high,65+,positive
58,0,skirt,32,minnesota,1,gray,3.1,0,0,0,29,26,True,False,False,False,False,False,False,False,True,False,False,True,False,False,False,False,low,55-64,neutral
34,0,coat,44,louisiana,1,turquoise,2.7,0,0,0,14,12,False,False,True,True,False,False,False,False,False,False,False,False,False,False,False,False,low,25-34,negative
47,0,blouse,95,kentucky,2,gray,4.6,0,0,0,40,4,True,False,False,False,False,False,False,False,True,False,False,True,False,False,False,False,high,45-54,positive
35,0,sunglasses,85,georgia,1,olive,4.4,0,0,0,4,52,False,False,False,False,False,True,False,False,True,False,False,False,False,False,False,True,high,35-44,positive
34,0,gloves,44,alaska,3,peach,4.6,0,0,0,37,52,False,False,False,False,True,False,False,True,False,False,False,False,False,False,False,False,low,25-34,positive
36,0,sunglasses,30,mississippi,0,peach,4.9,0,0,0,47,26,False,False,False,False,False,True,True,False,False,False,False,False,True,False,False,False,low,35-44,positive
23,0,sneakers,21,kansas,2,magenta,4.0,0,0,0,1,4,False,True,False,False,False,True,False,False,False,False,False,False,False,False,False,True,low,18-24,positive
68,0,hoodie,22,arizona,1,purple,2.9,0,0,0,26,4,True,False,False,False,True,False,False,False,False,False,True,True,False,False,False,False,low,65+,negative
23,0,boots,70,maine,2,beige,2.6,0,0,0,12,4,False,True,False,True,False,False,False,True,False,False,False,False,False,True,False,False,medium,18-24,negative
57,0,handbag,29,texas,3,purple,4.6,0,0,0,16,26,False,False,False,True,False,False,False,False,False,True,False,False,False,False,True,False,low,55-64,positive
21,0,shirt,83,virginia,0,yellow,4.9,0,0,0,19,1,True,False,False,False,False,True,False,True,False,False,False,False,False,False,True,False,high,18-24,positive
45,0,sweater,99,north dakota,1,pink,4.3,0,0,0,21,52,True,False,False,False,False,True,True,False,False,False,False,False,True,False,False,False,high,45-54,positive
37,0,shorts,35,west virginia,2,purple,4.3,0,0,0,15,52,True,False,False,False,False,False,False,True,False,False,False,False,False,False,False,True,low,35-44,positive
18,0,belt,40,north carolina,1,lavender,4.6,0,0,0,9,1,False,False,False,False,False,True,False,True,False,False,False,False,False,False,False,True,low,18-24,positive
55,0,blouse,25,georgia,1,peach,2.6,0,0,0,7,26,True,False,False,True,False,False,True,False,False,False,False,False,False,False,False,False,low,55-64,negative
52,0,t-shirt,64,new mexico,2,orange,3.1,0,0,0,47,4,True,False,False,False,False,False,False,False,False,False,False,False,False,False,False,False,medium,45-54,neutral
49,0,belt,90,north carolina,1,red,3.1,0,0,0,17,12,False,False,False,False,False,False,False,False,False,False,True,False,False,False,True,False,high,45-54,neutral
56,0,socks,88,alabama,2,red,3.1,0,0,0,46,26,True,False,False,False,False,False,False,False,True,False,False,False,False,False,False,True,high,55-64,neutral
27,0,belt,55,connecticut,1,gold,4.4,0,0,0,32,4,False,False,False,False,False,True,False,False,False,True,False,True,False,False,False,False,medium,25-34,positive
22,0,handbag,90,montana,1,brown,4.3,0,0,0,34,1,False,False,False,False,False,False,False,True,False,False,False,True,False,False,False,False,high,18-24,positive
18,0,shirt,50,montana,1,black,3.1,0,0,0,18,12,True,False,False,False,False,True,False,False,False,False,False,True,False,False,False,False,medium,18-24,neutral
21,0,belt,34,maine,2,red,3.1,0,0,0,5,26,False,False,False,False,False,False,False,False,False,False,True,False,False,True,False,False,low,18-24,neutral
30,0,jewelry,77,mississippi,1,gray,4.9,0,0,0,44,12,False,False,False,False,False,True,False,False,False,False,False,False,True,False,False,False,high,25-34,positive
62,0,hat,89,louisiana,2,pink,2.9,0,0,0,4,4,False,False,False,False,False,True,False,False,False,False,True,False,False,False,False,False,high,55-64,negative
28,0,backpack,87,nebraska,3,turquoise,3.8,0,0,0,37,26,False,False,False,False,False,False,False,False,True,False,False,True,False,False,False,False,high,25-34,neutral
66,0,dress,77,massachusetts,0,charcoal,4.2,0,0,0,43,12,True,False,False,False,False,True,False,False,False,False,False,True,False,False,False,False,high,65+,positive
66,0,shoes,85,wisconsin,2,blue,3.9,0,0,0,28,4,False,True,False,False,False,True,False,False,False,True,False,False,False,False,False,False,high,65+,neutral
49,0,pants,66,nebraska,3,turquoise,2.8,0,0,0,36,12,True,False,False,False,True,False,True,False,False,False,False,True,False,False,False,False,medium,45-54,negative
40,0,dress,32,arizona,2,silver,2.6,0,0,0,16,1,True,False,False,False,False,True,False,False,False,True,False,False,True,False,False,False,low,35-44,negative
49,0,jacket,92,hawaii,1,lavender,3.0,0,0,0,38,4,False,False,True,True,False,False,False,False,False,False,True,False,False,False,False,False,high,45-54,neutral
19,0,shirt,80,georgia,1,gold,2.7,0,0,0,37,26,True,False,False,False,False,True,False,False,True,False,False,False,False,False,False,False,high,18-24,negative
24,0,dress,78,oregon,1,blue,2.8,0,0,0,9,26,True,False,False,False,False,False,False,False,False,False,False,True,False,False,False,False,high,18-24,negative
31,0,jeans,24,montana,1,orange,2.9,0,0,0,14,26,True,False,False,True,False,False,False,False,False,False,False,False,False,False,True,False,low,25-34,negative
35,0,t-shirt,59,georgia,1,white,3.8,0,0,0,3,52,True,False,False,False,False,False,False,True,False,False,False,False,False,False,False,True,medium,35-44,neutral
65,0,sunglasses,41,rhode island,3,charcoal,4.4,0,0,0,10,26,False,False,False,True,False,False,True,False,False,False,False,False,True,False,False,False,low,65+,positive
68,0,jewelry,26,tennessee,1,maroon,3.1,0,0,0,26,26,False,False,False,True,False,False,True,False,False,False,False,False,False,False,False,False,low,65+,neutral
57,0,socks,52,missouri,1,olive,3.7,0,0,0,30,26,True,False,False,False,False,False,False,False,False,True,False,False,False,True,False,False,medium,55-64,neutral
69,0,skirt,46,washington,2,teal,4.9,0,0,0,32,26,True,False,False,False,True,False,False,False,True,False,False,False,False,False,True,False,medium,65+,positive
45,0,pants,52,oklahoma,2,orange,3.8,0,0,0,35,12,True,False,False,False,False,True,False,False,False,False,True,False,False,False,True,False,medium,45-54,neutral
35,0,socks,42,connecticut,1,maroon,3.4,0,0,0,26,4,True,False,False,False,False,False,False,False,False,False,True,False,False,True,False,False,low,35-44,neutral
36,0,sandals,37,arkansas,3,turquoise,4.6,0,0,0,39,12,False,True,False,True,False,False,False,False,False,False,False,False,True,False,False,False,low,35-44,positive
55,0,belt,52,missouri,2,beige,3.2,0,0,0,31,12,False,False,False,False,False,False,False,False,False,True,False,False,True,False,False,False,medium,55-64,neutral
66,0,sandals,34,washington,2,beige,2.7,0,0,0,28,1,False,True,False,True,False,False,False,True,False,False,False,False,True,False,False,False,low,65+,negative
57,0,shorts,88,idaho,1,olive,4.3,0,0,0,12,26,True,False,False,True,False,False,False,True,False,False,False,False,False,True,False,False,high,55-64,positive
18,0,handbag,88,montana,2,turquoise,3.8,0,0,0,46,52,False,False,False,False,False,False,False,False,False,True,False,False,False,False,True,False,high,18-24,neutral
31,0,jacket,51,montana,1,charcoal,4.4,0,0,0,27,4,False,False,True,False,True,False,False,True,False,False,False,False,False,False,True,False,medium,25-34,positive
50,0,sunglasses,97,georgia,2,green,3.6,0,0,0,4,1,False,False,False,False,False,False,False,True,False,False,False,False,True,False,False,False,high,45-54,neutral
50,0,sneakers,56,mississippi,1,green,3.5,0,0,0,14,4,False,True,False,False,False,True,False,False,False,True,False,True,False,False,False,False,medium,45-54,neutral
61,0,sweater,53,hawaii,2,green,4.2,0,0,0,30,4,True,False,False,True,False,False,False,False,False,False,False,False,False,False,False,True,medium,55-64,positive
52,0,skirt,71,ohio,2,gold,4.7,0,0,0,6,1,True,False,False,False,False,False,True,False,False,False,False,False,False,False,True,False,medium,45-54,positive
38,0,jewelry,93,virginia,0,cyan,4.8,0,0,0,43,1,False,False,False,False,False,True,False,False,False,False,True,False,False,False,False,True,high,35-44,positive
67,0,blouse,72,texas,2,indigo,3.2,0,0,0,28,52,True,False,False,False,False,True,False,True,False,False,False,False,False,True,False,False,medium,65+,neutral
42,0,blouse,59,vermont,1,lavender,3.5,0,0,0,39,12,True,False,False,False,False,True,False,False,False,True,False,False,False,False,False,False,medium,35-44,neutral
25,0,boots,87,kansas,1,beige,4.2,0,0,0,30,26,False,True,False,False,True,False,False,False,False,False,True,False,False,False,True,False,high,25-34,positive
41,0,jeans,78,california,0,purple,3.4,0,0,0,5,26,True,False,False,False,False,False,False,True,False,False,False,False,True,False,False,False,high,35-44,neutral
62,0,hoodie,68,mississippi,3,maroon,4.7,0,0,0,42,4,True,False,False,False,False,True,False,False,False,False,True,False,True,False,False,False,medium,55-64,positive
19,0,sweater,76,iowa,0,maroon,3.0,0,0,0,20,26,True,False,False,False,False,False,False,True,False,False,False,True,False,False,False,False,high,18-24,neutral
63,0,gloves,99,virginia,2,teal,4.0,0,0,0,35,26,False,False,False,False,False,True,True,False,False,False,False,False,True,False,False,False,high,55-64,positive
43,0,sneakers,52,maryland,2,gold,4.6,0,0,0,10,26,False,True,False,False,True,False,False,False,False,True,False,False,True,False,False,False,medium,35-44,positive
68,0,sunglasses,58,missouri,0,red,4.9,0,0,0,36,4,False,False,False,True,False,False,False,False,True,False,False,False,True,False,False,False,medium,65+,positive
24,0,belt,59,wisconsin,2,maroon,2.8,0,0,0,21,26,False,False,False,False,False,True,True,False,False,False,False,False,False,True,False,False,medium,18-24,negative
27,0,sweater,71,maine,1,teal,3.2,0,0,0,29,4,True,False,False,True,False,False,False,True,False,False,False,False,True,False,False,False,medium,25-34,neutral
61,0,gloves,94,pennsylvania,2,peach,2.8,0,0,0,39,52,False,False,False,False,False,True,False,True,False,False,False,False,False,True,False,False,high,55-64,negative
59,0,handbag,40,maine,3,pink,4.2,0,0,0,16,12,False,False,False,False,False,True,True,False,False,False,False,False,False,False,True,False,low,55-64,positive
67,0,socks,24,missouri,2,black,4.8,0,0,0,32,12,True,False,False,True,False,False,False,True,False,False,False,False,True,False,False,False,low,65+,positive
46,0,pants,38,vermont,0,indigo,2.8,0,0,0,34,12,True,False,False,False,False,False,False,False,False,False,False,True,False,False,False,False,low,45-54,negative
65,0,scarf,37,wisconsin,2,green,4.5,0,0,0,38,1,False,False,False,False,False,False,False,False,False,True,False,False,False,False,False,True,low,65+,positive
63,0,coat,29,new jersey,2,teal,4.1,0,0,0,14,1,False,False,True,True,False,False,True,False,False,False,False,False,False,False,False,True,low,55-64,positive
57,0,jacket,92,new mexico,3,lavender,4.3,0,0,0,23,26,False,False,True,False,False,False,False,True,False,False,False,False,False,True,False,False,high,55-64,positive
40,0,hoodie,24,colorado,3,magenta,4.4,0,0,0,50,4,True,False,False,False,False,False,False,False,False,False,False,False,False,False,False,False,low,35-44,positive
36,0,boots,52,california,1,brown,3.0,0,0,0,49,12,False,True,False,False,False,True,False,True,False,False,False,False,False,False,True,False,medium,35-44,neutral
67,0,socks,29,arizona,3,beige,2.7,0,0,0,14,1,True,False,False,False,True,False,False,False,True,False,False,False,False,False,True,False,low,65+,negative
61,0,jewelry,30,indiana,2,indigo,3.3,0,0,0,42,52,False,False,False,False,False,True,False,False,False,False,False,False,False,False,True,False,low,55-64,neutral
64,0,shoes,31,arkansas,2,peach,4.3,0,0,0,39,1,False,True,False,False,False,False,False,False,False,True,False,False,False,True,False,False,low,55-64,positive
30,0,socks,67,nevada,1,magenta,2.9,0,0,0,43,26,True,False,False,False,True,False,True,False,False,False,False,False,False,False,False,True,medium,25-34,negative
53,0,pants,65,rhode island,2,turquoise,4.9,0,0,0,12,12,True,False,False,False,False,True,False,False,False,True,False,True,False,False,False,False,medium,45-54,positive
27,0,sneakers,22,wyoming,1,indigo,3.6,0,0,0,21,52,False,True,False,False,False,True,False,False,False,False,False,False,False,True,False,False,low,25-34,neutral
27,0,sunglasses,56,texas,1,brown,3.3,0,0,0,33,12,False,False,False,False,False,True,False,False,False,True,False,False,True,False,False,False,medium,25-34,neutral
53,0,skirt,78,washington,1,yellow,3.1,0,0,0,6,1,True,False,False,True,False,False,False,True,False,False,False,False,False,True,False,False,high,45-54,neutral
34,0,coat,90,rhode island,1,magenta,2.7,0,0,0,10,4,False,False,True,False,True,False,False,True,False,False,False,False,False,False,True,False,high,25-34,negative
39,0,hoodie,85,illinois,0,olive,3.4,0,0,0,18,52,True,False,False,False,False,True,False,False,True,False,False,True,False,False,False,False,high,35-44,neutral
44,0,sunglasses,58,oregon,1,silver,3.4,0,0,0,46,52,False,False,False,False,False,False,True,False,False,False,False,False,False,False,False,True,medium,35-44,neutral
37,0,skirt,34,florida,1,teal,3.9,0,0,0,49,12,True,False,False,False,False,False,True,False,False,False,False,False,False,False,True,False,low,35-44,neutral
57,0,coat,40,kansas,2,white,3.5,0,0,0,39,52,False,False,True,False,True,False,False,False,False,False,False,False,True,False,False,False,low,55-64,neutral
38,0,handbag,29,north dakota,1,blue,4.1,0,0,0,16,12,False,False,False,False,False,False,False,True,False,False,False,True,False,False,False,False,low,35-44,positive
21,0,t-shirt,76,new hampshire,1,yellow,3.2,0,0,0,28,1,True,False,False,False,False,True,False,False,False,True,False,True,False,False,False,False,high,18-24,neutral
45,0,sunglasses,84,texas,0,maroon,4.6,0,0,0,22,4,False,False,False,False,False,False,False,False,False,False,True,False,False,False,True,False,high,45-54,positive
68,0,shirt,65,montana,0,gray,3.9,0,0,0,36,26,True,False,False,True,False,False,False,False,False,True,False,False,False,False,False,True,medium,65+,neutral
37,0,hoodie,80,delaware,2,indigo,2.7,0,0,0,18,12,True,False,False,False,False,True,False,True,False,False,False,False,False,False,True,False,high,35-44,negative
53,0,blouse,98,new hampshire,1,pink,3.0,0,0,0,31,52,True,False,False,False,False,False,False,False,False,False,True,False,True,False,False,False,high,45-54,neutral
57,0,sneakers,71,minnesota,3,beige,3.3,0,0,0,38,26,False,True,False,True,False,False,False,False,True,False,False,False,False,False,False,False,medium,55-64,neutral
28,0,scarf,69,alaska,3,white,2.7,0,0,0,42,4,False,False,False,False,False,False,False,True,False,False,False,False,False,True,False,False,medium,25-34,negative
37,0,jewelry,95,connecticut,1,yellow,4.6,0,0,0,27,1,False,False,False,True,False,False,False,False,False,False,False,False,False,False,True,False,high,35-44,positive
54,0,pants,67,connecticut,1,teal,2.7,0,0,0,24,12,True,False,False,False,False,False,True,False,False,False,False,True,False,False,False,False,medium,45-54,negative
49,0,sneakers,49,kansas,1,olive,2.5,0,0,0,38,1,False,True,False,False,True,False,False,False,True,False,False,False,False,True,False,False,medium,45-54,negative
62,0,shoes,97,nevada,1,maroon,4.4,0,0,0,9,1,False,True,False,False,False,True,False,True,False,False,False,False,True,False,False,False,high,55-64,positive
45,0,t-shirt,34,massachusetts,1,white,4.0,0,0,0,19,12,True,False,False,True,False,False,False,False,True,False,False,False,False,False,False,False,low,45-54,positive
45,0,belt,74,indiana,1,lavender,3.8,0,0,0,11,26,False,False,False,False,False,False,True,False,False,False,False,False,False,True,False,False,high,45-54,neutral
49,0,jewelry,96,washington,1,black,2.5,0,0,0,16,4,False,False,False,False,False,True,False,False,False,False,False,False,False,True,False,False,high,45-54,negative
27,0,belt,68,kansas,1,green,4.0,0,0,0,18,12,False,False,False,False,True,False,False,True,False,False,False,False,False,False,False,True,medium,25-34,positive
63,0,belt,84,south carolina,2,olive,4.1,0,0,0,8,12,False,False,False,False,False,False,False,False,True,False,False,True,False,False,False,False,high,55-64,positive
61,0,t-shirt,57,vermont,1,gray,2.8,0,0,0,4,52,True,False,False,False,True,False,True,False,False,False,False,True,False,False,False,False,medium,55-64,negative
25,0,sneakers,84,wyoming,3,teal,3.4,0,0,0,37,4,False,True,False,False,False,False,False,False,False,False,False,True,False,False,False,False,high,25-34,neutral
33,0,sunglasses,32,colorado,1,charcoal,2.7,0,0,0,30,12,False,False,False,False,False,False,False,False,False,False,False,True,False,False,False,False,low,25-34,negative
56,0,sandals,37,west virginia,1,violet,3.8,0,0,0,37,12,False,True,False,False,False,False,False,False,False,False,False,False,False,False,False,False,low,55-64,neutral
50,0,handbag,58,connecticut,1,lavender,4.4,0,0,0,30,4,False,False,False,False,True,False,False,False,False,False,True,False,False,False,True,False,medium,45-54,positive
45,0,socks,74,oregon,0,beige,2.8,0,0,0,17,52,True,False,False,False,False,False,True,False,False,False,False,False,False,False,False,True,high,45-54,negative
45,0,hoodie,99,idaho,2,black,5.0,0,0,0,11,4,True,False,False,False,True,False,False,False,False,False,True,False,False,False,False,False,high,45-54,positive
65,0,sweater,81,arkansas,1,black,4.7,0,0,0,42,1,True,False,False,False,False,False,True,False,False,False,False,False,True,False,False,False,high,65+,positive
63,0,pants,76,kansas,1,purple,3.2,0,0,0,20,52,True,False,False,False,False,False,False,False,True,False,False,True,False,False,False,False,high,55-64,neutral
70,0,sneakers,98,michigan,1,magenta,2.9,0,0,0,37,12,False,True,False,False,True,False,False,False,False,False,True,True,False,False,False,False,high,65+,negative
53,0,gloves,91,arkansas,1,teal,3.7,0,0,0,12,26,False,False,False,False,True,False,True,False,False,False,False,False,False,False,True,False,high,45-54,neutral
22,0,t-shirt,79,pennsylvania,0,teal,4.2,0,0,0,41,4,True,False,False,False,True,False,False,True,False,False,False,False,False,False,False,False,high,18-24,positive
26,0,backpack,83,virginia,1,pink,3.4,0,0,0,32,4,False,False,False,False,True,False,True,False,False,False,False,False,True,False,False,False,high,25-34,neutral
23,0,coat,90,minnesota,1,teal,2.9,0,0,0,15,52,False,False,True,True,False,False,False,False,False,False,False,False,False,False,False,True,high,18-24,negative
25,0,coat,20,nevada,1,gold,3.7,0,0,0,39,4,False,False,True,False,False,True,False,False,False,True,False,False,False,False,False,True,low,25-34,neutral
69,0,sandals,21,montana,2,brown,2.7,0,0,0,48,26,False,True,False,True,False,False,False,False,False,False,True,False,True,False,False,False,low,65+,negative
36,0,backpack,60,nebraska,1,brown,3.2,0,0,0,8,26,False,False,False,False,False,False,False,False,False,False,False,False,False,False,False,True,medium,35-44,neutral
21,0,sweater,31,indiana,0,magenta,4.9,0,0,0,11,4,True,False,False,False,False,True,False,False,False,False,True,False,False,False,False,False,low,18-24,positive
57,0,shorts,40,new jersey,1,black,2.8,0,0,0,36,12,True,False,False,False,False,False,False,False,True,False,False,False,False,False,False,False,low,55-64,negative
60,0,sunglasses,26,wisconsin,2,teal,4.7,0,0,0,50,4,False,False,False,False,False,True,False,True,False,False,False,False,False,False,False,True,low,55-64,positive
44,0,shirt,98,minnesota,1,brown,3.3,0,0,0,39,4,True,False,False,False,False,False,True,False,False,False,False,False,False,False,False,True,high,35-44,neutral
31,0,shoes,51,new jersey,1,magenta,4.3,0,0,0,11,26,False,True,False,True,False,False,True,False,False,False,False,False,True,False,False,False,medium,25-34,positive
57,0,hat,95,oklahoma,3,indigo,3.7,0,0,0,5,4,False,False,False,False,False,False,False,False,False,False,False,False,False,True,False,False,high,55-64,neutral
39,0,scarf,36,wisconsin,1,violet,4.5,0,0,0,7,1,False,False,False,False,True,False,False,False,False,False,False,False,True,False,False,False,low,35-44,positive
48,0,belt,52,rhode island,2,cyan,3.4,0,0,0,50,52,False,False,False,False,False,True,False,False,False,False,True,False,False,True,False,False,medium,45-54,neutral
42,0,t-shirt,35,indiana,1,violet,2.7,0,0,0,21,4,True,False,False,True,False,False,False,False,False,True,False,True,False,False,False,False,low,35-44,negative
56,0,shorts,68,vermont,0,black,4.4,0,0,0,31,26,True,False,False,False,False,False,True,False,False,False,False,False,False,True,False,False,medium,55-64,positive
28,0,pants,50,maine,0,charcoal,4.0,0,0,0,39,26,True,False,False,False,False,True,True,False,False,False,False,True,False,False,False,False,medium,25-34,positive
40,0,sunglasses,100,alabama,1,white,3.2,0,0,0,28,26,False,False,False,False,False,True,True,False,False,False,False,False,True,False,False,False,high,35-44,neutral
49,0,coat,74,alabama,0,gray,4.2,0,0,0,33,52,False,False,True,False,False,True,False,False,True,False,False,False,False,False,False,False,high,45-54,positive
37,0,hoodie,45,idaho,2,pink,3.0,0,0,0,42,4,True,False,False,False,False,True,False,False,False,False,True,False,True,False,False,False,low,35-44,neutral
22,0,dress,97,arkansas,1,cyan,2.8,0,0,0,5,4,True,False,False,False,False,False,False,True,False,False,False,False,False,False,False,False,high,18-24,negative
27,0,blouse,60,ohio,1,blue,4.9,0,0,0,25,12,True,False,False,False,False,True,True,False,False,False,False,True,False,False,False,False,medium,25-34,positive
59,0,socks,25,illinois,1,indigo,4.7,0,0,0,48,1,True,False,False,False,False,True,True,False,False,False,False,False,False,False,True,False,low,55-64,positive
35,0,socks,55,nevada,3,magenta,4.4,0,0,0,30,52,True,False,False,True,False,False,False,False,False,True,False,False,True,False,False,False,medium,35-44,positive
58,0,shoes,99,texas,1,lavender,3.1,0,0,0,34,4,False,True,False,False,False,True,False,False,True,False,False,False,False,False,True,False,high,55-64,neutral
58,0,belt,45,nevada,0,orange,2.6,0,0,0,34,4,False,False,False,False,True,False,False,True,False,False,False,False,False,False,True,False,low,55-64,negative
46,0,sweater,20,oklahoma,1,cyan,3.9,0,0,0,14,26,True,False,False,True,False,False,False,False,False,False,True,True,False,False,False,False,low,45-54,neutral
43,0,pants,88,alabama,3,green,2.6,0,0,0,2,52,True,False,False,False,True,False,False,False,False,False,False,False,False,True,False,False,high,35-44,negative
39,0,scarf,99,south dakota,1,white,4.0,0,0,0,41,4,False,False,False,False,True,False,False,False,False,False,True,False,False,False,True,False,high,35-44,positive
59,0,skirt,86,texas,1,blue,4.9,0,0,0,3,12,True,False,False,True,False,False,False,False,False,False,True,False,True,False,False,False,high,55-64,positive
59,0,dress,70,montana,1,black,3.3,0,0,0,18,52,True,False,False,False,True,False,False,False,False,False,False,False,False,False,False,False,medium,55-64,neutral
59,0,hat,50,wyoming,0,red,3.0,0,0,0,1,26,False,False,False,False,False,False,True,False,False,False,False,False,False,True,False,False,medium,55-64,neutral
45,0,handbag,57,new york,2,red,2.7,0,0,0,5,12,False,False,False,False,False,True,False,False,True,False,False,False,False,False,True,False,medium,45-54,negative
27,0,pants,69,oregon,2,gold,3.1,0,0,0,41,1,True,False,False,False,False,True,False,True,False,False,False,False,False,False,False,False,medium,25-34,neutral
24,0,t-shirt,94,california,1,red,4.8,0,0,0,5,12,True,False,False,False,False,False,False,False,True,False,False,False,True,False,False,False,high,18-24,positive
47,0,jacket,24,north carolina,2,purple,2.9,0,0,0,10,4,False,False,True,True,False,False,True,False,False,False,False,False,False,True,False,False,low,45-54,negative
70,0,scarf,79,kentucky,2,white,4.5,0,0,0,20,1,False,False,False,True,False,False,False,False,False,False,False,False,False,False,False,True,high,65+,positive
58,0,hat,31,hawaii,3,magenta,4.6,0,0,0,11,52,False,False,False,False,False,False,False,True,False,False,False,True,False,False,False,False,low,55-64,positive
45,0,jacket,67,illinois,2,pink,5.0,0,0,0,4,26,False,False,True,False,False,True,True,False,False,False,False,False,False,False,False,True,medium,45-54,positive
24,0,skirt,63,west virginia,2,black,4.3,0,0,0,38,52,True,False,False,True,False,False,False,False,False,False,False,False,True,False,False,False,medium,18-24,positive
67,0,handbag,61,south carolina,3,white,4.9,0,0,0,19,26,False,False,False,True,False,False,False,False,True,False,False,False,True,False,False,False,medium,65+,positive
31,0,backpack,50,montana,1,maroon,4.0,0,0,0,16,4,False,False,False,False,True,False,False,False,False,False,False,False,False,False,False,True,medium,25-34,positive
52,0,coat,82,north dakota,2,black,3.1,0,0,0,2,12,False,False,True,True,False,False,False,True,False,False,False,False,False,False,True,False,high,45-54,neutral
29,0,belt,51,new mexico,2,olive,2.6,0,0,0,11,12,False,False,False,False,False,False,False,False,False,False,False,True,False,False,False,False,medium,25-34,negative
62,0,handbag,23,missouri,2,gray,4.9,0,0,0,18,26,False,False,False,True,False,False,False,False,False,True,False,False,False,False,False,False,low,55-64,positive
19,0,coat,91,west virginia,1,gold,3.5,0,0,0,47,26,False,False,True,True,False,False,False,False,False,False,False,False,True,False,False,False,high,18-24,neutral
62,0,sweater,60,south carolina,0,magenta,4.5,0,0,0,15,26,True,False,False,True,False,False,False,False,False,False,True,False,False,False,False,False,medium,55-64,positive
70,0,blouse,34,west virginia,0,lavender,2.8,0,0,0,15,52,True,False,False,False,True,False,False,False,True,False,False,True,False,False,False,False,low,65+,negative
20,0,blouse,23,alaska,1,green,4.2,0,0,0,47,4,True,False,False,True,False,False,False,False,True,False,False,False,False,False,False,True,low,18-24,positive
67,0,belt,82,west virginia,1,violet,4.1,0,0,0,47,12,False,False,False,False,False,False,False,True,False,False,False,False,False,False,True,False,high,65+,positive
65,0,jacket,73,new mexico,1,brown,3.5,0,0,0,6,4,False,False,True,False,False,False,True,False,False,False,False,False,False,False,False,False,medium,65+,neutral
45,0,shorts,32,south dakota,2,teal,4.0,0,0,0,18,12,True,False,False,True,False,False,False,False,False,False,False,False,False,False,False,True,low,45-54,positive
26,0,hat,80,oklahoma,1,charcoal,4.0,0,0,0,40,26,False,False,False,True,False,False,True,False,False,False,False,False,False,False,False,False,high,25-34,positive
36,0,pants,58,oklahoma,3,charcoal,2.5,0,0,0,31,26,True,False,False,False,True,False,False,True,False,False,False,False,True,False,False,False,medium,35-44,negative
36,0,blouse,82,alabama,3,beige,4.2,0,0,0,31,26,True,False,False,False,False,True,False,False,False,True,False,False,False,False,False,True,high,35-44,positive
20,0,belt,60,mississippi,0,turquoise,3.4,0,0,0,4,26,False,False,False,False,True,False,False,False,True,False,False,False,True,False,False,False,medium,18-24,neutral
30,0,handbag,79,mississippi,3,orange,4.8,0,0,0,36,4,False,False,False,False,False,False,False,False,True,False,False,False,False,False,False,False,high,25-34,positive
34,0,hoodie,41,nebraska,2,cyan,4.9,0,0,0,31,26,True,False,False,False,True,False,False,False,False,True,False,False,False,False,True,False,low,25-34,positive
63,0,jacket,39,colorado,2,orange,3.6,0,0,0,6,26,False,False,True,False,True,False,False,False,False,False,True,False,False,False,False,True,low,55-64,neutral
18,0,scarf,36,pennsylvania,0,green,4.0,0,0,0,1,12,False,False,False,False,False,True,False,False,False,False,True,True,False,False,False,False,low,18-24,positive
55,0,jeans,70,utah,1,pink,2.6,0,0,0,29,12,True,False,False,False,False,False,True,False,False,False,False,True,False,False,False,False,medium,55-64,negative
48,0,handbag,47,massachusetts,1,blue,3.1,0,0,0,19,12,False,False,False,False,True,False,False,False,False,False,True,False,False,False,True,False,medium,45-54,neutral
45,0,jacket,27,iowa,1,pink,3.6,0,0,0,12,26,False,False,True,False,False,True,False,True,False,False,False,False,False,False,True,False,low,45-54,neutral
29,0,hat,52,florida,2,blue,4.0,0,0,0,18,1,False,False,False,False,True,False,True,False,False,False,False,False,False,False,False,False,medium,25-34,positive
55,0,sneakers,75,louisiana,2,black,3.9,0,0,0,45,4,False,True,False,False,True,False,False,False,True,False,False,True,False,False,False,False,high,55-64,neutral
55,0,hat,30,kansas,3,black,3.9,0,0,0,45,12,False,False,False,False,False,False,True,False,False,False,False,False,True,False,False,False,low,55-64,neutral
55,0,socks,94,kansas,1,violet,3.3,0,0,0,8,4,True,False,False,True,False,False,False,False,False,True,False,False,True,False,False,False,high,55-64,neutral
48,0,scarf,68,kentucky,0,gold,2.9,0,0,0,4,4,False,False,False,False,True,False,False,False,False,True,False,False,False,False,True,False,medium,45-54,negative
42,0,socks,45,new mexico,1,olive,3.1,0,0,0,5,26,True,False,False,False,True,False,False,True,False,False,False,False,False,True,False,False,low,35-44,neutral
21,0,hat,67,north carolina,3,pink,4.7,0,0,0,30,4,False,False,False,False,True,False,False,False,False,True,False,True,False,False,False,False,medium,18-24,positive
45,0,jacket,46,north dakota,1,olive,3.9,0,0,0,15,12,False,False,True,False,True,False,False,True,False,False,False,False,False,False,True,False,medium,45-54,neutral
23,0,shorts,31,north dakota,1,indigo,4.3,0,0,0,17,4,True,False,False,False,True,False,False,False,True,False,False,False,True,False,False,False,low,18-24,positive
66,0,blouse,44,illinois,3,silver,4.2,0,0,0,45,4,True,False,False,False,False,False,False,False,False,False,False,True,False,False,False,False,low,65+,positive
32,0,coat,100,maine,0,charcoal,4.3,0,0,0,3,1,False,False,True,False,False,True,False,False,True,False,False,False,False,False,False,True,high,25-34,positive
52,0,sweater,92,indiana,3,orange,4.6,0,0,0,43,52,True,False,False,False,False,True,False,False,True,False,False,False,False,False,True,False,high,45-54,positive
54,0,handbag,78,north dakota,1,yellow,3.8,0,0,0,4,12,False,False,False,False,False,True,False,True,False,False,False,False,True,False,False,False,high,45-54,neutral
37,0,t-shirt,32,missouri,0,red,3.3,0,0,0,41,52,True,False,False,False,False,False,False,False,False,True,False,False,False,False,False,True,low,35-44,neutral
29,0,sandals,97,alaska,1,maroon,3.7,0,0,0,16,12,False,True,False,False,False,False,False,False,False,False,False,False,False,False,False,True,high,25-34,neutral
47,0,gloves,95,north dakota,1,magenta,4.3,0,0,0,10,1,False,False,False,False,True,False,False,False,False,True,False,False,False,True,False,False,high,45-54,positive
47,0,shorts,64,connecticut,1,black,4.1,0,0,0,2,4,True,False,False,True,False,False,True,False,False,False,False,False,False,True,False,False,medium,45-54,positive
42,0,sandals,35,wisconsin,1,violet,3.2,0,0,0,11,26,False,True,False,True,False,False,False,True,False,False,False,True,False,False,False,False,low,35-44,neutral
34,0,backpack,54,new jersey,1,gray,3.8,0,0,0,1,26,False,False,False,False,False,True,True,False,False,False,False,False,False,True,False,False,medium,25-34,neutral
38,0,sneakers,96,missouri,1,black,3.2,0,0,0,41,4,False,True,False,True,False,False,False,False,False,False,False,False,False,False,False,False,high,35-44,neutral
55,0,sunglasses,58,california,1,pink,3.5,0,0,0,39,4,False,False,False,False,True,False,False,True,False,False,False,False,False,False,True,False,medium,55-64,neutral
27,0,t-shirt,23,washington,1,silver,3.1,0,0,0,1,26,True,False,False,False,True,False,False,False,False,False,False,False,False,False,True,False,low,25-34,neutral
55,0,jeans,35,minnesota,1,violet,4.2,0,0,0,3,12,True,False,False,True,False,False,True,False,False,False,False,False,False,False,True,False,low,55-64,positive
66,0,shirt,23,california,1,beige,3.4,0,0,0,21,1,True,False,False,False,True,False,False,True,False,False,False,False,True,False,False,False,low,65+,neutral
44,0,hat,94,texas,3,cyan,3.5,0,0,0,48,4,False,False,False,False,False,True,True,False,False,False,False,False,False,False,False,False,high,35-44,neutral
39,0,blouse,45,montana,1,brown,4.0,0,0,0,24,1,True,False,False,False,False,False,False,True,False,False,False,False,False,True,False,False,low,35-44,positive
23,0,jacket,23,arizona,2,blue,4.4,0,0,0,45,26,False,False,True,False,False,True,False,False,False,False,False,False,False,False,False,False,low,18-24,positive
29,0,skirt,94,minnesota,2,white,2.9,0,0,0,46,12,True,False,False,False,False,True,False,False,False,False,False,False,True,False,False,False,high,25-34,negative
20,0,gloves,99,nebraska,1,cyan,3.6,0,0,0,35,26,False,False,False,False,False,False,False,False,False,False,True,True,False,False,False,False,high,18-24,neutral
42,0,t-shirt,36,virginia,3,maroon,4.4,0,0,0,47,26,True,False,False,False,False,False,False,True,False,False,False,False,True,False,False,False,low,35-44,positive
55,0,jacket,50,connecticut,3,olive,4.5,0,0,0,35,12,False,False,True,False,True,False,False,False,False,True,False,False,True,False,False,False,medium,55-64,positive
66,0,jacket,81,new jersey,1,violet,3.8,0,0,0,45,52,False,False,True,True,False,False,False,True,False,False,False,False,True,False,False,False,high,65+,neutral
24,0,shorts,31,kentucky,3,green,3.6,0,0,0,6,26,True,False,False,False,False,True,False,False,False,False,False,True,False,False,False,False,low,18-24,neutral
62,0,hat,48,washington,3,magenta,4.3,0,0,0,20,1,False,False,False,False,False,False,False,True,False,False,False,True,False,False,False,False,medium,55-64,positive
28,0,handbag,91,florida,1,turquoise,4.0,0,0,0,3,26,False,False,False,False,True,False,False,False,False,False,False,False,False,False,False,True,high,25-34,positive
30,0,jeans,99,oklahoma,1,black,3.4,0,0,0,30,4,True,False,False,False,True,False,True,False,False,False,False,False,False,False,False,True,high,25-34,neutral
22,0,shoes,70,iowa,3,cyan,4.4,0,0,0,28,26,False,True,False,False,True,False,False,False,False,True,False,False,False,False,True,False,medium,18-24,positive
28,0,t-shirt,74,new hampshire,2,gray,2.8,0,0,0,15,4,True,False,False,False,False,True,False,False,False,True,False,True,False,False,False,False,high,25-34,negative
35,0,jewelry,79,georgia,1,red,2.8,0,0,0,29,4,False,False,False,False,False,False,False,False,False,False,True,False,False,False,True,False,high,35-44,negative
45,0,handbag,33,mississippi,0,olive,4.9,0,0,0,15,26,False,False,False,False,False,False,False,False,False,False,False,True,False,False,False,False,low,45-54,positive
43,0,shirt,49,new hampshire,2,cyan,4.2,0,0,0,18,26,True,False,False,True,False,False,False,False,False,False,False,False,False,False,False,False,medium,35-44,positive
55,0,belt,96,washington,1,teal,2.9,0,0,0,7,26,False,False,False,False,True,False,False,False,True,False,False,False,False,False,False,False,high,55-64,negative
31,0,dress,66,ohio,2,teal,4.6,0,0,0,19,4,True,False,False,False,False,False,False,True,False,False,False,False,True,False,False,False,medium,25-34,positive
42,0,skirt,45,maryland,1,orange,2.8,0,0,0,15,52,True,False,False,False,False,False,False,False,True,False,False,False,False,False,True,False,low,35-44,negative
40,0,blouse,28,delaware,1,peach,2.6,0,0,0,3,26,True,False,False,True,False,False,False,False,False,False,True,False,False,False,False,False,low,35-44,negative
39,0,jeans,48,tennessee,1,silver,3.5,0,0,0,13,26,True,False,False,False,True,False,False,False,False,False,True,False,False,False,True,False,medium,35-44,neutral
41,0,hoodie,67,arkansas,1,pink,3.5,0,0,0,37,12,True,False,False,False,False,True,False,True,False,False,False,False,True,False,False,False,medium,35-44,neutral
56,0,t-shirt,59,tennessee,1,magenta,3.4,0,0,0,26,1,True,False,False,False,False,False,False,False,False,False,False,True,False,False,False,False,medium,55-64,neutral
43,0,sunglasses,74,new hampshire,2,red,3.9,0,0,0,29,12,False,False,False,False,False,False,False,False,True,False,False,False,False,True,False,False,high,35-44,neutral
22,0,jacket,81,minnesota,1,maroon,3.3,0,0,0,47,4,False,False,True,True,False,False,False,False,False,False,False,True,False,False,False,False,high,18-24,neutral
47,0,shoes,26,florida,1,silver,4.1,0,0,0,47,26,False,True,False,True,False,False,False,True,False,False,False,False,True,False,False,False,low,45-54,positive
50,0,handbag,61,tennessee,1,gray,3.0,0,0,0,48,26,False,False,False,False,True,False,False,False,True,False,False,False,False,False,False,True,medium,45-54,neutral
58,0,sweater,23,california,1,turquoise,3.0,0,0,0,46,26,True,False,False,False,False,True,False,False,True,False,False,False,False,False,False,False,low,55-64,neutral
50,0,scarf,33,oregon,1,peach,3.2,0,0,0,7,12,False,False,False,False,False,False,False,False,False,True,False,False,True,False,False,False,low,45-54,neutral
43,0,skirt,58,tennessee,2,teal,3.9,0,0,0,45,4,True,False,False,False,False,False,True,False,False,False,False,False,True,False,False,False,medium,35-44,neutral
38,0,gloves,65,north carolina,1,red,3.6,0,0,0,47,4,False,False,False,True,False,False,False,False,False,False,False,False,False,True,False,False,medium,35-44,neutral
44,0,t-shirt,48,tennessee,1,blue,3.1,0,0,0,6,26,True,False,False,False,True,False,False,False,False,False,True,False,False,False,False,True,medium,35-44,neutral
30,0,sandals,25,nebraska,1,blue,4.8,0,0,0,29,4,False,True,False,True,False,False,True,False,False,False,False,False,False,False,False,False,low,25-34,positive
47,0,sweater,51,maine,1,indigo,3.8,0,0,0,42,12,True,False,False,False,False,True,False,False,False,False,False,True,False,False,False,False,medium,45-54,neutral
30,0,belt,31,illinois,1,charcoal,2.8,0,0,0,46,26,False,False,False,False,True,False,False,False,False,False,True,True,False,False,False,False,low,25-34,negative
49,0,hoodie,99,colorado,0,turquoise,4.0,0,0,0,28,1,True,False,False,False,False,True,False,False,True,False,False,False,False,False,True,False,high,45-54,positive
56,0,socks,25,pennsylvania,1,maroon,4.6,0,0,0,14,4,True,False,False,False,False,True,False,True,False,False,False,False,True,False,False,False,low,55-64,positive
70,0,sandals,52,minnesota,1,purple,3.5,0,0,0,12,4,False,True,False,True,False,False,False,False,False,False,True,False,False,True,False,False,medium,65+,neutral
22,0,blouse,47,nevada,0,lavender,3.7,0,0,0,41,1,True,False,False,True,False,False,False,False,False,False,False,False,False,True,False,False,medium,18-24,neutral
51,0,boots,98,connecticut,3,yellow,4.9,0,0,0,8,1,False,True,False,False,False,False,True,False,False,False,False,False,True,False,False,False,high,45-54,positive
22,0,hat,46,ohio,1,green,4.1,0,0,0,24,4,False,False,False,False,False,True,False,False,False,False,True,True,False,False,False,False,medium,18-24,positive
37,0,shirt,32,kentucky,1,yellow,4.6,0,0,0,18,26,True,False,False,False,False,True,False,False,True,False,False,False,False,False,True,False,low,35-44,positive
49,0,shorts,75,minnesota,2,gold,4.5,0,0,0,6,4,True,False,False,False,False,False,False,False,True,False,False,True,False,False,False,False,high,45-54,positive
61,0,handbag,51,tennessee,2,turquoise,5.0,0,0,0,40,52,False,False,False,False,True,False,False,False,False,False,True,True,False,False,False,False,medium,55-64,positive
41,0,dress,52,north dakota,2,blue,3.8,0,0,0,6,4,True,False,False,False,True,False,False,False,False,True,False,False,False,False,True,False,medium,35-44,neutral
57,0,hat,66,minnesota,2,turquoise,4.7,0,0,0,27,4,False,False,False,False,False,True,False,False,False,True,False,False,True,False,False,False,medium,55-64,positive
34,0,sweater,35,nebraska,1,maroon,2.8,0,0,0,2,52,True,False,False,True,False,False,True,False,False,False,False,False,False,False,False,False,low,25-34,negative
27,0,coat,43,delaware,1,pink,2.6,0,0,0,39,26,False,False,True,False,False,False,False,False,True,False,False,False,False,False,False,True,low,25-34,negative
39,0,hoodie,24,minnesota,2,maroon,3.8,0,0,0,9,4,True,False,False,False,True,False,False,True,False,False,False,False,False,False,False,True,low,35-44,neutral
62,0,jewelry,83,rhode island,1,olive,2.8,0,0,0,16,4,False,False,False,False,False,True,False,False,False,True,False,False,True,False,False,False,high,55-64,negative
34,0,t-shirt,62,michigan,1,lavender,2.6,0,0,0,36,4,True,False,False,False,False,False,False,False,False,False,False,True,False,False,False,False,medium,25-34,negative
53,0,pants,78,new jersey,0,pink,3.4,0,0,0,2,26,True,False,False,True,False,False,False,False,False,False,False,False,True,False,False,False,high,45-54,neutral
35,0,sweater,61,south dakota,1,cyan,4.5,0,0,0,21,52,True,False,False,True,False,False,False,False,False,False,True,False,True,False,False,False,medium,35-44,positive
38,0,pants,57,north carolina,2,maroon,3.8,0,0,0,39,1,True,False,False,False,False,False,False,True,False,False,False,False,False,False,False,True,medium,35-44,neutral
32,0,socks,70,oregon,0,red,3.0,0,0,0,38,1,True,False,False,False,True,False,False,False,True,False,False,False,False,False,True,False,medium,25-34,neutral
47,0,hoodie,57,montana,1,silver,3.7,0,0,0,6,4,True,False,False,False,False,False,False,False,False,False,False,False,False,True,False,False,medium,45-54,neutral
53,0,scarf,74,new jersey,3,blue,4.4,0,0,0,6,26,False,False,False,False,False,True,False,True,False,False,False,False,False,False,False,True,high,45-54,positive
60,0,dress,90,arizona,1,gold,3.1,0,0,0,50,12,True,False,False,False,False,False,False,False,True,False,False,False,False,True,False,False,high,55-64,neutral
31,0,sandals,98,vermont,0,yellow,4.2,0,0,0,9,1,False,True,False,True,False,False,False,False,False,False,True,False,False,False,True,False,high,25-34,positive
44,0,dress,43,colorado,1,silver,3.1,0,0,0,15,4,True,False,False,False,False,True,False,True,False,False,False,False,False,True,False,False,low,35-44,neutral
29,0,pants,37,tennessee,3,black,5.0,0,0,0,5,4,True,False,False,False,False,True,False,False,True,False,False,False,False,False,True,False,low,25-34,positive
19,0,blouse,38,new jersey,2,yellow,2.7,0,0,0,13,26,True,False,False,False,True,False,False,False,False,True,False,False,False,False,False,False,low,18-24,negative
54,0,jeans,60,montana,2,pink,3.8,0,0,0,44,26,True,False,False,False,False,True,False,False,False,True,False,True,False,False,False,False,medium,45-54,neutral
40,0,pants,55,montana,3,yellow,3.3,0,0,0,36,1,True,False,False,False,False,True,False,False,False,True,False,False,False,True,False,False,medium,35-44,neutral
39,0,sunglasses,51,nevada,1,lavender,4.8,0,0,0,18,26,False,False,False,False,False,False,False,True,False,False,False,False,False,False,False,True,medium,35-44,positive
44,0,backpack,71,nevada,2,peach,3.4,0,0,0,39,52,False,False,False,False,False,True,False,False,False,True,False,False,True,False,False,False,medium,35-44,neutral
22,0,hoodie,61,louisiana,1,black,4.4,0,0,0,11,4,True,False,False,True,False,False,False,False,False,False,False,False,False,False,True,False,medium,18-24,positive
30,0,boots,65,illinois,1,olive,3.9,0,0,0,1,26,False,True,False,False,True,False,False,False,False,True,False,True,False,False,False,False,medium,25-34,neutral
69,0,gloves,34,south carolina,2,olive,3.9,0,0,0,34,1,False,False,False,False,False,False,False,False,False,False,False,False,True,False,False,False,low,65+,neutral
28,0,blouse,87,washington,1,white,4.2,0,0,0,47,26,True,False,False,False,True,False,False,False,False,False,True,False,False,False,False,False,high,25-34,positive
57,0,sweater,79,nebraska,1,red,4.0,0,0,0,24,4,True,False,False,True,False,False,False,False,False,False,True,False,False,False,False,True,high,55-64,positive
46,0,dress,46,alabama,0,purple,2.6,0,0,0,20,4,True,False,False,True,False,False,False,False,False,False,True,True,False,False,False,False,medium,45-54,negative
48,0,socks,72,montana,2,purple,4.4,0,0,0,11,1,True,False,False,False,True,False,False,False,False,True,False,False,False,False,False,False,medium,45-54,positive
24,0,shirt,93,minnesota,1,teal,3.2,0,0,0,3,4,True,False,False,False,True,False,False,False,True,False,False,False,True,False,False,False,high,18-24,neutral
50,0,sandals,76,ohio,2,teal,4.3,0,0,0,38,26,False,True,False,False,True,False,False,True,False,False,False,False,False,False,False,False,high,45-54,positive
29,0,shoes,56,new york,2,gray,4.9,0,0,0,45,52,False,True,False,False,False,True,False,False,False,False,False,True,False,False,False,False,medium,25-34,positive
61,0,sandals,83,indiana,1,magenta,3.8,0,0,0,31,4,False,True,False,False,False,False,False,False,False,False,True,False,False,False,False,True,high,55-64,neutral
34,0,gloves,90,delaware,3,black,2.5,0,0,0,16,26,False,False,False,False,False,True,True,False,False,False,False,False,False,False,True,False,high,25-34,negative
27,0,boots,94,connecticut,1,maroon,4.9,0,0,0,3,4,False,True,False,True,False,False,False,False,True,False,False,False,False,False,False,False,high,25-34,positive
38,0,blouse,68,new york,1,gold,3.0,0,0,0,15,1,True,False,False,False,False,False,False,False,False,False,False,False,False,False,False,False,medium,35-44,neutral
25,0,sandals,53,alabama,1,purple,3.2,0,0,0,11,4,False,True,False,True,False,False,False,False,False,False,True,False,False,False,False,False,medium,25-34,neutral
54,0,coat,35,massachusetts,1,blue,2.9,0,0,0,22,26,False,False,True,False,True,False,False,False,False,False,False,False,False,True,False,False,low,45-54,negative
53,0,jacket,30,south carolina,1,beige,2.8,0,0,0,35,1,False,False,True,False,True,False,False,True,False,False,False,False,False,True,False,False,low,45-54,negative
23,0,jewelry,26,west virginia,2,indigo,3.1,0,0,0,5,26,False,False,False,False,False,True,False,False,False,False,True,False,False,False,False,True,low,18-24,neutral
19,0,hat,60,kentucky,1,purple,3.4,0,0,0,35,26,False,False,False,False,False,True,True,False,False,False,False,False,False,False,True,False,medium,18-24,neutral
57,0,shoes,30,new jersey,1,maroon,2.9,0,0,0,27,52,False,True,False,False,True,False,False,True,False,False,False,False,False,False,True,False,low,55-64,negative
19,0,coat,91,new york,2,beige,3.2,0,0,0,9,12,False,False,True,False,False,True,False,False,True,False,False,False,False,False,False,True,high,18-24,neutral
33,0,boots,71,massachusetts,1,brown,3.8,0,0,0,21,26,False,True,False,True,False,False,False,False,True,False,False,False,False,False,True,False,medium,25-34,neutral
33,0,scarf,64,florida,2,green,3.6,0,0,0,23,12,False,False,False,False,True,False,False,False,False,False,False,False,True,False,False,False,medium,25-34,neutral
38,0,hat,54,michigan,1,blue,4.3,0,0,0,3,26,False,False,False,False,True,False,False,False,True,False,False,False,False,True,False,False,medium,35-44,positive
47,0,socks,35,oregon,3,magenta,4.8,0,0,0,31,1,True,False,False,False,False,False,False,False,False,False,False,False,True,False,False,False,low,45-54,positive
39,0,t-shirt,38,michigan,3,turquoise,2.5,0,0,0,44,1,True,False,False,False,False,True,False,False,False,False,True,True,False,False,False,False,low,35-44,negative
32,0,jewelry,69,washington,1,gray,2.5,0,0,0,20,12,False,False,False,False,False,False,False,False,True,False,False,False,False,False,False,True,medium,25-34,negative
27,0,skirt,96,alaska,0,purple,4.6,0,0,0,34,52,True,False,False,False,False,True,True,False,False,False,False,False,False,True,False,False,high,25-34,positive
67,0,socks,73,montana,1,lavender,4.2,0,0,0,17,4,True,False,False,False,False,True,False,False,True,False,False,False,False,False,False,False,medium,65+,positive
46,0,belt,49,new mexico,0,green,4.2,0,0,0,20,1,False,False,False,False,True,False,True,False,False,False,False,False,False,False,False,True,medium,45-54,positive
36,0,boots,44,connecticut,1,gray,4.8,0,0,0,46,4,False,True,False,False,True,False,False,False,False,False,False,False,False,False,True,False,low,35-44,positive
62,0,socks,93,alaska,1,yellow,4.5,0,0,0,28,1,True,False,False,True,False,False,False,True,False,False,False,False,False,False,True,False,high,55-64,positive
31,0,pants,72,ohio,0,orange,3.3,0,0,0,6,26,True,False,False,False,True,False,False,False,False,False,False,False,False,False,False,True,medium,25-34,neutral
68,0,socks,91,montana,1,beige,2.7,0,0,0,50,26,True,False,False,False,True,False,False,False,False,False,False,False,False,True,False,False,high,65+,negative
57,0,belt,83,nebraska,2,peach,2.8,0,0,0,41,12,False,False,False,False,False,True,False,False,False,False,False,False,False,False,False,False,high,55-64,negative
22,0,jacket,62,oklahoma,0,green,3.5,0,0,0,50,1,False,False,True,False,False,True,False,False,False,False,False,False,False,False,True,False,medium,18-24,neutral
26,0,shirt,71,kentucky,1,violet,3.0,0,0,0,33,12,True,False,False,False,False,False,False,False,False,False,True,False,True,False,False,False,medium,25-34,neutral
43,0,gloves,93,idaho,1,gray,4.5,0,0,0,25,4,False,False,False,False,True,False,True,False,False,False,False,False,False,False,False,True,high,35-44,positive
45,0,handbag,63,maryland,2,magenta,4.3,0,0,0,2,52,False,False,False,False,False,False,False,False,False,False,False,False,False,False,True,False,medium,45-54,positive
64,0,sweater,96,tennessee,3,charcoal,4.1,0,0,0,15,1,True,False,False,False,False,False,False,False,False,True,False,False,True,False,False,False,high,55-64,positive
28,0,skirt,78,michigan,1,violet,4.3,0,0,0,12,52,True,False,False,True,False,False,False,False,True,False,False,False,False,False,True,False,high,25-34,positive
47,0,dress,24,tennessee,2,silver,5.0,0,0,0,28,26,True,False,False,False,True,False,False,True,False,False,False,True,False,False,False,False,low,45-54,positive
53,0,pants,63,rhode island,0,green,3.8,0,0,0,12,26,True,False,False,False,True,False,False,False,False,False,False,False,False,False,False,False,medium,45-54,neutral
42,0,hat,58,florida,1,magenta,4.9,0,0,0,3,1,False,False,False,False,False,False,False,False,False,True,False,False,False,True,False,False,medium,35-44,positive
51,0,boots,55,louisiana,0,purple,5.0,0,0,0,20,52,False,True,False,True,False,False,False,False,False,False,False,True,False,False,False,False,medium,45-54,positive
62,0,sandals,58,arkansas,1,blue,4.3,0,0,0,3,26,False,True,False,False,False,False,True,False,False,False,False,False,False,False,False,False,medium,55-64,positive
18,0,coat,28,kentucky,0,yellow,4.1,0,0,0,32,26,False,False,True,False,False,True,True,False,False,False,False,False,False,False,False,False,low,18-24,positive
48,0,blouse,37,kansas,1,brown,4.5,0,0,0,35,12,True,False,False,True,False,False,False,False,False,True,False,True,False,False,False,False,low,45-54,positive
20,0,shorts,78,vermont,1,pink,3.6,0,0,0,31,12,True,False,False,True,False,False,False,False,False,False,True,False,False,False,True,False,high,18-24,neutral
32,0,blouse,73,nevada,3,silver,3.0,0,0,0,13,1,True,False,False,False,False,False,False,True,False,False,False,False,True,False,False,False,medium,25-34,neutral
26,0,jacket,20,oklahoma,1,indigo,3.7,0,0,0,3,26,False,False,True,True,False,False,False,False,True,False,False,False,False,False,False,True,low,25-34,neutral
31,0,shirt,60,alabama,2,pink,4.3,0,0,0,48,26,True,False,False,False,False,True,False,False,False,True,False,False,False,False,False,True,medium,25-34,positive
55,0,handbag,71,louisiana,0,lavender,4.6,0,0,0,15,26,False,False,False,False,False,False,False,False,False,False,True,False,False,False,True,False,medium,55-64,positive
49,0,t-shirt,89,ohio,1,orange,4.7,0,0,0,13,1,True,False,False,False,False,False,False,False,False,True,False,False,False,False,False,True,high,45-54,positive
42,0,hoodie,53,texas,1,red,4.6,0,0,0,21,12,True,False,False,False,False,False,True,False,False,False,False,False,False,False,False,True,medium,35-44,positive
64,0,jewelry,87,maryland,1,gray,3.0,0,0,0,29,26,False,False,False,False,True,False,True,False,False,False,False,True,False,False,False,False,high,55-64,neutral
68,0,jewelry,37,west virginia,2,violet,3.4,0,0,0,24,4,False,False,False,True,False,False,False,False,False,True,False,False,False,False,False,True,low,65+,neutral
68,0,hoodie,37,ohio,2,green,3.8,0,0,0,21,1,True,False,False,False,False,False,True,False,False,False,False,False,False,False,True,False,low,65+,neutral
41,0,scarf,78,indiana,1,gold,3.1,0,0,0,5,26,False,False,False,True,False,False,True,False,False,False,False,False,False,False,False,False,high,35-44,neutral
51,0,shoes,23,wyoming,0,maroon,4.4,0,0,0,47,4,False,True,False,True,False,False,False,False,False,True,False,True,False,False,False,False,low,45-54,positive
44,0,jeans,73,michigan,2,olive,4.5,0,0,0,34,4,True,False,False,True,False,False,False,False,False,True,False,False,True,False,False,False,medium,35-44,positive
27,0,jewelry,27,maine,1,yellow,2.8,0,0,0,45,26,False,False,False,False,False,False,False,False,False,False,False,False,False,False,True,False,low,25-34,negative
36,0,coat,59,utah,0,peach,2.7,0,0,0,12,1,False,False,True,False,False,True,False,False,True,False,False,False,False,False,True,False,medium,35-44,negative
19,0,backpack,53,iowa,1,gold,3.4,0,0,0,31,52,False,False,False,True,False,False,False,False,False,True,False,False,False,True,False,False,medium,18-24,neutral
49,0,socks,42,maryland,0,purple,4.6,0,0,0,43,1,True,False,False,False,True,False,False,False,False,True,False,False,False,False,False,False,low,45-54,positive
18,0,scarf,45,texas,1,charcoal,5.0,0,0,0,5,1,False,False,False,False,False,False,False,False,True,False,False,False,True,False,False,False,low,18-24,positive
36,0,sunglasses,89,ohio,0,indigo,3.5,0,0,0,36,4,False,False,False,False,False,True,False,False,False,True,False,False,False,True,False,False,high,35-44,neutral
36,0,socks,85,north dakota,2,magenta,3.3,0,0,0,12,1,True,False,False,False,False,False,False,False,False,False,True,True,False,False,False,False,high,35-44,neutral
19,0,coat,69,west virginia,0,olive,4.5,0,0,0,31,26,False,False,True,False,True,False,False,True,False,False,False,True,False,False,False,False,medium,18-24,positive
43,0,sandals,66,north carolina,0,blue,3.1,0,0,0,31,26,False,True,False,True,False,False,False,False,False,False,True,True,False,False,False,False,medium,35-44,neutral
31,0,blouse,42,georgia,0,white,4.0,0,0,0,15,52,True,False,False,False,True,False,False,True,False,False,False,False,False,True,False,False,low,25-34,positive
63,0,dress,40,kansas,1,cyan,2.5,0,0,0,11,52,True,False,False,True,False,False,True,False,False,False,False,True,False,False,False,False,low,55-64,negative
41,0,pants,82,maine,1,cyan,4.4,0,0,0,18,12,True,False,False,False,False,True,False,False,False,False,True,False,False,False,False,True,high,35-44,positive
48,0,sneakers,88,south carolina,1,orange,4.4,0,0,0,9,4,False,True,False,True,False,False,True,False,False,False,False,True,False,False,False,False,high,45-54,positive
68,0,boots,99,south carolina,3,orange,3.2,0,0,0,11,52,False,True,False,False,True,False,False,True,False,False,False,True,False,False,False,False,high,65+,neutral
53,0,handbag,85,kentucky,0,teal,3.8,0,0,0,38,26,False,False,False,True,False,False,False,False,False,False,True,False,False,True,False,False,high,45-54,neutral
36,0,handbag,57,arizona,1,magenta,4.6,0,0,0,42,4,False,False,False,False,False,False,False,False,False,False,True,False,False,False,True,False,medium,35-44,positive
46,0,sweater,56,new york,0,orange,4.9,0,0,0,41,12,True,False,False,False,True,False,False,False,False,True,False,True,False,False,False,False,medium,45-54,positive
21,0,sandals,79,new hampshire,2,peach,3.5,0,0,0,45,12,False,True,False,False,False,True,False,True,False,False,False,False,False,False,True,False,high,18-24,neutral
52,0,socks,67,ohio,0,maroon,3.4,0,0,0,41,26,True,False,False,False,True,False,False,False,False,False,True,False,False,True,False,False,medium,45-54,neutral
66,0,gloves,61,hawaii,1,gold,3.9,0,0,0,35,52,False,False,False,False,False,True,False,False,True,False,False,False,False,True,False,False,medium,65+,neutral
19,0,hoodie,37,texas,2,white,3.9,0,0,0,21,4,True,False,False,False,False,True,True,False,False,False,False,False,True,False,False,False,low,18-24,neutral
44,0,dress,75,illinois,2,gray,4.2,0,0,0,13,26,True,False,False,False,False,False,False,True,False,False,False,False,True,False,False,False,high,35-44,positive
50,0,shirt,21,massachusetts,3,brown,3.4,0,0,0,23,26,True,False,False,False,False,True,False,False,False,True,False,False,False,True,False,False,low,45-54,neutral
51,0,shorts,89,north carolina,2,charcoal,4.9,0,0,0,6,52,True,False,False,False,False,True,False,False,False,True,False,False,False,False,True,False,high,45-54,positive
25,0,sandals,24,west virginia,2,beige,2.9,0,0,0,39,1,False,True,False,False,False,False,False,False,False,False,True,False,False,False,False,False,low,25-34,negative
62,0,sweater,27,delaware,3,teal,4.9,0,0,0,7,4,True,False,False,True,False,False,False,False,False,False,True,True,False,False,False,False,low,55-64,positive
48,0,dress,26,idaho,2,black,4.6,0,0,0,32,4,True,False,False,False,True,False,False,False,False,False,False,False,False,False,True,False,low,45-54,positive
62,0,boots,82,oregon,1,violet,3.6,0,0,0,43,4,False,True,False,True,False,False,False,False,False,False,True,False,True,False,False,False,high,55-64,neutral
22,0,pants,28,maine,1,orange,4.3,0,0,0,15,12,True,False,False,False,False,True,True,False,False,False,False,True,False,False,False,False,low,18-24,positive
48,0,gloves,65,south dakota,1,turquoise,4.6,0,0,0,48,1,False,False,False,False,False,False,False,False,False,True,False,False,False,False,False,False,medium,45-54,positive
48,0,pants,82,new mexico,3,black,4.7,0,0,0,35,52,True,False,False,False,False,True,False,False,False,False,True,False,True,False,False,False,high,45-54,positive
62,0,scarf,38,washington,1,silver,3.5,0,0,0,41,4,False,False,False,False,False,True,False,True,False,False,False,False,False,False,True,False,low,55-64,neutral
24,0,shorts,33,georgia,3,gray,2.8,0,0,0,14,52,True,False,False,True,False,False,False,True,False,False,False,True,False,False,False,False,low,18-24,negative
39,0,shoes,38,idaho,1,pink,4.0,0,0,0,22,12,False,True,False,False,True,False,False,True,False,False,False,False,False,False,True,False,low,35-44,positive
35,0,handbag,48,colorado,1,red,4.3,0,0,0,16,4,False,False,False,True,False,False,False,False,False,False,True,False,False,False,False,True,medium,35-44,positive
47,0,sandals,35,kentucky,1,lavender,3.8,0,0,0,2,26,False,True,False,False,True,False,False,False,False,True,False,False,False,False,False,False,low,45-54,neutral
22,0,socks,29,new jersey,2,indigo,3.0,0,0,0,13,4,True,False,False,False,False,False,False,False,True,False,False,False,False,False,True,False,low,18-24,neutral
38,0,shirt,48,oregon,0,silver,4.6,0,0,0,38,26,True,False,False,False,False,False,False,False,True,False,False,False,False,True,False,False,medium,35-44,positive
53,0,shoes,87,nebraska,1,silver,4.8,0,0,0,43,52,False,True,False,False,False,False,False,False,False,True,False,False,False,False,False,False,high,45-54,positive
31,0,backpack,62,massachusetts,1,green,4.7,0,0,0,26,4,False,False,False,False,False,False,False,False,True,False,False,False,False,False,False,False,medium,25-34,positive
31,0,shirt,96,nebraska,1,pink,3.9,0,0,0,39,52,True,False,False,True,False,False,False,True,False,False,False,True,False,False,False,False,high,25-34,neutral
65,0,handbag,41,hawaii,0,violet,4.0,0,0,0,50,12,False,False,False,False,False,False,False,False,True,False,False,False,False,False,False,True,low,65+,positive
48,0,jewelry,42,indiana,2,red,3.7,0,0,0,40,4,False,False,False,False,False,True,False,False,False,False,False,False,False,False,False,False,low,45-54,neutral
18,0,shirt,57,illinois,2,olive,3.7,0,0,0,12,26,True,False,False,False,False,True,False,False,False,False,False,True,False,False,False,False,medium,18-24,neutral
46,0,handbag,65,colorado,0,purple,4.2,0,0,0,33,4,False,False,False,True,False,False,False,False,False,False,True,False,True,False,False,False,medium,45-54,positive
52,0,pants,54,pennsylvania,1,gray,4.7,0,0,0,49,52,True,False,False,False,False,False,False,False,False,True,False,False,False,False,False,False,medium,45-54,positive
50,0,t-shirt,22,ohio,2,brown,4.3,0,0,0,43,26,True,False,False,False,False,True,False,False,True,False,False,False,False,False,False,True,low,45-54,positive
49,0,sneakers,96,pennsylvania,0,orange,4.9,0,0,0,14,12,False,True,False,False,False,False,False,False,False,False,False,False,False,False,False,True,high,45-54,positive
69,0,jewelry,81,mississippi,1,blue,3.9,0,0,0,21,4,False,False,False,False,True,False,False,False,False,False,False,False,True,False,False,False,high,65+,neutral
36,0,shirt,46,kentucky,1,white,3.4,0,0,0,31,4,True,False,False,False,False,False,False,True,False,False,False,False,False,True,False,False,medium,35-44,neutral
30,0,blouse,74,alaska,3,charcoal,4.2,0,0,0,29,26,True,False,False,True,False,False,False,False,False,False,True,False,True,False,False,False,high,25-34,positive
25,0,sneakers,50,georgia,3,gray,4.7,0,0,0,32,12,False,True,False,False,False,True,True,False,False,False,False,True,False,False,False,False,medium,25-34,positive
19,0,dress,80,south dakota,3,charcoal,4.0,0,0,0,16,26,True,False,False,False,False,True,False,False,True,False,False,False,False,True,False,False,high,18-24,positive
34,0,boots,56,south carolina,0,white,4.0,0,0,0,38,26,False,True,False,False,True,False,False,True,False,False,False,False,False,False,True,False,medium,25-34,positive
29,0,skirt,69,tennessee,1,orange,3.1,0,0,0,34,4,True,False,False,False,False,True,False,False,True,False,False,False,False,True,False,False,medium,25-34,neutral
50,0,shirt,97,colorado,1,black,4.2,0,0,0,30,4,True,False,False,True,False,False,False,False,False,True,False,False,False,False,True,False,high,45-54,positive
31,0,shorts,66,wisconsin,1,white,3.7,0,0,0,14,26,True,False,False,False,False,True,False,False,True,False,False,False,False,False,False,False,medium,25-34,neutral
41,0,hat,70,georgia,0,brown,3.1,0,0,0,33,12,False,False,False,True,False,False,True,False,False,False,False,False,False,False,False,False,medium,35-44,neutral
52,0,shoes,50,maryland,1,pink,3.7,0,0,0,35,52,False,True,False,False,False,True,False,False,False,False,True,False,False,False,False,True,medium,45-54,neutral
27,0,pants,85,new jersey,1,yellow,3.2,0,0,0,13,4,True,False,False,True,False,False,False,False,False,False,True,True,False,False,False,False,high,25-34,neutral
49,0,backpack,59,nevada,1,cyan,2.8,0,0,0,30,26,False,False,False,False,True,False,False,False,False,True,False,True,False,False,False,False,medium,45-54,negative
69,0,pants,74,michigan,2,silver,2.9,0,0,0,30,12,True,False,False,False,True,False,False,True,False,False,False,False,True,False,False,False,high,65+,negative
45,0,sunglasses,38,wyoming,2,olive,3.5,0,0,0,47,1,False,False,False,False,False,True,False,False,False,True,False,False,False,False,False,False,low,45-54,neutral
20,0,sweater,99,massachusetts,1,olive,3.8,0,0,0,1,4,True,False,False,True,False,False,True,False,False,False,False,False,False,False,True,False,high,18-24,neutral
25,0,blouse,97,washington,0,charcoal,4.7,0,0,0,1,52,True,False,False,True,False,False,False,True,False,False,False,True,False,False,False,False,high,25-34,positive
38,0,scarf,67,maine,2,gray,4.5,0,0,0,33,1,False,False,False,False,True,False,False,True,False,False,False,False,False,False,True,False,medium,35-44,positive
55,0,t-shirt,20,montana,0,maroon,3.9,0,0,0,43,52,True,False,False,False,False,True,False,False,True,False,False,False,False,False,False,False,low,55-64,neutral
62,0,sunglasses,45,oklahoma,2,black,3.4,0,0,0,37,52,False,False,False,True,False,False,True,False,False,False,False,False,False,False,True,False,low,55-64,neutral
54,0,shoes,52,north dakota,3,violet,4.6,0,0,0,23,4,False,True,False,False,False,True,False,False,False,False,False,True,False,False,False,False,medium,45-54,positive
61,0,pants,68,connecticut,2,indigo,4.6,0,0,0,12,1,True,False,False,False,False,False,False,False,False,True,False,False,True,False,False,False,medium,55-64,positive
50,0,sneakers,98,texas,2,yellow,4.7,0,0,0,30,26,False,True,False,False,False,False,False,False,False,True,False,False,False,False,False,True,high,45-54,positive
65,0,shoes,83,delaware,1,gray,3.2,0,0,0,7,52,False,True,False,False,False,False,True,False,False,False,False,True,False,False,False,False,high,65+,neutral
68,0,shorts,51,mississippi,1,red,5.0,0,0,0,20,12,True,False,False,False,True,False,True,False,False,False,False,False,False,True,False,False,medium,65+,positive
55,0,handbag,21,minnesota,2,peach,4.5,0,0,0,10,12,False,False,False,True,False,False,True,False,False,False,False,False,False,False,False,True,low,55-64,positive
57,0,handbag,92,georgia,1,gray,3.5,0,0,0,40,4,False,False,False,True,False,False,False,False,False,True,False,False,True,False,False,False,high,55-64,neutral
56,0,shoes,63,iowa,0,white,4.5,0,0,0,21,12,False,True,False,True,False,False,False,False,False,False,True,False,False,False,False,True,medium,55-64,positive
29,0,jewelry,56,new york,0,green,3.2,0,0,0,17,26,False,False,False,True,False,False,True,False,False,False,False,False,True,False,False,False,medium,25-34,neutral
24,0,shorts,95,nevada,1,magenta,4.6,0,0,0,5,52,True,False,False,True,False,False,False,True,False,False,False,False,False,False,False,False,high,18-24,positive
59,0,blouse,66,virginia,1,olive,4.0,0,0,0,22,1,True,False,False,False,False,True,False,False,True,False,False,False,False,False,True,False,medium,55-64,positive
62,0,coat,28,idaho,0,olive,4.2,0,0,0,5,52,False,False,True,True,False,False,True,False,False,False,False,False,False,False,False,True,low,55-64,positive
58,0,hat,83,colorado,1,blue,4.1,0,0,0,18,4,False,False,False,False,False,True,False,False,False,True,False,False,False,False,True,False,high,55-64,positive
64,0,socks,55,wisconsin,3,charcoal,3.6,0,0,0,42,4,True,False,False,False,False,False,False,False,False,False,False,True,False,False,False,False,medium,55-64,neutral
48,0,sandals,28,connecticut,1,yellow,3.7,0,0,0,22,1,False,True,False,True,False,False,False,False,False,False,False,False,False,True,False,False,low,45-54,neutral
60,0,scarf,79,kansas,1,violet,3.6,0,0,0,37,26,False,False,False,False,True,False,False,True,False,False,False,False,False,False,False,False,high,55-64,neutral
52,0,scarf,31,pennsylvania,2,magenta,3.8,0,0,0,23,1,False,False,False,False,True,False,False,False,False,True,False,False,True,False,False,False,low,45-54,neutral
63,0,blouse,37,utah,1,red,3.0,0,0,0,47,26,True,False,False,False,False,False,False,False,False,True,False,False,False,True,False,False,low,55-64,neutral
44,0,t-shirt,34,oregon,1,cyan,3.4,0,0,0,11,26,True,False,False,False,True,False,False,False,False,False,False,False,False,False,False,False,low,35-44,neutral
63,0,shoes,74,west virginia,0,orange,4.8,0,0,0,32,52,False,True,False,False,False,True,False,False,False,True,False,True,False,False,False,False,high,55-64,positive
66,0,gloves,31,montana,2,black,2.6,0,0,0,20,52,False,False,False,True,False,False,False,False,False,False,True,False,False,False,False,True,low,65+,negative
22,0,sunglasses,66,kentucky,1,blue,2.9,0,0,0,3,4,False,False,False,False,False,True,False,False,True,False,False,False,False,False,True,False,medium,18-24,negative
62,0,shoes,99,minnesota,1,charcoal,4.9,0,0,0,32,52,False,True,False,True,False,False,False,True,False,False,False,False,False,False,False,False,high,55-64,positive
39,0,dress,55,louisiana,1,indigo,5.0,0,0,0,5,26,True,False,False,True,False,False,False,True,False,False,False,False,True,False,False,False,medium,35-44,positive
25,0,blouse,23,delaware,2,silver,4.6,0,0,0,45,4,True,False,False,True,False,False,False,False,True,False,False,True,False,False,False,False,low,25-34,positive
70,0,sweater,88,arizona,1,brown,4.2,0,0,0,43,26,True,False,False,False,False,False,True,False,False,False,False,True,False,False,False,False,high,65+,positive
52,0,jacket,26,nevada,1,peach,4.9,0,0,0,1,4,False,False,True,False,True,False,False,False,True,False,False,False,False,False,True,False,low,45-54,positive
68,0,backpack,94,alaska,2,magenta,4.8,0,0,0,9,4,False,False,False,False,True,False,False,False,False,True,False,False,False,False,False,True,high,65+,positive
18,0,shorts,25,utah,1,beige,3.0,0,0,0,13,4,True,False,False,False,False,False,False,False,True,False,False,False,False,False,False,True,low,18-24,neutral
18,0,socks,96,kansas,3,violet,3.5,0,0,0,5,1,True,False,False,False,False,False,True,False,False,False,False,False,True,False,False,False,high,18-24,neutral
63,0,sneakers,29,north carolina,2,black,3.4,0,0,0,39,26,False,True,False,True,False,False,False,False,False,True,False,False,True,False,False,False,low,55-64,neutral
47,0,sneakers,36,maryland,1,cyan,3.4,0,0,0,7,52,False,True,False,False,False,True,False,True,False,False,False,False,False,False,False,False,low,45-54,neutral
43,0,blouse,90,maine,1,green,4.9,0,0,0,8,4,True,False,False,False,True,False,False,False,False,True,False,False,True,False,False,False,high,35-44,positive
60,0,gloves,38,illinois,0,brown,4.4,0,0,0,40,1,False,False,False,False,True,False,False,True,False,False,False,False,False,False,False,True,low,55-64,positive
49,0,handbag,52,pennsylvania,0,gray,4.2,0,0,0,35,12,False,False,False,True,False,False,False,False,False,False,True,False,False,False,True,False,medium,45-54,positive
28,0,jeans,88,alaska,0,orange,3.1,0,0,0,14,12,True,False,False,True,False,False,False,False,True,False,False,False,False,False,False,True,high,25-34,neutral
32,0,scarf,56,new mexico,0,silver,4.0,0,0,0,26,12,False,False,False,False,True,False,False,False,True,False,False,False,True,False,False,False,medium,25-34,positive
29,0,sandals,71,arkansas,1,purple,4.8,0,0,0,14,4,False,True,False,True,False,False,False,False,True,False,False,False,False,False,True,False,medium,25-34,positive
35,0,sandals,94,alaska,1,olive,3.3,0,0,0,9,26,False,True,False,False,False,False,True,False,False,False,False,False,False,False,False,False,high,35-44,neutral
23,0,dress,97,louisiana,3,teal,4.7,0,0,0,32,1,True,False,False,False,False,True,False,False,False,True,False,False,False,True,False,False,high,18-24,positive
70,0,skirt,27,north dakota,1,white,3.2,0,0,0,15,4,True,False,False,False,True,False,False,False,False,True,False,False,False,False,False,False,low,65+,neutral
23,0,shorts,28,rhode island,1,black,5.0,0,0,0,25,12,True,False,False,True,False,False,False,False,False,True,False,False,True,False,False,False,low,18-24,positive
43,0,jeans,67,connecticut,2,maroon,4.9,0,0,0,27,12,True,False,False,False,False,False,False,True,False,False,False,False,False,False,True,False,medium,35-44,positive
29,0,socks,70,new york,1,cyan,4.9,0,0,0,39,4,True,False,False,False,False,False,True,False,False,False,False,False,False,False,False,False,medium,25-34,positive
61,0,coat,95,kentucky,1,violet,3.7,0,0,0,49,26,False,False,True,False,False,False,True,False,False,False,False,False,False,False,False,True,high,55-64,neutral
29,0,boots,24,maine,2,yellow,3.0,0,0,0,12,26,False,True,False,True,False,False,True,False,False,False,False,False,False,False,False,True,low,25-34,neutral
66,0,belt,35,missouri,0,yellow,2.6,0,0,0,13,52,False,False,False,False,False,True,False,False,False,True,False,False,False,False,False,False,low,65+,negative
46,0,shoes,22,georgia,2,olive,2.6,0,0,0,22,4,False,True,False,False,False,True,False,False,False,True,False,False,False,False,False,False,low,45-54,negative
34,0,scarf,66,arizona,2,olive,4.8,0,0,0,19,4,False,False,False,False,False,False,False,False,False,True,False,False,True,False,False,False,medium,25-34,positive
51,0,blouse,83,new hampshire,1,magenta,3.2,0,0,0,3,26,True,False,False,False,True,False,False,False,False,False,False,True,False,False,False,False,high,45-54,neutral
26,0,dress,95,georgia,1,orange,4.9,0,0,0,50,52,True,False,False,False,False,False,False,False,True,False,False,False,True,False,False,False,high,25-34,positive
23,0,shorts,41,california,0,beige,3.4,0,0,0,15,1,True,False,False,False,True,False,False,False,False,False,False,False,False,False,True,False,low,18-24,neutral
52,0,blouse,77,arizona,2,brown,2.7,0,0,0,44,4,True,False,False,False,True,False,False,False,False,False,True,False,True,False,False,False,high,45-54,negative
39,0,sneakers,52,florida,2,indigo,4.8,0,0,0,48,12,False,True,False,False,False,False,True,False,False,False,False,False,False,True,False,False,medium,35-44,positive
39,0,gloves,41,new york,3,gray,4.1,0,0,0,4,26,False,False,False,False,False,True,False,False,False,True,False,False,False,False,False,True,low,35-44,positive
33,0,hoodie,28,idaho,1,yellow,4.6,0,0,0,12,26,True,False,False,False,False,True,False,False,False,False,True,False,False,False,True,False,low,25-34,positive
33,0,sweater,90,virginia,0,violet,4.4,0,0,0,33,1,True,False,False,False,True,False,False,False,False,True,False,False,False,True,False,False,high,25-34,positive
23,0,sunglasses,55,michigan,1,magenta,3.5,0,0,0,40,1,False,False,False,True,False,False,False,False,False,False,False,True,False,False,False,False,medium,18-24,neutral
31,0,belt,73,new hampshire,1,blue,4.8,0,0,0,38,4,False,False,False,True,False,False,False,False,True,False,False,True,False,False,False,False,medium,25-34,positive
27,0,dress,87,south dakota,1,gray,2.9,0,0,0,19,4,True,False,False,False,False,False,False,False,False,False,False,False,False,False,False,True,high,25-34,negative
48,0,jacket,89,south dakota,1,gold,3.2,0,0,0,38,4,False,False,True,False,False,True,False,False,False,False,False,False,False,False,False,False,high,45-54,neutral
61,0,boots,82,new jersey,2,lavender,4.4,0,0,0,18,26,False,True,False,True,False,False,False,False,False,False,False,False,False,False,False,True,high,55-64,positive
63,0,sandals,80,wyoming,1,black,4.6,0,0,0,24,12,False,True,False,True,False,False,False,False,True,False,False,False,False,False,True,False,high,55-64,positive
19,0,scarf,87,alabama,2,charcoal,2.6,0,0,0,29,4,False,False,False,False,True,False,False,False,False,False,False,False,False,False,False,True,high,18-24,negative
21,0,blouse,41,south dakota,1,violet,3.1,0,0,0,14,1,True,False,False,True,False,False,False,False,False,False,True,False,False,False,True,False,low,18-24,neutral
28,0,hoodie,83,south carolina,1,charcoal,4.3,0,0,0,44,26,True,False,False,True,False,False,False,False,False,True,False,True,False,False,False,False,high,25-34,positive
29,0,sunglasses,71,new mexico,1,maroon,3.1,0,0,0,18,4,False,False,False,False,True,False,False,False,False,True,False,False,False,False,False,False,medium,25-34,neutral
23,0,hoodie,76,connecticut,3,purple,4.6,0,0,0,19,26,True,False,False,True,False,False,False,False,False,False,True,False,False,False,False,False,high,18-24,positive
37,0,scarf,34,kansas,0,peach,4.6,0,0,0,4,52,False,False,False,True,False,False,True,False,False,False,False,True,False,False,False,False,low,35-44,positive
67,0,dress,81,south carolina,3,olive,2.7,0,0,0,25,26,True,False,False,True,False,False,False,True,False,False,False,True,False,False,False,False,high,65+,negative
34,0,t-shirt,47,north carolina,1,indigo,3.0,0,0,0,3,12,True,False,False,False,True,False,False,False,True,False,False,False,False,False,True,False,medium,25-34,neutral
58,0,skirt,36,wyoming,0,magenta,3.3,0,0,0,40,4,True,False,False,False,True,False,False,False,False,False,True,False,False,True,False,False,low,55-64,neutral
45,0,jeans,51,louisiana,1,gold,2.7,0,0,0,5,52,True,False,False,True,False,False,False,True,False,False,False,True,False,False,False,False,medium,45-54,negative
63,0,hoodie,86,louisiana,1,orange,3.3,0,0,0,17,1,True,False,False,False,False,False,False,False,False,True,False,False,False,True,False,False,high,55-64,neutral
68,0,jeans,41,alabama,1,gold,4.3,0,0,0,36,4,True,False,False,False,False,False,False,False,False,False,True,False,False,False,False,False,low,65+,positive
41,0,sandals,90,minnesota,3,purple,4.8,0,0,0,41,1,False,True,False,False,False,False,True,False,False,False,False,False,False,False,False,True,high,35-44,positive
50,0,hat,93,new mexico,2,charcoal,3.3,0,0,0,20,26,False,False,False,False,False,False,False,False,False,True,False,False,False,False,False,True,high,45-54,neutral
24,0,gloves,56,tennessee,1,cyan,4.3,0,0,0,2,4,False,False,False,False,False,False,False,False,True,False,False,True,False,False,False,False,medium,18-24,positive
21,0,socks,39,new mexico,1,cyan,3.0,0,0,0,31,12,True,False,False,False,True,False,False,False,False,False,False,False,False,True,False,False,low,18-24,neutral
18,0,jacket,86,texas,3,green,4.8,0,0,0,23,26,False,False,True,False,False,False,False,False,False,False,False,False,False,False,False,False,high,18-24,positive
63,0,t-shirt,82,washington,1,silver,2.9,0,0,0,30,1,True,False,False,True,False,False,False,False,False,True,False,False,True,False,False,False,high,55-64,negative
47,0,sandals,29,michigan,1,teal,3.6,0,0,0,26,4,False,True,False,False,True,False,False,False,False,True,False,True,False,False,False,False,low,45-54,neutral
58,0,hat,27,minnesota,1,magenta,3.5,0,0,0,40,1,False,False,False,False,False,False,False,False,False,False,True,False,False,False,False,True,low,55-64,neutral
46,0,gloves,25,delaware,2,maroon,4.7,0,0,0,19,1,False,False,False,True,False,False,False,False,False,False,False,False,False,False,False,False,low,45-54,positive
35,0,dress,31,california,1,gold,4.4,0,0,0,4,12,True,False,False,False,False,True,False,True,False,False,False,False,True,False,False,False,low,35-44,positive
42,0,hoodie,23,wisconsin,2,purple,3.3,0,0,0,33,26,True,False,False,False,False,True,False,False,False,False,True,False,False,True,False,False,low,35-44,neutral
48,0,belt,47,kentucky,1,lavender,4.3,0,0,0,29,12,False,False,False,False,False,False,True,False,False,False,False,False,False,True,False,False,medium,45-54,positive
28,0,gloves,67,nevada,1,maroon,4.0,0,0,0,47,26,False,False,False,False,False,False,False,False,False,False,False,False,False,False,True,False,medium,25-34,positive
44,0,scarf,75,north carolina,0,magenta,4.9,0,0,0,50,52,False,False,False,False,False,True,False,False,False,False,False,False,False,False,False,True,high,35-44,positive
60,0,sandals,82,louisiana,1,turquoise,2.9,0,0,0,28,26,False,True,False,False,True,False,True,False,False,False,False,False,True,False,False,False,high,55-64,negative
38,0,sneakers,32,new jersey,3,silver,4.0,0,0,0,5,26,False,True,False,False,True,False,False,False,False,False,False,True,False,False,False,False,low,35-44,positive
46,0,dress,41,wisconsin,1,purple,4.3,0,0,0,12,1,True,False,False,False,False,False,False,False,False,False,True,False,True,False,False,False,low,45-54,positive
39,0,jewelry,89,arkansas,1,violet,2.7,0,0,0,4,52,False,False,False,False,False,True,False,False,False,False,False,False,False,False,True,False,high,35-44,negative
22,0,hat,82,texas,3,peach,5.0,0,0,0,22,26,False,False,False,False,False,False,False,False,False,False,True,False,False,False,False,False,high,18-24,positive
44,0,scarf,99,illinois,2,green,4.4,0,0,0,32,52,False,False,False,False,False,True,True,False,False,False,False,False,False,False,True,False,high,35-44,positive
69,0,blouse,98,mississippi,2,teal,3.5,0,0,0,32,4,True,False,False,False,False,False,True,False,False,False,False,False,False,False,False,True,high,65+,neutral
39,0,belt,54,delaware,1,silver,3.3,0,0,0,48,4,False,False,False,False,False,True,False,False,True,False,False,True,False,False,False,False,medium,35-44,neutral
53,0,blouse,88,georgia,2,purple,3.8,0,0,0,35,12,True,False,False,False,True,False,False,True,False,False,False,False,True,False,False,False,high,45-54,neutral
52,0,t-shirt,43,kansas,2,lavender,4.5,0,0,0,44,26,True,False,False,False,True,False,False,False,False,True,False,False,False,True,False,False,low,45-54,positive
65,0,hat,73,oklahoma,1,lavender,4.8,0,0,0,29,52,False,False,False,False,False,True,False,False,False,False,True,True,False,False,False,False,medium,65+,positive
48,0,hat,50,new jersey,1,peach,2.9,0,0,0,26,12,False,False,False,False,False,False,False,False,False,False,True,False,True,False,False,False,medium,45-54,negative
27,0,sneakers,73,utah,2,green,3.2,0,0,0,3,4,False,True,False,True,False,False,True,False,False,False,False,False,False,True,False,False,medium,25-34,neutral
39,0,gloves,51,montana,1,orange,2.8,0,0,0,1,26,False,False,False,True,False,False,False,True,False,False,False,False,False,False,False,False,medium,35-44,negative
59,0,socks,22,ohio,1,pink,3.3,0,0,0,17,1,True,False,False,False,False,True,False,False,False,True,False,False,False,False,True,False,low,55-64,neutral
52,0,sandals,32,colorado,2,cyan,3.3,0,0,0,17,26,False,True,False,False,False,False,False,True,False,False,False,False,True,False,False,False,low,45-54,neutral
50,0,sandals,38,california,2,lavender,4.2,0,0,0,36,52,False,True,False,False,True,False,False,False,False,False,False,True,False,False,False,False,low,45-54,positive
32,0,boots,66,utah,2,yellow,3.6,0,0,0,32,26,False,True,False,False,False,True,True,False,False,False,False,False,True,False,False,False,medium,25-34,neutral
40,0,backpack,20,kansas,1,olive,4.6,0,0,0,50,26,False,False,False,True,False,False,True,False,False,False,False,False,False,False,True,False,low,35-44,positive
26,0,coat,44,illinois,1,brown,3.6,0,0,0,39,1,False,False,True,False,True,False,False,False,False,False,False,False,False,False,False,True,low,25-34,neutral
47,0,sunglasses,31,minnesota,2,pink,4.0,0,0,0,17,12,False,False,False,True,False,False,False,False,True,False,False,False,False,False,True,False,low,45-54,positive
51,0,jacket,45,new york,1,cyan,2.7,0,0,0,39,4,False,False,True,False,False,False,False,True,False,False,False,False,False,False,False,False,low,45-54,negative
47,0,dress,71,arizona,2,maroon,4.4,0,0,0,5,1,True,False,False,False,True,False,False,False,False,False,True,False,False,False,True,False,medium,45-54,positive
53,0,scarf,96,tennessee,3,magenta,3.2,0,0,0,47,1,False,False,False,False,False,False,False,False,False,True,False,False,False,True,False,False,high,45-54,neutral
35,0,blouse,32,arkansas,1,violet,2.6,0,0,0,18,52,True,False,False,False,False,True,False,False,True,False,False,False,False,False,False,True,low,35-44,negative
38,0,backpack,90,colorado,2,silver,3.4,0,0,0,31,4,False,False,False,False,True,False,False,True,False,False,False,False,True,False,False,False,high,35-44,neutral
69,0,jewelry,68,nevada,1,maroon,5.0,0,0,0,39,26,False,False,False,True,False,False,False,False,False,False,False,False,False,True,False,False,medium,65+,positive
47,0,shorts,45,kansas,1,gray,2.9,0,0,0,12,52,True,False,False,False,False,True,False,False,False,False,True,False,False,False,False,False,low,45-54,negative
31,0,skirt,67,new york,1,white,5.0,0,0,0,45,26,True,False,False,False,False,True,False,True,False,False,False,True,False,False,False,False,medium,25-34,positive
68,0,skirt,57,minnesota,1,brown,4.4,0,0,0,33,26,True,False,False,False,False,False,False,False,False,True,False,False,True,False,False,False,medium,65+,positive
51,0,jeans,60,ohio,1,silver,3.5,0,0,0,3,1,True,False,False,False,True,False,False,False,False,False,False,False,False,False,True,False,medium,45-54,neutral
20,0,handbag,32,arizona,1,yellow,3.8,0,0,0,5,4,False,False,False,True,False,False,True,False,False,False,False,False,False,False,False,True,low,18-24,neutral
27,0,handbag,29,kentucky,0,magenta,3.8,0,0,0,23,12,False,False,False,False,False,False,False,False,False,False,True,False,False,True,False,False,low,25-34,neutral
67,0,coat,20,minnesota,1,blue,3.9,0,0,0,39,26,False,False,True,True,False,False,False,False,True,False,False,False,True,False,False,False,low,65+,neutral
21,0,jewelry,98,arkansas,1,green,3.3,0,0,0,10,1,False,False,False,False,False,True,False,False,True,False,False,False,True,False,False,False,high,18-24,neutral
20,0,sweater,27,wyoming,1,yellow,2.9,0,0,0,4,26,True,False,False,False,False,False,False,False,True,False,False,False,True,False,False,False,low,18-24,negative
35,0,jacket,67,north dakota,3,cyan,3.7,0,0,0,18,12,False,False,True,True,False,False,False,False,False,False,False,False,True,False,False,False,medium,35-44,neutral
58,0,shoes,82,alabama,2,gold,3.7,0,0,0,1,4,False,True,False,False,False,True,True,False,False,False,False,False,False,True,False,False,high,55-64,neutral
28,0,t-shirt,72,mississippi,1,magenta,4.6,0,0,0,18,26,True,False,False,False,False,False,False,False,False,True,False,False,False,False,True,False,medium,25-34,positive
27,0,sandals,77,illinois,0,gray,4.9,0,0,0,46,1,False,True,False,False,False,False,False,False,False,False,True,False,False,False,False,False,high,25-34,positive
19,0,shoes,74,arkansas,2,indigo,3.1,0,0,0,13,26,False,True,False,False,False,True,False,False,False,False,False,False,False,False,False,False,high,18-24,neutral
63,0,sandals,39,kansas,0,white,3.5,0,0,0,5,26,False,True,False,False,False,True,False,False,True,False,False,False,True,False,False,False,low,55-64,neutral
69,0,shorts,80,rhode island,1,indigo,4.9,0,0,0,11,52,True,False,False,True,False,False,False,False,True,False,False,False,False,True,False,False,high,65+,positive
65,0,backpack,59,florida,1,green,4.4,0,0,0,49,52,False,False,False,False,True,False,True,False,False,False,False,False,True,False,False,False,medium,65+,positive
63,0,jacket,68,missouri,1,turquoise,4.4,0,0,0,1,26,False,False,True,False,False,False,False,False,False,False,True,False,False,True,False,False,medium,55-64,positive
28,0,socks,77,north carolina,1,peach,3.4,0,0,0,11,4,True,False,False,False,False,False,False,False,True,False,False,False,True,False,False,False,high,25-34,neutral
67,0,jewelry,50,alabama,1,olive,3.0,0,0,0,47,4,False,False,False,False,False,True,False,False,False,False,False,True,False,False,False,False,medium,65+,neutral
51,0,pants,45,washington,2,cyan,2.6,0,0,0,20,12,True,False,False,False,False,False,False,False,True,False,False,False,False,False,False,True,low,45-54,negative
59,0,blouse,71,michigan,3,magenta,3.2,0,0,0,18,1,True,False,False,False,True,False,False,False,False,False,True,False,False,False,False,True,medium,55-64,neutral
25,0,socks,52,washington,0,silver,4.6,0,0,0,43,4,True,False,False,False,False,False,False,False,False,False,True,False,False,False,True,False,medium,25-34,positive
31,0,shoes,50,vermont,0,white,3.8,0,0,0,4,4,False,True,False,False,False,True,False,True,False,False,False,False,False,False,True,False,medium,25-34,neutral
62,0,handbag,66,illinois,2,pink,4.8,0,0,0,20,4,False,False,False,False,True,False,False,False,False,False,False,False,False,False,False,True,medium,55-64,positive
51,0,sandals,81,new york,0,pink,4.5,0,0,0,7,12,False,True,False,False,False,False,False,True,False,False,False,False,False,False,True,False,high,45-54,positive
32,0,socks,28,rhode island,1,pink,4.2,0,0,0,31,26,True,False,False,False,True,False,False,False,False,False,False,False,False,False,False,False,low,25-34,positive
35,0,handbag,65,washington,1,blue,2.7,0,0,0,41,26,False,False,False,False,False,True,False,False,False,False,False,False,False,False,False,True,medium,35-44,negative
70,0,hat,80,virginia,1,white,4.5,0,0,0,3,12,False,False,False,False,False,True,True,False,False,False,False,False,False,False,False,False,high,65+,positive
19,0,jewelry,94,wisconsin,0,teal,4.9,0,0,0,16,12,False,False,False,True,False,False,False,True,False,False,False,False,False,False,True,False,high,18-24,positive
32,0,backpack,30,michigan,1,gray,2.8,0,0,0,43,1,False,False,False,False,False,False,False,False,False,True,False,True,False,False,False,False,low,25-34,negative
56,0,shirt,45,texas,0,beige,3.5,0,0,0,29,26,True,False,False,False,False,False,False,False,False,True,False,False,False,False,False,False,low,55-64,neutral
53,0,coat,91,idaho,1,violet,2.5,0,0,0,5,26,False,False,True,False,True,False,False,False,False,False,True,True,False,False,False,False,high,45-54,negative
22,0,sunglasses,36,iowa,0,blue,2.9,0,0,0,30,4,False,False,False,False,False,True,False,False,False,True,False,False,False,True,False,False,low,18-24,negative
26,0,gloves,73,connecticut,3,magenta,4.2,0,0,0,33,12,False,False,False,False,False,False,False,False,True,False,False,False,False,True,False,False,medium,25-34,positive
42,0,shirt,60,wyoming,1,maroon,4.6,0,0,0,46,26,True,False,False,False,False,False,False,False,False,False,True,False,False,False,False,True,medium,35-44,positive
30,0,socks,77,mississippi,1,purple,3.0,0,0,0,17,26,True,False,False,False,False,True,False,True,False,False,False,False,False,False,False,True,high,25-34,neutral
29,0,skirt,86,pennsylvania,2,charcoal,4.4,0,0,0,47,26,True,False,False,True,False,False,False,True,False,False,False,False,True,False,False,False,high,25-34,positive
47,0,shorts,42,tennessee,2,red,2.6,0,0,0,17,26,True,False,False,False,True,False,False,False,False,True,False,True,False,False,False,False,low,45-54,negative
59,0,sandals,70,louisiana,1,charcoal,4.8,0,0,0,17,26,False,True,False,True,False,False,False,True,False,False,False,True,False,False,False,False,medium,55-64,positive
34,0,shirt,44,arkansas,2,lavender,2.9,0,0,0,28,4,True,False,False,False,True,False,False,False,True,False,False,False,False,False,False,False,low,25-34,negative
52,0,sunglasses,91,west virginia,2,white,3.0,0,0,0,8,12,False,False,False,True,False,False,False,False,True,False,False,True,False,False,False,False,high,45-54,neutral
47,0,jewelry,30,south carolina,2,red,4.5,0,0,0,8,4,False,False,False,False,False,False,False,False,False,True,False,False,False,False,False,False,low,45-54,positive
24,0,blouse,23,kansas,0,violet,3.7,0,0,0,4,26,True,False,False,False,False,False,False,False,False,False,True,False,False,False,False,False,low,18-24,neutral
63,0,sandals,21,michigan,3,orange,4.8,0,0,0,24,52,False,True,False,False,True,False,False,False,True,False,False,False,False,False,True,False,low,55-64,positive
59,0,coat,34,alabama,2,turquoise,4.8,0,0,0,29,26,False,False,True,True,False,False,False,True,False,False,False,True,False,False,False,False,low,55-64,positive
66,0,blouse,46,south dakota,1,violet,4.7,0,0,0,10,52,True,False,False,False,True,False,False,False,False,False,False,False,False,False,False,True,medium,65+,positive
45,0,sweater,41,rhode island,1,blue,2.6,0,0,0,11,26,True,False,False,False,False,True,True,False,False,False,False,False,False,False,True,False,low,45-54,negative
38,0,skirt,33,florida,1,white,4.6,0,0,0,18,26,True,False,False,False,False,False,False,False,False,True,False,False,False,False,False,False,low,35-44,positive
63,0,blouse,48,connecticut,2,turquoise,3.4,0,0,0,26,1,True,False,False,False,False,False,False,False,True,False,False,False,False,False,False,False,medium,55-64,neutral
55,0,hoodie,66,pennsylvania,2,pink,3.0,0,0,0,39,52,True,False,False,False,False,True,False,False,False,True,False,True,False,False,False,False,medium,55-64,neutral
25,0,skirt,54,california,3,maroon,4.0,0,0,0,4,1,True,False,False,True,False,False,False,False,False,False,False,False,False,False,False,True,medium,25-34,positive
51,0,backpack,55,oklahoma,1,olive,2.6,0,0,0,24,52,False,False,False,False,False,False,False,False,False,False,True,False,False,False,False,False,medium,45-54,negative
28,0,handbag,84,north dakota,3,charcoal,3.4,0,0,0,2,4,False,False,False,False,True,False,False,False,False,False,True,False,False,False,False,False,high,25-34,neutral
46,0,sandals,66,new mexico,1,charcoal,4.5,0,0,0,36,1,False,True,False,True,False,False,False,False,False,False,True,True,False,False,False,False,medium,45-54,positive
58,0,shoes,65,south carolina,1,indigo,2.7,0,0,0,36,52,False,True,False,True,False,False,False,False,False,False,True,False,False,False,False,True,medium,55-64,negative
30,0,sandals,83,michigan,0,teal,2.9,0,0,0,23,4,False,True,False,False,False,False,False,False,False,True,False,False,False,False,True,False,high,25-34,negative
68,0,sunglasses,61,missouri,2,black,4.0,0,0,0,36,4,False,False,False,False,False,True,False,False,False,False,True,False,True,False,False,False,medium,65+,positive
28,0,skirt,65,colorado,2,teal,3.2,0,0,0,2,1,True,False,False,False,True,False,False,True,False,False,False,False,False,True,False,False,medium,25-34,neutral
26,0,sandals,55,kansas,1,green,4.0,0,0,0,17,26,False,True,False,True,False,False,False,False,False,False,True,True,False,False,False,False,medium,25-34,positive
35,0,gloves,79,illinois,1,gold,3.4,0,0,0,19,52,False,False,False,False,False,False,False,False,False,False,False,False,False,False,False,True,high,35-44,neutral
40,0,hoodie,96,south carolina,1,red,4.9,0,0,0,41,12,True,False,False,False,False,False,True,False,False,False,False,False,False,False,True,False,high,35-44,positive
31,0,socks,43,utah,1,silver,3.6,0,0,0,27,4,True,False,False,False,False,False,False,True,False,False,False,False,False,False,True,False,low,25-34,neutral
60,0,jewelry,40,hawaii,1,yellow,3.6,0,0,0,32,26,False,False,False,False,True,False,False,False,False,False,False,False,False,False,False,False,low,55-64,neutral
69,0,hat,62,texas,3,peach,3.2,0,0,0,33,1,False,False,False,False,False,False,False,True,False,False,False,True,False,False,False,False,medium,65+,neutral
51,0,blouse,72,oregon,1,turquoise,3.7,0,0,0,24,4,True,False,False,True,False,False,False,False,False,False,False,False,False,False,True,False,medium,45-54,neutral
49,0,shoes,87,arizona,1,peach,2.6,0,0,0,31,4,False,True,False,True,False,False,True,False,False,False,False,False,False,True,False,False,high,45-54,negative
18,0,hat,31,new york,0,peach,3.9,0,0,0,35,52,False,False,False,False,False,True,True,False,False,False,False,False,True,False,False,False,low,18-24,neutral
63,0,sunglasses,34,nebraska,0,orange,3.4,0,0,0,2,12,False,False,False,False,False,False,False,True,False,False,False,False,False,False,False,False,low,55-64,neutral
57,0,shirt,53,vermont,1,charcoal,3.4,0,0,0,42,4,True,False,False,False,False,False,False,False,True,False,False,False,False,True,False,False,medium,55-64,neutral
45,0,t-shirt,85,maryland,3,white,4.2,0,0,0,47,4,True,False,False,False,True,False,True,False,False,False,False,False,False,False,False,False,high,45-54,positive
36,0,pants,50,tennessee,2,turquoise,2.9,0,0,0,44,26,True,False,False,False,False,False,False,False,False,True,False,False,False,False,False,False,medium,35-44,negative
20,0,pants,91,pennsylvania,1,red,4.1,0,0,0,8,4,True,False,False,False,True,False,False,True,False,False,False,False,False,False,False,False,high,18-24,positive
21,0,hat,56,south carolina,1,peach,3.6,0,0,0,13,4,False,False,False,False,False,False,False,True,False,False,False,False,True,False,False,False,medium,18-24,neutral
62,0,coat,60,connecticut,2,pink,4.0,0,0,0,10,1,False,False,True,False,False,False,False,False,True,False,False,True,False,False,False,False,medium,55-64,positive
23,0,jacket,34,kentucky,3,yellow,4.0,0,0,0,1,26,False,False,True,False,False,False,False,False,False,True,False,False,True,False,False,False,low,18-24,positive
26,0,sandals,30,rhode island,1,beige,3.6,0,0,0,1,12,False,True,False,True,False,False,False,True,False,False,False,False,False,True,False,False,low,25-34,neutral
30,0,gloves,71,colorado,2,green,3.1,0,0,0,18,1,False,False,False,False,False,True,True,False,False,False,False,False,False,False,False,False,medium,25-34,neutral
18,0,dress,100,oklahoma,0,turquoise,4.4,0,0,0,2,1,True,False,False,False,False,True,False,False,True,False,False,False,False,False,True,False,high,18-24,positive
47,0,belt,85,idaho,3,orange,4.3,0,0,0,36,4,False,False,False,False,False,False,False,False,True,False,False,False,False,True,False,False,high,45-54,positive
41,0,socks,83,maine,1,gold,3.5,0,0,0,17,26,True,False,False,False,True,False,False,False,True,False,False,False,False,True,False,False,high,35-44,neutral
62,0,jacket,31,vermont,2,red,3.0,0,0,0,1,1,False,False,True,False,False,True,False,False,False,True,False,False,False,True,False,False,low,55-64,neutral
28,0,boots,82,rhode island,1,teal,4.7,0,0,0,50,4,False,True,False,True,False,False,False,False,False,False,False,True,False,False,False,False,high,25-34,positive
46,0,shirt,79,florida,1,teal,2.5,0,0,0,3,26,True,False,False,False,True,False,False,False,False,False,False,False,True,False,False,False,high,45-54,negative
54,0,hat,62,west virginia,1,lavender,3.1,0,0,0,45,4,False,False,False,True,False,False,False,False,False,False,False,False,False,False,True,False,medium,45-54,neutral
36,0,shoes,92,indiana,2,pink,3.3,0,0,0,28,1,False,True,False,True,False,False,False,True,False,False,False,False,False,False,True,False,high,35-44,neutral
25,0,socks,58,illinois,1,maroon,4.7,0,0,0,6,4,True,False,False,False,False,False,False,False,True,False,False,False,False,True,False,False,medium,25-34,positive
38,0,hoodie,88,california,1,beige,3.4,0,0,0,33,4,True,False,False,True,False,False,False,False,True,False,False,False,False,True,False,False,high,35-44,neutral
38,0,sandals,44,massachusetts,2,orange,3.1,0,0,0,29,1,False,True,False,True,False,False,False,False,False,False,False,False,False,False,True,False,low,35-44,neutral
42,0,jeans,56,idaho,1,red,4.6,0,0,0,2,4,True,False,False,True,False,False,False,False,False,False,True,False,False,False,True,False,medium,35-44,positive
19,0,jewelry,23,kentucky,0,maroon,4.9,0,0,0,43,26,False,False,False,False,False,True,False,True,False,False,False,False,False,False,True,False,low,18-24,positive
34,0,shorts,45,delaware,1,brown,2.7,0,0,0,48,26,True,False,False,True,False,False,False,True,False,False,False,True,False,False,False,False,low,25-34,negative
38,0,sunglasses,31,idaho,1,olive,4.2,0,0,0,43,52,False,False,False,False,False,False,False,True,False,False,False,False,True,False,False,False,low,35-44,positive
42,0,pants,96,virginia,1,silver,2.6,0,0,0,26,26,True,False,False,False,True,False,False,False,False,False,True,False,False,True,False,False,high,35-44,negative
58,0,shirt,96,arizona,1,purple,3.2,0,0,0,26,26,True,False,False,True,False,False,False,False,False,False,False,False,False,True,False,False,high,55-64,neutral
56,0,shirt,80,maryland,1,gray,4.4,0,0,0,50,26,True,False,False,False,False,False,False,False,False,True,False,False,True,False,False,False,high,55-64,positive
62,0,pants,28,idaho,2,cyan,3.6,0,0,0,36,4,True,False,False,False,False,False,False,True,False,False,False,False,False,True,False,False,low,55-64,neutral
24,0,hoodie,51,new jersey,1,gray,2.7,0,0,0,26,26,True,False,False,False,True,False,False,False,True,False,False,False,False,False,False,False,medium,18-24,negative
60,0,socks,41,washington,2,gold,4.3,0,0,0,2,12,True,False,False,True,False,False,True,False,False,False,False,False,False,True,False,False,low,55-64,positive
53,0,coat,99,idaho,3,cyan,2.6,0,0,0,49,12,False,False,True,False,True,False,False,False,True,False,False,False,False,False,True,False,high,45-54,negative
26,0,sweater,53,rhode island,2,olive,4.3,0,0,0,32,26,True,False,False,True,False,False,False,False,False,False,True,False,False,False,False,False,medium,25-34,positive
34,0,backpack,25,delaware,1,violet,3.9,0,0,0,3,1,False,False,False,False,False,False,False,False,False,False,False,False,False,False,False,True,low,25-34,neutral
24,0,blouse,95,alaska,2,yellow,2.9,0,0,0,38,4,True,False,False,False,False,True,False,False,False,False,False,False,False,False,False,True,high,18-24,negative
42,0,hoodie,88,arizona,1,gold,3.1,0,0,0,5,12,True,False,False,False,False,False,False,True,False,False,False,False,False,False,True,False,high,35-44,neutral
36,0,jewelry,97,alabama,0,silver,4.2,0,0,0,8,4,False,False,False,False,False,False,False,True,False,False,False,False,True,False,False,False,high,35-44,positive
24,0,coat,81,washington,2,pink,4.1,0,0,0,43,52,False,False,True,False,False,True,False,False,False,False,False,False,False,False,False,True,high,18-24,positive
39,0,sunglasses,26,louisiana,0,turquoise,4.2,0,0,0,22,26,False,False,False,False,False,True,False,False,True,False,False,False,False,False,False,False,low,35-44,positive
46,0,shoes,41,nebraska,1,turquoise,4.4,0,0,0,10,4,False,True,False,False,True,False,True,False,False,False,False,True,False,False,False,False,low,45-54,positive
64,0,skirt,93,pennsylvania,1,peach,3.4,0,0,0,26,12,True,False,False,False,False,False,False,True,False,False,False,False,True,False,False,False,high,55-64,neutral
64,0,skirt,69,south carolina,2,teal,4.8,0,0,0,42,26,True,False,False,True,False,False,True,False,False,False,False,False,False,True,False,False,medium,55-64,positive
61,0,skirt,44,california,2,red,4.5,0,0,0,33,52,True,False,False,False,False,False,False,False,False,False,False,True,False,False,False,False,low,55-64,positive
61,0,sandals,54,indiana,0,black,2.7,0,0,0,23,4,False,True,False,True,False,False,False,False,False,False,True,False,False,False,False,False,medium,55-64,negative
44,0,sneakers,61,missouri,1,pink,3.5,0,0,0,30,4,False,True,False,True,False,False,False,False,False,False,True,False,False,False,False,True,medium,35-44,neutral
65,0,socks,80,connecticut,1,peach,3.1,0,0,0,36,52,True,False,False,False,False,False,False,False,True,False,False,False,False,False,True,False,high,65+,neutral
60,0,backpack,30,nevada,1,green,2.8,0,0,0,3,4,False,False,False,False,True,False,False,False,True,False,False,False,False,False,False,True,low,55-64,negative
65,0,shorts,94,new york,2,green,2.9,0,0,0,13,1,True,False,False,False,False,False,False,False,False,False,True,False,False,False,True,False,high,65+,negative
27,0,shirt,24,oklahoma,3,red,4.5,0,0,0,38,4,True,False,False,False,False,True,False,False,False,True,False,True,False,False,False,False,low,25-34,positive
36,0,socks,21,south dakota,1,maroon,3.5,0,0,0,19,12,True,False,False,False,False,False,False,False,True,False,False,False,False,False,False,True,low,35-44,neutral
22,0,jewelry,52,missouri,1,green,4.3,0,0,0,14,26,False,False,False,False,True,False,False,False,False,True,False,False,False,False,False,False,medium,18-24,positive
62,0,handbag,59,texas,1,black,4.9,0,0,0,43,1,False,False,False,False,False,False,False,False,True,False,False,False,False,True,False,False,medium,55-64,positive
59,0,shorts,51,new york,3,black,3.1,0,0,0,10,26,True,False,False,False,True,False,False,True,False,False,False,False,False,False,False,False,medium,55-64,neutral
50,0,sweater,35,vermont,1,yellow,4.0,0,0,0,34,4,True,False,False,False,False,True,False,True,False,False,False,False,False,False,False,False,low,45-54,positive
51,0,gloves,87,arizona,2,green,3.6,0,0,0,31,1,False,False,False,False,True,False,False,False,False,True,False,False,False,False,False,True,high,45-54,neutral
23,0,pants,42,montana,2,black,4.0,0,0,0,34,52,True,False,False,False,True,False,False,False,False,False,True,False,False,False,False,False,low,18-24,positive
21,0,t-shirt,86,oklahoma,1,red,2.6,0,0,0,28,26,True,False,False,False,False,True,True,False,False,False,False,False,False,False,False,True,high,18-24,negative
44,0,pants,26,new hampshire,2,yellow,3.1,0,0,0,35,1,True,False,False,False,False,False,False,False,True,False,False,True,False,False,False,False,low,35-44,neutral
25,0,sweater,60,wisconsin,1,violet,3.5,0,0,0,41,4,True,False,False,False,True,False,False,False,False,False,True,True,False,False,False,False,medium,25-34,neutral
57,0,gloves,83,alaska,0,cyan,3.9,0,0,0,48,26,False,False,False,False,False,True,False,False,False,True,False,False,False,False,True,False,high,55-64,neutral
41,0,belt,63,south dakota,0,pink,2.7,0,0,0,45,4,False,False,False,True,False,False,False,False,False,False,False,True,False,False,False,False,medium,35-44,negative
19,0,sneakers,25,alaska,2,olive,4.1,0,0,0,10,26,False,True,False,True,False,False,False,False,False,True,False,False,True,False,False,False,low,18-24,positive
43,0,shorts,65,utah,1,maroon,4.3,0,0,0,9,52,True,False,False,False,False,False,True,False,False,False,False,True,False,False,False,False,medium,35-44,positive
25,0,sneakers,60,south dakota,1,cyan,2.9,0,0,0,30,1,False,True,False,False,False,False,False,True,False,False,False,False,False,True,False,False,medium,25-34,negative
60,0,jeans,75,california,3,lavender,4.0,0,0,0,45,1,True,False,False,True,False,False,True,False,False,False,False,False,False,False,True,False,high,55-64,positive
54,0,sneakers,57,mississippi,2,yellow,4.1,0,0,0,41,4,False,True,False,False,False,False,False,True,False,False,False,False,False,False,False,True,medium,45-54,positive
52,0,boots,99,tennessee,1,pink,3.7,0,0,0,40,26,False,True,False,False,False,True,False,False,False,True,False,False,False,False,True,False,high,45-54,neutral
40,0,jacket,45,alabama,2,orange,2.8,0,0,0,42,26,False,False,True,True,False,False,False,True,False,False,False,False,False,False,True,False,low,35-44,negative
39,0,gloves,66,maine,3,orange,3.2,0,0,0,17,26,False,False,False,False,True,False,False,True,False,False,False,False,False,True,False,False,medium,35-44,neutral
54,0,socks,53,virginia,1,violet,4.5,0,0,0,4,1,True,False,False,False,False,True,False,False,True,False,False,False,False,False,False,True,medium,45-54,positive
64,0,jeans,94,new hampshire,2,lavender,3.8,0,0,0,6,12,True,False,False,False,False,True,False,False,False,True,False,True,False,False,False,False,high,55-64,neutral
31,0,boots,47,tennessee,2,yellow,3.6,0,0,0,22,52,False,True,False,False,False,False,False,False,False,False,False,False,False,False,False,True,medium,25-34,neutral
37,0,blouse,80,new york,1,pink,3.6,0,0,0,46,4,True,False,False,False,False,False,False,False,False,False,False,False,False,False,True,False,high,35-44,neutral
43,0,hat,65,kansas,3,teal,3.2,0,0,0,27,12,False,False,False,True,False,False,False,False,True,False,False,False,False,True,False,False,medium,35-44,neutral
56,0,shirt,75,north dakota,1,magenta,3.8,0,0,0,18,4,True,False,False,False,True,False,True,False,False,False,False,False,False,False,False,False,high,55-64,neutral
27,0,handbag,45,alaska,3,beige,4.4,0,0,0,31,52,False,False,False,False,True,False,False,False,False,True,False,False,True,False,False,False,low,25-34,positive
40,0,sunglasses,51,texas,1,gray,3.7,0,0,0,1,52,False,False,False,True,False,False,False,False,False,False,True,False,False,False,False,True,medium,35-44,neutral
43,0,scarf,58,massachusetts,0,turquoise,2.6,0,0,0,2,26,False,False,False,False,True,False,True,False,False,False,False,False,False,False,True,False,medium,35-44,negative
62,0,sunglasses,20,delaware,1,pink,4.0,0,0,0,46,1,False,False,False,False,False,False,False,False,False,True,False,False,False,False,False,False,low,55-64,positive
44,0,scarf,82,south dakota,1,violet,3.6,0,0,0,27,52,False,False,False,False,True,False,False,False,False,False,False,False,False,False,False,True,high,35-44,neutral
45,0,gloves,92,arkansas,1,charcoal,2.5,0,0,0,3,52,False,False,False,True,False,False,True,False,False,False,False,True,False,False,False,False,high,45-54,negative
40,0,shorts,81,utah,1,lavender,3.2,0,0,0,47,4,True,False,False,False,False,False,False,True,False,False,False,False,False,False,False,False,high,35-44,neutral
68,0,sunglasses,44,california,1,gray,2.5,0,0,0,20,4,False,False,False,False,True,False,False,False,True,False,False,True,False,False,False,False,low,65+,negative
63,0,jewelry,72,rhode island,0,brown,3.2,0,0,0,23,1,False,False,False,False,False,True,False,False,True,False,False,False,True,False,False,False,medium,55-64,neutral
60,0,jacket,26,oklahoma,2,violet,2.6,0,0,0,13,12,False,False,True,False,False,True,False,False,False,False,True,False,True,False,False,False,low,55-64,negative
19,0,sweater,26,vermont,1,turquoise,4.8,0,0,0,12,26,True,False,False,False,False,False,False,False,True,False,False,False,False,False,False,True,low,18-24,positive
26,0,blouse,84,kentucky,1,peach,5.0,0,0,0,36,26,True,False,False,True,False,False,False,False,False,False,True,False,False,False,True,False,high,25-34,positive
70,0,scarf,72,illinois,0,turquoise,3.2,0,0,0,1,12,False,False,False,True,False,False,False,False,False,False,False,False,False,False,False,False,medium,65+,neutral
48,0,handbag,55,connecticut,1,violet,3.6,0,0,0,14,52,False,False,False,True,False,False,False,False,False,True,False,False,False,True,False,False,medium,45-54,neutral
37,0,hat,77,florida,1,olive,2.7,0,0,0,45,1,False,False,False,False,False,False,False,False,False,False,False,True,False,False,False,False,high,35-44,negative
48,0,scarf,57,new jersey,1,green,3.1,0,0,0,31,4,False,False,False,False,False,False,False,False,False,True,False,False,True,False,False,False,medium,45-54,neutral
18,0,boots,71,missouri,1,teal,3.0,0,0,0,41,52,False,True,False,True,False,False,False,False,False,True,False,False,False,False,True,False,medium,18-24,neutral
38,0,blouse,39,michigan,2,peach,2.9,0,0,0,36,1,True,False,False,True,False,False,False,False,True,False,False,False,False,False,True,False,low,35-44,negative
33,0,socks,28,washington,1,pink,4.7,0,0,0,6,26,True,False,False,False,False,True,True,False,False,False,False,False,False,True,False,False,low,25-34,positive
57,0,shoes,33,new york,0,maroon,3.7,0,0,0,28,1,False,True,False,False,False,True,False,False,False,True,False,False,True,False,False,False,low,55-64,neutral
46,0,skirt,79,wisconsin,2,peach,3.9,0,0,0,29,12,True,False,False,False,False,False,False,True,False,False,False,False,False,False,False,True,high,45-54,neutral
46,0,belt,30,idaho,1,maroon,4.0,0,0,0,14,12,False,False,False,False,False,True,False,False,False,True,False,True,False,False,False,False,low,45-54,positive
50,0,skirt,75,michigan,1,pink,2.8,0,0,0,7,4,True,False,False,True,False,False,False,False,True,False,False,False,False,False,False,False,high,45-54,negative
61,0,pants,89,georgia,1,orange,4.1,0,0,0,31,26,True,False,False,False,True,False,True,False,False,False,False,False,False,False,False,True,high,55-64,positive
45,0,dress,95,michigan,1,orange,4.2,0,0,0,26,4,True,False,False,False,False,True,False,True,False,False,False,False,False,False,False,False,high,45-54,positive
32,0,hat,44,maine,1,brown,4.3,0,0,0,12,26,False,False,False,False,False,False,True,False,False,False,False,False,False,False,False,True,low,25-34,positive
29,0,coat,86,maryland,0,silver,4.3,0,0,0,45,26,False,False,True,False,True,False,False,False,False,False,True,False,True,False,False,False,high,25-34,positive
66,0,scarf,91,missouri,1,magenta,2.6,0,0,0,40,1,False,False,False,False,False,False,True,False,False,False,False,False,False,False,True,False,high,65+,negative
70,0,sneakers,41,oregon,3,indigo,3.8,0,0,0,42,12,False,True,False,False,False,True,False,True,False,False,False,True,False,False,False,False,low,65+,neutral
36,0,pants,99,arkansas,0,gold,2.9,0,0,0,45,4,True,False,False,True,False,False,True,False,False,False,False,True,False,False,False,False,high,35-44,negative
34,0,belt,65,new hampshire,1,purple,5.0,0,0,0,34,4,False,False,False,False,False,True,False,False,False,True,False,False,False,True,False,False,medium,25-34,positive
20,0,sneakers,48,oregon,1,gold,4.6,0,0,0,34,4,False,True,False,False,True,False,False,True,False,False,False,False,True,False,False,False,medium,18-24,positive
70,0,hat,41,kansas,0,gold,3.2,0,0,0,17,4,False,False,False,True,False,False,False,True,False,False,False,False,False,False,True,False,low,65+,neutral
50,0,shirt,42,california,1,gold,3.0,0,0,0,27,52,True,False,False,False,True,False,False,False,False,True,False,False,False,False,False,False,low,45-54,neutral
54,0,shorts,26,georgia,1,olive,4.0,0,0,0,31,4,True,False,False,False,True,False,False,True,False,False,False,False,True,False,False,False,low,45-54,positive
49,0,shorts,35,hawaii,2,green,4.1,0,0,0,47,26,True,False,False,False,False,False,True,False,False,False,False,False,False,True,False,False,low,45-54,positive
50,0,jacket,31,montana,1,gray,4.0,0,0,0,25,1,False,False,True,False,True,False,True,False,False,False,False,False,False,False,False,False,low,45-54,positive
62,0,jewelry,73,montana,1,red,4.1,0,0,0,47,26,False,False,False,False,True,False,False,False,False,True,False,True,False,False,False,False,medium,55-64,positive
42,0,blouse,82,mississippi,1,charcoal,3.4,0,0,0,8,52,True,False,False,True,False,False,False,True,False,False,False,True,False,False,False,False,high,35-44,neutral
69,0,pants,32,washington,1,indigo,2.9,0,0,0,32,26,True,False,False,True,False,False,False,True,False,False,False,False,False,True,False,False,low,65+,negative
22,0,hat,27,pennsylvania,1,indigo,3.0,0,0,0,33,4,False,False,False,False,True,False,False,False,False,False,False,False,False,False,False,False,low,18-24,neutral
36,0,backpack,86,nevada,2,silver,4.0,0,0,0,16,4,False,False,False,True,False,False,False,False,True,False,False,False,False,True,False,False,high,35-44,positive
64,0,boots,38,kansas,3,purple,4.8,0,0,0,27,52,False,True,False,False,False,True,False,False,False,False,False,True,False,False,False,False,low,55-64,positive
44,0,jacket,93,arizona,2,gray,4.6,0,0,0,17,4,False,False,True,False,True,False,False,True,False,False,False,False,False,False,True,False,high,35-44,positive
43,0,hoodie,59,tennessee,1,magenta,4.1,0,0,0,17,4,True,False,False,False,False,True,False,False,False,False,False,True,False,False,False,False,medium,35-44,positive
58,0,sandals,58,pennsylvania,2,silver,2.6,0,0,0,28,26,False,True,False,False,False,True,True,False,False,False,False,False,False,False,True,False,medium,55-64,negative
62,0,skirt,84,alaska,1,violet,2.5,0,0,0,38,26,True,False,False,True,False,False,False,True,False,False,False,False,False,False,True,False,high,55-64,negative
45,0,hoodie,100,new mexico,1,green,4.8,0,0,0,33,26,True,False,False,True,False,False,False,True,False,False,False,False,False,False,False,False,high,45-54,positive
47,0,dress,25,rhode island,2,green,4.2,0,0,0,24,4,True,False,False,False,True,False,True,False,False,False,False,False,False,False,False,True,low,45-54,positive
66,0,sandals,29,connecticut,1,peach,3.9,0,0,0,14,4,False,True,False,True,False,False,False,True,False,False,False,False,False,False,False,True,low,65+,neutral
30,0,jeans,42,idaho,1,turquoise,3.7,0,0,0,5,26,True,False,False,True,False,False,True,False,False,False,False,False,False,False,False,True,low,25-34,neutral
68,0,jeans,57,mississippi,2,pink,4.2,0,0,0,8,12,True,False,False,False,False,False,False,False,False,False,False,False,False,False,False,False,medium,65+,positive
35,0,jacket,84,colorado,2,lavender,4.2,0,0,0,42,12,False,False,True,False,False,True,False,False,True,False,False,False,False,True,False,False,high,35-44,positive
64,0,hat,71,georgia,2,silver,4.0,0,0,0,48,4,False,False,False,False,False,True,False,True,False,False,False,False,False,False,False,True,medium,55-64,positive
30,0,shorts,87,montana,0,cyan,5.0,0,0,0,40,4,True,False,False,False,False,False,False,False,True,False,False,False,False,False,False,True,high,25-34,positive
58,0,sweater,52,california,1,green,4.9,0,0,0,46,1,True,False,False,False,False,True,False,False,False,True,False,False,False,False,False,True,medium,55-64,positive
57,0,blouse,58,pennsylvania,2,orange,4.0,0,0,0,40,4,True,False,False,False,True,False,True,False,False,False,False,False,False,False,True,False,medium,55-64,positive
60,0,sweater,34,delaware,0,blue,3.2,0,0,0,31,26,True,False,False,False,False,False,False,False,False,False,False,False,False,False,True,False,low,55-64,neutral
22,0,jewelry,60,new hampshire,1,magenta,3.0,0,0,0,39,4,False,False,False,False,False,True,False,False,True,False,False,True,False,False,False,False,medium,18-24,neutral
46,0,hoodie,68,florida,0,cyan,2.6,0,0,0,36,26,True,False,False,False,False,True,True,False,False,False,False,False,False,False,True,False,medium,45-54,negative
27,0,jewelry,74,mississippi,2,indigo,4.4,0,0,0,25,4,False,False,False,False,True,False,False,False,False,False,False,False,False,True,False,False,high,25-34,positive
50,0,scarf,83,montana,1,pink,3.9,0,0,0,24,1,False,False,False,False,True,False,False,True,False,False,False,False,False,True,False,False,high,45-54,neutral
65,0,hat,79,mississippi,1,peach,4.0,0,0,0,19,52,False,False,False,False,False,False,False,False,False,False,False,False,False,False,True,False,high,65+,positive
61,0,sunglasses,76,tennessee,1,lavender,4.0,0,0,0,49,26,False,False,False,False,False,False,False,False,False,False,True,False,False,True,False,False,high,55-64,positive
57,0,t-shirt,20,florida,1,black,4.2,0,0,0,4,1,True,False,False,True,False,False,False,True,False,False,False,False,False,False,False,True,low,55-64,positive
40,0,shirt,61,illinois,3,lavender,4.4,0,0,0,36,4,True,False,False,False,True,False,False,False,True,False,False,True,False,False,False,False,medium,35-44,positive
39,0,sandals,78,virginia,0,brown,2.5,0,0,0,8,4,False,True,False,False,True,False,False,True,False,False,False,False,False,True,False,False,high,35-44,negative
42,0,hat,21,texas,0,yellow,3.1,0,0,0,29,4,False,False,False,False,True,False,False,False,False,False,True,False,True,False,False,False,low,35-44,neutral
30,0,t-shirt,77,missouri,1,olive,3.5,0,0,0,26,4,True,False,False,False,False,True,False,False,False,False,True,False,True,False,False,False,high,25-34,neutral
65,0,shorts,88,mississippi,0,blue,3.0,0,0,0,47,26,True,False,False,False,False,False,False,False,False,False,False,False,False,False,False,False,high,65+,neutral
57,0,sunglasses,64,pennsylvania,1,turquoise,4.4,0,0,0,44,1,False,False,False,False,True,False,False,False,True,False,False,True,False,False,False,False,medium,55-64,positive
64,0,jacket,57,wyoming,1,yellow,4.9,0,0,0,49,12,False,False,True,True,False,False,False,False,False,True,False,False,True,False,False,False,medium,55-64,positive
56,0,shirt,49,idaho,2,turquoise,2.8,0,0,0,9,12,True,False,False,False,False,True,False,False,True,False,False,False,False,False,False,True,medium,55-64,negative
40,0,scarf,35,new hampshire,1,orange,3.3,0,0,0,28,26,False,False,False,False,True,False,False,True,False,False,False,True,False,False,False,False,low,35-44,neutral
55,0,t-shirt,99,wyoming,0,blue,4.9,0,0,0,1,26,True,False,False,False,False,True,True,False,False,False,False,False,False,True,False,False,high,55-64,positive
25,0,shorts,42,nebraska,1,olive,4.2,0,0,0,28,4,True,False,False,True,False,False,False,False,False,False,True,True,False,False,False,False,low,25-34,positive
58,0,hat,32,alaska,1,beige,3.3,0,0,0,33,26,False,False,False,False,False,True,False,False,False,False,False,False,True,False,False,False,low,55-64,neutral
46,0,jacket,21,maryland,2,lavender,2.7,0,0,0,28,12,False,False,True,False,True,False,False,False,False,True,False,False,True,False,False,False,low,45-54,negative
18,0,dress,29,maryland,3,magenta,3.3,0,0,0,9,1,True,False,False,False,False,True,False,False,False,False,False,True,False,False,False,False,low,18-24,neutral
26,0,coat,64,arizona,2,cyan,3.8,0,0,0,28,1,False,False,True,True,False,False,False,True,False,False,False,False,False,False,False,False,medium,25-34,neutral
61,0,sandals,46,ohio,2,lavender,3.2,0,0,0,19,4,False,True,False,False,False,False,False,False,True,False,False,True,False,False,False,False,medium,55-64,neutral
55,0,t-shirt,97,minnesota,1,black,4.1,0,0,0,20,4,True,False,False,False,False,False,False,False,False,False,False,False,False,False,False,False,high,55-64,positive
41,0,jacket,94,new hampshire,1,green,4.3,0,0,0,3,12,False,False,True,True,False,False,False,False,False,True,False,True,False,False,False,False,high,35-44,positive
42,0,sandals,43,louisiana,2,silver,4.0,0,0,0,22,52,False,True,False,False,True,False,False,False,False,True,False,False,True,False,False,False,low,35-44,positive
70,0,sweater,54,nevada,3,beige,3.9,0,0,0,33,26,True,False,False,False,True,False,False,False,False,False,False,False,True,False,False,False,medium,65+,neutral
63,0,hat,51,new hampshire,1,pink,3.3,0,0,0,21,1,False,False,False,False,False,True,False,False,False,False,False,False,True,False,False,False,medium,55-64,neutral
60,0,shoes,85,wisconsin,0,cyan,2.6,0,0,0,7,1,False,True,False,False,False,False,False,False,False,False,False,True,False,False,False,False,high,55-64,negative
28,0,hoodie,96,nevada,1,olive,4.2,0,0,0,46,12,True,False,False,True,False,False,False,False,True,False,False,False,False,True,False,False,high,25-34,positive
60,0,hat,42,south carolina,1,pink,3.4,0,0,0,24,1,False,False,False,False,True,False,False,False,False,False,False,False,True,False,False,False,low,55-64,neutral
26,0,skirt,63,florida,2,maroon,4.1,0,0,0,6,4,True,False,False,False,False,True,False,True,False,False,False,False,False,True,False,False,medium,25-34,positive
42,0,shirt,20,massachusetts,1,red,3.9,0,0,0,40,12,True,False,False,False,False,True,False,True,False,False,False,False,False,False,True,False,low,35-44,neutral
56,0,scarf,25,georgia,2,silver,2.8,0,0,0,17,52,False,False,False,True,False,False,False,False,False,False,False,False,False,True,False,False,low,55-64,negative
35,0,pants,95,north dakota,2,blue,2.6,0,0,0,24,26,True,False,False,False,False,False,False,True,False,False,False,True,False,False,False,False,high,35-44,negative
34,0,hat,38,north dakota,3,purple,4.0,0,0,0,22,26,False,False,False,False,False,False,False,False,True,False,False,True,False,False,False,False,low,25-34,positive
47,0,sandals,29,maryland,1,brown,4.9,0,0,0,3,52,False,True,False,False,False,False,True,False,False,False,False,False,False,False,True,False,low,45-54,positive
49,0,socks,64,new mexico,2,purple,3.2,0,0,0,39,4,True,False,False,False,False,True,False,True,False,False,False,True,False,False,False,False,medium,45-54,neutral
37,0,jewelry,92,iowa,0,brown,3.9,0,0,0,40,4,False,False,False,False,True,False,True,False,False,False,False,False,False,True,False,False,high,35-44,neutral
40,0,shirt,34,kansas,1,charcoal,2.7,0,0,0,1,4,True,False,False,True,False,False,True,False,False,False,False,False,True,False,False,False,low,35-44,negative
45,0,sneakers,69,virginia,1,violet,3.4,0,0,0,14,26,False,True,False,True,False,False,False,False,False,True,False,False,False,False,False,True,medium,45-54,neutral
57,0,dress,65,alaska,0,yellow,3.5,0,0,0,49,1,True,False,False,True,False,False,True,False,False,False,False,False,False,False,False,False,medium,55-64,neutral
35,0,shirt,81,nebraska,3,green,2.6,0,0,0,33,1,True,False,False,False,False,True,False,False,False,True,False,False,False,True,False,False,high,35-44,negative
36,0,dress,30,colorado,2,peach,4.7,0,0,0,6,4,True,False,False,False,False,True,False,True,False,False,False,False,False,False,False,False,low,35-44,positive
35,0,jewelry,86,michigan,2,indigo,3.5,0,0,0,5,26,False,False,False,False,True,False,False,False,False,True,False,False,False,False,True,False,high,35-44,neutral
21,0,hat,64,massachusetts,2,white,3.3,0,0,0,29,26,False,False,False,False,False,False,False,False,False,False,True,False,False,False,False,False,medium,18-24,neutral
66,0,skirt,78,connecticut,2,white,3.9,0,0,0,44,4,True,False,False,True,False,False,False,False,False,False,False,False,True,False,False,False,high,65+,neutral
40,0,hoodie,28,virginia,2,turquoise,4.2,0,0,0,32,52,True,False,False,False,True,False,False,False,False,False,False,False,False,False,False,True,low,35-44,positive
52,0,backpack,49,iowa,2,white,4.5,0,0,0,41,26,False,False,False,True,False,False,False,False,False,False,True,False,False,False,False,False,medium,45-54,positive
46,0,belt,33,new jersey,2,green,2.9,0,0,0,24,4,False,False,False,True,False,False,False,False,False,True,False,False,False,False,False,True,low,45-54,negative
44,0,shoes,77,minnesota,0,brown,3.8,0,0,0,24,52,False,True,False,False,True,False,True,False,False,False,False,False,False,False,False,True,high,35-44,neutral
52,0,handbag,81,california,1,beige,3.1,0,0,0,33,4,False,False,False,True,False,False,False,False,False,False,True,False,False,False,False,True,high,45-54,neutral
